2025/06/15 17:41:42 - mmengine - INFO - 
------------------------------------------------------------
System environment:
    sys.platform: linux
    Python: 3.10.8 (main, Nov 24 2022, 14:13:03) [GCC 11.2.0]
    CUDA available: True
    MUSA available: False
    numpy_random_seed: 291162779
    GPU 0: NVIDIA GeForce RTX 3090
    CUDA_HOME: /usr/local/cuda
    NVCC: Cuda compilation tools, release 11.8, V11.8.89
    GCC: gcc (Ubuntu 11.3.0-1ubuntu1~22.04) 11.3.0
    PyTorch: 2.1.2+cu118
    PyTorch compiling details: PyTorch built with:
  - GCC 9.3
  - C++ Version: 201703
  - Intel(R) oneAPI Math Kernel Library Version 2022.2-Product Build 20220804 for Intel(R) 64 architecture applications
  - Intel(R) MKL-DNN v3.1.1 (Git Hash 64f6bcbcbab628e96f33a62c3e975f8535a7bde4)
  - OpenMP 201511 (a.k.a. OpenMP 4.5)
  - LAPACK is enabled (usually provided by MKL)
  - NNPACK is enabled
  - CPU capability usage: AVX512
  - CUDA Runtime 11.8
  - NVCC architecture flags: -gencode;arch=compute_50,code=sm_50;-gencode;arch=compute_60,code=sm_60;-gencode;arch=compute_70,code=sm_70;-gencode;arch=compute_75,code=sm_75;-gencode;arch=compute_80,code=sm_80;-gencode;arch=compute_86,code=sm_86;-gencode;arch=compute_37,code=sm_37;-gencode;arch=compute_90,code=sm_90
  - CuDNN 8.7
  - Magma 2.6.1
  - Build settings: BLAS_INFO=mkl, BUILD_TYPE=Release, CUDA_VERSION=11.8, CUDNN_VERSION=8.7.0, CXX_COMPILER=/opt/rh/devtoolset-9/root/usr/bin/c++, CXX_FLAGS= -D_GLIBCXX_USE_CXX11_ABI=0 -fabi-version=11 -fvisibility-inlines-hidden -DUSE_PTHREADPOOL -DNDEBUG -DUSE_KINETO -DLIBKINETO_NOROCTRACER -DUSE_FBGEMM -DUSE_QNNPACK -DUSE_PYTORCH_QNNPACK -DUSE_XNNPACK -DSYMBOLICATE_MOBILE_DEBUG_HANDLE -O2 -fPIC -Wall -Wextra -Werror=return-type -Werror=non-virtual-dtor -Werror=bool-operation -Wnarrowing -Wno-missing-field-initializers -Wno-type-limits -Wno-array-bounds -Wno-unknown-pragmas -Wno-unused-parameter -Wno-unused-function -Wno-unused-result -Wno-strict-overflow -Wno-strict-aliasing -Wno-stringop-overflow -Wno-psabi -Wno-error=pedantic -Wno-error=old-style-cast -Wno-invalid-partial-specialization -Wno-unused-private-field -Wno-aligned-allocation-unavailable -Wno-missing-braces -fdiagnostics-color=always -faligned-new -Wno-unused-but-set-variable -Wno-maybe-uninitialized -fno-math-errno -fno-trapping-math -Werror=format -Werror=cast-function-type -Wno-stringop-overflow, LAPACK_INFO=mkl, PERF_WITH_AVX=1, PERF_WITH_AVX2=1, PERF_WITH_AVX512=1, TORCH_DISABLE_GPU_ASSERTS=ON, TORCH_VERSION=2.1.2, USE_CUDA=ON, USE_CUDNN=ON, USE_EXCEPTION_PTR=1, USE_GFLAGS=OFF, USE_GLOG=OFF, USE_MKL=ON, USE_MKLDNN=ON, USE_MPI=OFF, USE_NCCL=1, USE_NNPACK=ON, USE_OPENMP=ON, USE_ROCM=OFF, 

    TorchVision: 0.16.2+cu118
    OpenCV: 4.11.0
    MMEngine: 0.10.7

Runtime environment:
    cudnn_benchmark: True
    mp_cfg: {'mp_start_method': 'fork', 'opencv_num_threads': 0}
    dist_cfg: {'backend': 'nccl'}
    seed: 291162779
    Distributed launcher: none
    Distributed training: False
    GPU number: 1
------------------------------------------------------------

2025/06/15 17:41:42 - mmengine - INFO - Config:
bs_ratio = 2
crop_size = (
    512,
    512,
)
custom_imports = dict(
    allow_failed_imports=False,
    imports=[
        'my_mmseg.models.decode_heads.unet_head',
        'configs._base_.datasets.register',
        'configs._base_.datasets.transforms.map_255_to_1',
    ])
data_preprocessor = dict(
    bgr_to_rgb=True,
    mean=[
        123.675,
        116.28,
        103.53,
    ],
    pad_val=0,
    seg_pad_val=255,
    size=(
        512,
        512,
    ),
    std=[
        58.395,
        57.12,
        57.375,
    ],
    type='SegDataPreProcessor')
data_root = '/tmp/SegMambaV1.0/seg/data/kvasir-seg-jpg/Kvasir-SEG'
dataset_type = 'KvasirDataset'
default_hooks = dict(
    checkpoint=dict(by_epoch=False, interval=8000, type='CheckpointHook'),
    logger=dict(interval=50, log_metric_by_epoch=False, type='LoggerHook'),
    param_scheduler=dict(type='ParamSchedulerHook'),
    sampler_seed=dict(type='DistSamplerSeedHook'),
    timer=dict(type='IterTimerHook'),
    visualization=dict(type='SegVisualizationHook'))
default_scope = 'mmseg'
env_cfg = dict(
    cudnn_benchmark=True,
    dist_cfg=dict(backend='nccl'),
    mp_cfg=dict(mp_start_method='fork', opencv_num_threads=0))
launcher = 'none'
load_from = None
log_level = 'INFO'
log_processor = dict(by_epoch=False)
max_iters = 80000
model = dict(
    auxiliary_head=dict(
        align_corners=True,
        channels=128,
        dropout_ratio=0.1,
        in_channels=376,
        in_index=1,
        loss_decode=dict(
            loss_weight=0.4, type='CrossEntropyLoss', use_sigmoid=False),
        norm_cfg=dict(requires_grad=True, type='SyncBN'),
        num_classes=2,
        num_convs=1,
        type='UNetHead'),
    backbone=dict(
        depth=[
            2,
            3,
            2,
        ],
        distillation=False,
        down_ops=[
            [
                'subsample',
                2,
            ],
            [
                'subsample',
                2,
            ],
            [
                '',
            ],
        ],
        drop_path=0.03,
        embed_dim=[
            200,
            376,
            448,
        ],
        forward_type='v052d',
        frozen_stages=-1,
        global_ratio=[
            0.8,
            0.7,
            0.6,
        ],
        img_size=224,
        in_chans=3,
        kernels=[
            7,
            5,
            3,
        ],
        local_ratio=[
            0.2,
            0.2,
            0.3,
        ],
        norm_eval=False,
        num_classes=80,
        out_indices=(
            1,
            2,
            3,
        ),
        pretrained='../weights/MobileMamba_B4/mobilemamba_b4.pth',
        ssm_ratio=2,
        stages=[
            's',
            's',
            's',
        ],
        sync_bn=False,
        type='MobileMamba'),
    data_preprocessor=dict(
        bgr_to_rgb=True,
        mean=[
            123.675,
            116.28,
            103.53,
        ],
        pad_val=0,
        seg_pad_val=255,
        size=(
            512,
            512,
        ),
        std=[
            58.395,
            57.12,
            57.375,
        ],
        type='SegDataPreProcessor'),
    decode_head=dict(
        align_corners=True,
        channels=256,
        dilations=(
            1,
            6,
        ),
        dropout_ratio=0.1,
        in_channels=448,
        in_index=2,
        loss_decode=dict(
            loss_weight=1.0, type='CrossEntropyLoss', use_sigmoid=False),
        norm_cfg=dict(requires_grad=True, type='SyncBN'),
        num_classes=2,
        num_convs=2,
        type='UNetHead'),
    pretrained=None,
    test_cfg=dict(mode='whole'),
    train_cfg=dict(),
    type='EncoderDecoder')
norm_cfg = dict(requires_grad=True, type='SyncBN')
optim_wrapper = dict(
    clip_grad=dict(max_norm=0.1, norm_type=2),
    optimizer=dict(
        betas=(
            0.9,
            0.999,
        ), lr=0.00012, type='AdamW', weight_decay=0.05),
    paramwise_cfg=dict(
        custom_keys=dict(
            absolute_pos_embed=dict(decay_mult=0.0),
            norm=dict(decay_mult=0.0),
            relative_position_bias_table=dict(decay_mult=0.0))),
    type='OptimWrapper')
optimizer = dict(lr=0.01, momentum=0.9, type='SGD', weight_decay=0.0005)
param_scheduler = [
    dict(
        begin=0, by_epoch=False, end=500, start_factor=1e-05, type='LinearLR'),
    dict(
        T_max=40000,
        begin=40000,
        by_epoch=False,
        end=80000,
        eta_min=0,
        type='CosineAnnealingLR'),
]
ratio = 1
resume = False
test_cfg = dict(type='TestLoop')
test_dataloader = dict(
    batch_size=1,
    dataset=dict(
        data_prefix=dict(img_path='images', seg_map_path='masks'),
        data_root='/tmp/SegMambaV1.0/seg/data/kvasir-seg-jpg/Kvasir-SEG',
        pipeline=[
            dict(type='LoadImageFromFile'),
            dict(keep_ratio=False, scale=(
                512,
                512,
            ), type='Resize'),
            dict(imdecode_backend='pillow', type='LoadAnnotations'),
            dict(type='Map255To1'),
            dict(type='PackSegInputs'),
        ],
        type='KvasirDataset'),
    num_workers=2,
    persistent_workers=True,
    sampler=dict(shuffle=False, type='DefaultSampler'))
test_evaluator = dict(
    iou_metrics=[
        'mIoU',
    ], type='IoUMetric')
test_pipeline = [
    dict(type='LoadImageFromFile'),
    dict(keep_ratio=False, scale=(
        512,
        512,
    ), type='Resize'),
    dict(imdecode_backend='pillow', type='LoadAnnotations'),
    dict(type='Map255To1'),
    dict(type='PackSegInputs'),
]
train_cfg = dict(max_iters=80000, type='IterBasedTrainLoop', val_interval=8000)
train_dataloader = dict(
    batch_size=4,
    dataset=dict(
        data_prefix=dict(img_path='images', seg_map_path='masks'),
        data_root='/tmp/SegMambaV1.0/seg/data/kvasir-seg-jpg/Kvasir-SEG',
        pipeline=[
            dict(type='LoadImageFromFile'),
            dict(imdecode_backend='pillow', type='LoadAnnotations'),
            dict(type='Map255To1'),
            dict(
                keep_ratio=True,
                ratio_range=(
                    0.5,
                    2.0,
                ),
                scale=(
                    512,
                    512,
                ),
                type='RandomResize'),
            dict(
                cat_max_ratio=0.75, crop_size=(
                    512,
                    512,
                ), type='RandomCrop'),
            dict(keep_ratio=False, scale=(
                512,
                512,
            ), type='Resize'),
            dict(prob=0.5, type='RandomFlip'),
            dict(type='PhotoMetricDistortion'),
            dict(type='PackSegInputs'),
        ],
        type='KvasirDataset'),
    num_workers=4,
    persistent_workers=True,
    sampler=dict(shuffle=True, type='InfiniteSampler'))
train_pipeline = [
    dict(type='LoadImageFromFile'),
    dict(imdecode_backend='pillow', type='LoadAnnotations'),
    dict(type='Map255To1'),
    dict(
        keep_ratio=True,
        ratio_range=(
            0.5,
            2.0,
        ),
        scale=(
            512,
            512,
        ),
        type='RandomResize'),
    dict(cat_max_ratio=0.75, crop_size=(
        512,
        512,
    ), type='RandomCrop'),
    dict(keep_ratio=False, scale=(
        512,
        512,
    ), type='Resize'),
    dict(prob=0.5, type='RandomFlip'),
    dict(type='PhotoMetricDistortion'),
    dict(type='PackSegInputs'),
]
tta_model = dict(type='SegTTAModel')
val_cfg = dict(type='ValLoop')
val_dataloader = dict(
    batch_size=1,
    dataset=dict(
        data_prefix=dict(img_path='images', seg_map_path='masks'),
        data_root='/tmp/SegMambaV1.0/seg/data/kvasir-seg-jpg/Kvasir-SEG',
        pipeline=[
            dict(type='LoadImageFromFile'),
            dict(keep_ratio=False, scale=(
                512,
                512,
            ), type='Resize'),
            dict(imdecode_backend='pillow', type='LoadAnnotations'),
            dict(type='Map255To1'),
            dict(type='PackSegInputs'),
        ],
        type='KvasirDataset'),
    num_workers=2,
    persistent_workers=True,
    sampler=dict(shuffle=False, type='DefaultSampler'))
val_evaluator = dict(
    iou_metrics=[
        'mIoU',
    ], type='IoUMetric')
vis_backends = [
    dict(type='LocalVisBackend'),
]
visualizer = dict(
    name='visualizer',
    type='SegLocalVisualizer',
    vis_backends=[
        dict(type='LocalVisBackend'),
    ])
work_dir = './work_dirs/U-Net_MobileMamba'

2025/06/15 17:41:43 - mmengine - INFO - Distributed training is not used, all SyncBatchNorm (SyncBN) layers in the model will be automatically reverted to BatchNormXd layers if they are used.
2025/06/15 17:41:43 - mmengine - INFO - Hooks will be executed in the following order:
before_run:
(VERY_HIGH   ) RuntimeInfoHook                    
(BELOW_NORMAL) LoggerHook                         
 -------------------- 
before_train:
(VERY_HIGH   ) RuntimeInfoHook                    
(NORMAL      ) IterTimerHook                      
(VERY_LOW    ) CheckpointHook                     
 -------------------- 
before_train_epoch:
(VERY_HIGH   ) RuntimeInfoHook                    
(NORMAL      ) IterTimerHook                      
(NORMAL      ) DistSamplerSeedHook                
 -------------------- 
before_train_iter:
(VERY_HIGH   ) RuntimeInfoHook                    
(NORMAL      ) IterTimerHook                      
 -------------------- 
after_train_iter:
(VERY_HIGH   ) RuntimeInfoHook                    
(NORMAL      ) IterTimerHook                      
(NORMAL      ) SegVisualizationHook               
(BELOW_NORMAL) LoggerHook                         
(LOW         ) ParamSchedulerHook                 
(VERY_LOW    ) CheckpointHook                     
 -------------------- 
after_train_epoch:
(NORMAL      ) IterTimerHook                      
(LOW         ) ParamSchedulerHook                 
(VERY_LOW    ) CheckpointHook                     
 -------------------- 
before_val:
(VERY_HIGH   ) RuntimeInfoHook                    
 -------------------- 
before_val_epoch:
(NORMAL      ) IterTimerHook                      
 -------------------- 
before_val_iter:
(NORMAL      ) IterTimerHook                      
 -------------------- 
after_val_iter:
(NORMAL      ) IterTimerHook                      
(NORMAL      ) SegVisualizationHook               
(BELOW_NORMAL) LoggerHook                         
 -------------------- 
after_val_epoch:
(VERY_HIGH   ) RuntimeInfoHook                    
(NORMAL      ) IterTimerHook                      
(BELOW_NORMAL) LoggerHook                         
(LOW         ) ParamSchedulerHook                 
(VERY_LOW    ) CheckpointHook                     
 -------------------- 
after_val:
(VERY_HIGH   ) RuntimeInfoHook                    
 -------------------- 
after_train:
(VERY_HIGH   ) RuntimeInfoHook                    
(VERY_LOW    ) CheckpointHook                     
 -------------------- 
before_test:
(VERY_HIGH   ) RuntimeInfoHook                    
 -------------------- 
before_test_epoch:
(NORMAL      ) IterTimerHook                      
 -------------------- 
before_test_iter:
(NORMAL      ) IterTimerHook                      
 -------------------- 
after_test_iter:
(NORMAL      ) IterTimerHook                      
(NORMAL      ) SegVisualizationHook               
(BELOW_NORMAL) LoggerHook                         
 -------------------- 
after_test_epoch:
(VERY_HIGH   ) RuntimeInfoHook                    
(NORMAL      ) IterTimerHook                      
(BELOW_NORMAL) LoggerHook                         
 -------------------- 
after_test:
(VERY_HIGH   ) RuntimeInfoHook                    
 -------------------- 
after_run:
(BELOW_NORMAL) LoggerHook                         
 -------------------- 
2025/06/15 17:41:43 - mmengine - WARNING - backbone.blocks1.0.mixer.m.attn.global_op.wt_filter is skipped since its requires_grad=False
2025/06/15 17:41:43 - mmengine - WARNING - backbone.blocks1.0.mixer.m.attn.global_op.iwt_filter is skipped since its requires_grad=False
2025/06/15 17:41:43 - mmengine - INFO - paramwise_options -- backbone.blocks1.0.mixer.m.attn.global_op.global_atten.original_ss2d.out_norm.weight:lr=0.00012
2025/06/15 17:41:43 - mmengine - INFO - paramwise_options -- backbone.blocks1.0.mixer.m.attn.global_op.global_atten.original_ss2d.out_norm.weight:weight_decay=0.0
2025/06/15 17:41:43 - mmengine - INFO - paramwise_options -- backbone.blocks1.0.mixer.m.attn.global_op.global_atten.original_ss2d.out_norm.weight:decay_mult=0.0
2025/06/15 17:41:43 - mmengine - INFO - paramwise_options -- backbone.blocks1.0.mixer.m.attn.global_op.global_atten.original_ss2d.out_norm.bias:lr=0.00012
2025/06/15 17:41:43 - mmengine - INFO - paramwise_options -- backbone.blocks1.0.mixer.m.attn.global_op.global_atten.original_ss2d.out_norm.bias:weight_decay=0.0
2025/06/15 17:41:43 - mmengine - INFO - paramwise_options -- backbone.blocks1.0.mixer.m.attn.global_op.global_atten.original_ss2d.out_norm.bias:decay_mult=0.0
2025/06/15 17:41:43 - mmengine - WARNING - backbone.blocks1.1.mixer.m.attn.global_op.wt_filter is skipped since its requires_grad=False
2025/06/15 17:41:43 - mmengine - WARNING - backbone.blocks1.1.mixer.m.attn.global_op.iwt_filter is skipped since its requires_grad=False
2025/06/15 17:41:43 - mmengine - INFO - paramwise_options -- backbone.blocks1.1.mixer.m.attn.global_op.global_atten.original_ss2d.out_norm.weight:lr=0.00012
2025/06/15 17:41:43 - mmengine - INFO - paramwise_options -- backbone.blocks1.1.mixer.m.attn.global_op.global_atten.original_ss2d.out_norm.weight:weight_decay=0.0
2025/06/15 17:41:43 - mmengine - INFO - paramwise_options -- backbone.blocks1.1.mixer.m.attn.global_op.global_atten.original_ss2d.out_norm.weight:decay_mult=0.0
2025/06/15 17:41:43 - mmengine - INFO - paramwise_options -- backbone.blocks1.1.mixer.m.attn.global_op.global_atten.original_ss2d.out_norm.bias:lr=0.00012
2025/06/15 17:41:43 - mmengine - INFO - paramwise_options -- backbone.blocks1.1.mixer.m.attn.global_op.global_atten.original_ss2d.out_norm.bias:weight_decay=0.0
2025/06/15 17:41:43 - mmengine - INFO - paramwise_options -- backbone.blocks1.1.mixer.m.attn.global_op.global_atten.original_ss2d.out_norm.bias:decay_mult=0.0
2025/06/15 17:41:43 - mmengine - WARNING - backbone.blocks2.3.mixer.m.attn.global_op.wt_filter is skipped since its requires_grad=False
2025/06/15 17:41:43 - mmengine - WARNING - backbone.blocks2.3.mixer.m.attn.global_op.iwt_filter is skipped since its requires_grad=False
2025/06/15 17:41:43 - mmengine - INFO - paramwise_options -- backbone.blocks2.3.mixer.m.attn.global_op.global_atten.original_ss2d.out_norm.weight:lr=0.00012
2025/06/15 17:41:43 - mmengine - INFO - paramwise_options -- backbone.blocks2.3.mixer.m.attn.global_op.global_atten.original_ss2d.out_norm.weight:weight_decay=0.0
2025/06/15 17:41:43 - mmengine - INFO - paramwise_options -- backbone.blocks2.3.mixer.m.attn.global_op.global_atten.original_ss2d.out_norm.weight:decay_mult=0.0
2025/06/15 17:41:43 - mmengine - INFO - paramwise_options -- backbone.blocks2.3.mixer.m.attn.global_op.global_atten.original_ss2d.out_norm.bias:lr=0.00012
2025/06/15 17:41:43 - mmengine - INFO - paramwise_options -- backbone.blocks2.3.mixer.m.attn.global_op.global_atten.original_ss2d.out_norm.bias:weight_decay=0.0
2025/06/15 17:41:43 - mmengine - INFO - paramwise_options -- backbone.blocks2.3.mixer.m.attn.global_op.global_atten.original_ss2d.out_norm.bias:decay_mult=0.0
2025/06/15 17:41:43 - mmengine - WARNING - backbone.blocks2.4.mixer.m.attn.global_op.wt_filter is skipped since its requires_grad=False
2025/06/15 17:41:43 - mmengine - WARNING - backbone.blocks2.4.mixer.m.attn.global_op.iwt_filter is skipped since its requires_grad=False
2025/06/15 17:41:43 - mmengine - INFO - paramwise_options -- backbone.blocks2.4.mixer.m.attn.global_op.global_atten.original_ss2d.out_norm.weight:lr=0.00012
2025/06/15 17:41:43 - mmengine - INFO - paramwise_options -- backbone.blocks2.4.mixer.m.attn.global_op.global_atten.original_ss2d.out_norm.weight:weight_decay=0.0
2025/06/15 17:41:43 - mmengine - INFO - paramwise_options -- backbone.blocks2.4.mixer.m.attn.global_op.global_atten.original_ss2d.out_norm.weight:decay_mult=0.0
2025/06/15 17:41:43 - mmengine - INFO - paramwise_options -- backbone.blocks2.4.mixer.m.attn.global_op.global_atten.original_ss2d.out_norm.bias:lr=0.00012
2025/06/15 17:41:43 - mmengine - INFO - paramwise_options -- backbone.blocks2.4.mixer.m.attn.global_op.global_atten.original_ss2d.out_norm.bias:weight_decay=0.0
2025/06/15 17:41:43 - mmengine - INFO - paramwise_options -- backbone.blocks2.4.mixer.m.attn.global_op.global_atten.original_ss2d.out_norm.bias:decay_mult=0.0
2025/06/15 17:41:43 - mmengine - WARNING - backbone.blocks2.5.mixer.m.attn.global_op.wt_filter is skipped since its requires_grad=False
2025/06/15 17:41:43 - mmengine - WARNING - backbone.blocks2.5.mixer.m.attn.global_op.iwt_filter is skipped since its requires_grad=False
2025/06/15 17:41:43 - mmengine - INFO - paramwise_options -- backbone.blocks2.5.mixer.m.attn.global_op.global_atten.original_ss2d.out_norm.weight:lr=0.00012
2025/06/15 17:41:43 - mmengine - INFO - paramwise_options -- backbone.blocks2.5.mixer.m.attn.global_op.global_atten.original_ss2d.out_norm.weight:weight_decay=0.0
2025/06/15 17:41:43 - mmengine - INFO - paramwise_options -- backbone.blocks2.5.mixer.m.attn.global_op.global_atten.original_ss2d.out_norm.weight:decay_mult=0.0
2025/06/15 17:41:43 - mmengine - INFO - paramwise_options -- backbone.blocks2.5.mixer.m.attn.global_op.global_atten.original_ss2d.out_norm.bias:lr=0.00012
2025/06/15 17:41:43 - mmengine - INFO - paramwise_options -- backbone.blocks2.5.mixer.m.attn.global_op.global_atten.original_ss2d.out_norm.bias:weight_decay=0.0
2025/06/15 17:41:43 - mmengine - INFO - paramwise_options -- backbone.blocks2.5.mixer.m.attn.global_op.global_atten.original_ss2d.out_norm.bias:decay_mult=0.0
2025/06/15 17:41:43 - mmengine - WARNING - backbone.blocks3.3.mixer.m.attn.global_op.wt_filter is skipped since its requires_grad=False
2025/06/15 17:41:43 - mmengine - WARNING - backbone.blocks3.3.mixer.m.attn.global_op.iwt_filter is skipped since its requires_grad=False
2025/06/15 17:41:43 - mmengine - INFO - paramwise_options -- backbone.blocks3.3.mixer.m.attn.global_op.global_atten.original_ss2d.out_norm.weight:lr=0.00012
2025/06/15 17:41:43 - mmengine - INFO - paramwise_options -- backbone.blocks3.3.mixer.m.attn.global_op.global_atten.original_ss2d.out_norm.weight:weight_decay=0.0
2025/06/15 17:41:43 - mmengine - INFO - paramwise_options -- backbone.blocks3.3.mixer.m.attn.global_op.global_atten.original_ss2d.out_norm.weight:decay_mult=0.0
2025/06/15 17:41:43 - mmengine - INFO - paramwise_options -- backbone.blocks3.3.mixer.m.attn.global_op.global_atten.original_ss2d.out_norm.bias:lr=0.00012
2025/06/15 17:41:43 - mmengine - INFO - paramwise_options -- backbone.blocks3.3.mixer.m.attn.global_op.global_atten.original_ss2d.out_norm.bias:weight_decay=0.0
2025/06/15 17:41:43 - mmengine - INFO - paramwise_options -- backbone.blocks3.3.mixer.m.attn.global_op.global_atten.original_ss2d.out_norm.bias:decay_mult=0.0
2025/06/15 17:41:43 - mmengine - WARNING - backbone.blocks3.4.mixer.m.attn.global_op.wt_filter is skipped since its requires_grad=False
2025/06/15 17:41:43 - mmengine - WARNING - backbone.blocks3.4.mixer.m.attn.global_op.iwt_filter is skipped since its requires_grad=False
2025/06/15 17:41:43 - mmengine - INFO - paramwise_options -- backbone.blocks3.4.mixer.m.attn.global_op.global_atten.original_ss2d.out_norm.weight:lr=0.00012
2025/06/15 17:41:43 - mmengine - INFO - paramwise_options -- backbone.blocks3.4.mixer.m.attn.global_op.global_atten.original_ss2d.out_norm.weight:weight_decay=0.0
2025/06/15 17:41:43 - mmengine - INFO - paramwise_options -- backbone.blocks3.4.mixer.m.attn.global_op.global_atten.original_ss2d.out_norm.weight:decay_mult=0.0
2025/06/15 17:41:43 - mmengine - INFO - paramwise_options -- backbone.blocks3.4.mixer.m.attn.global_op.global_atten.original_ss2d.out_norm.bias:lr=0.00012
2025/06/15 17:41:43 - mmengine - INFO - paramwise_options -- backbone.blocks3.4.mixer.m.attn.global_op.global_atten.original_ss2d.out_norm.bias:weight_decay=0.0
2025/06/15 17:41:43 - mmengine - INFO - paramwise_options -- backbone.blocks3.4.mixer.m.attn.global_op.global_atten.original_ss2d.out_norm.bias:decay_mult=0.0
2025/06/15 17:41:43 - mmengine - WARNING - The prefix is not set in metric class IoUMetric.
Name of parameter - Initialization information

backbone.patch_embed.0.c.weight - torch.Size([25, 3, 3, 3]): 
The value is the same before and after calling `init_weights` of EncoderDecoder  

backbone.patch_embed.0.bn.weight - torch.Size([25]): 
The value is the same before and after calling `init_weights` of EncoderDecoder  

backbone.patch_embed.0.bn.bias - torch.Size([25]): 
The value is the same before and after calling `init_weights` of EncoderDecoder  

backbone.patch_embed.2.c.weight - torch.Size([50, 25, 3, 3]): 
The value is the same before and after calling `init_weights` of EncoderDecoder  

backbone.patch_embed.2.bn.weight - torch.Size([50]): 
The value is the same before and after calling `init_weights` of EncoderDecoder  

backbone.patch_embed.2.bn.bias - torch.Size([50]): 
The value is the same before and after calling `init_weights` of EncoderDecoder  

backbone.patch_embed.3.c.weight - torch.Size([100, 50, 3, 3]): 
The value is the same before and after calling `init_weights` of EncoderDecoder  

backbone.patch_embed.3.bn.weight - torch.Size([100]): 
The value is the same before and after calling `init_weights` of EncoderDecoder  

backbone.patch_embed.3.bn.bias - torch.Size([100]): 
The value is the same before and after calling `init_weights` of EncoderDecoder  

backbone.patch_embed.4.c.weight - torch.Size([200, 100, 3, 3]): 
The value is the same before and after calling `init_weights` of EncoderDecoder  

backbone.patch_embed.4.bn.weight - torch.Size([200]): 
The value is the same before and after calling `init_weights` of EncoderDecoder  

backbone.patch_embed.4.bn.bias - torch.Size([200]): 
The value is the same before and after calling `init_weights` of EncoderDecoder  

backbone.blocks1.0.dw0.m.c.weight - torch.Size([200, 1, 3, 3]): 
The value is the same before and after calling `init_weights` of EncoderDecoder  

backbone.blocks1.0.dw0.m.bn.weight - torch.Size([200]): 
The value is the same before and after calling `init_weights` of EncoderDecoder  

backbone.blocks1.0.dw0.m.bn.bias - torch.Size([200]): 
The value is the same before and after calling `init_weights` of EncoderDecoder  

backbone.blocks1.0.ffn0.m.pw1.c.weight - torch.Size([400, 200, 1, 1]): 
The value is the same before and after calling `init_weights` of EncoderDecoder  

backbone.blocks1.0.ffn0.m.pw1.bn.weight - torch.Size([400]): 
The value is the same before and after calling `init_weights` of EncoderDecoder  

backbone.blocks1.0.ffn0.m.pw1.bn.bias - torch.Size([400]): 
The value is the same before and after calling `init_weights` of EncoderDecoder  

backbone.blocks1.0.ffn0.m.pw2.c.weight - torch.Size([200, 400, 1, 1]): 
The value is the same before and after calling `init_weights` of EncoderDecoder  

backbone.blocks1.0.ffn0.m.pw2.bn.weight - torch.Size([200]): 
The value is the same before and after calling `init_weights` of EncoderDecoder  

backbone.blocks1.0.ffn0.m.pw2.bn.bias - torch.Size([200]): 
The value is the same before and after calling `init_weights` of EncoderDecoder  

backbone.blocks1.0.mixer.m.attn.local_op.dwconv3x3.weight - torch.Size([40, 1, 7, 7]): 
The value is the same before and after calling `init_weights` of EncoderDecoder  

backbone.blocks1.0.mixer.m.attn.local_op.bn1.weight - torch.Size([40]): 
The value is the same before and after calling `init_weights` of EncoderDecoder  

backbone.blocks1.0.mixer.m.attn.local_op.bn1.bias - torch.Size([40]): 
The value is the same before and after calling `init_weights` of EncoderDecoder  

backbone.blocks1.0.mixer.m.attn.local_op.dwconv1x1.weight - torch.Size([40, 1, 1, 1]): 
The value is the same before and after calling `init_weights` of EncoderDecoder  

backbone.blocks1.0.mixer.m.attn.local_op.bn2.weight - torch.Size([40]): 
The value is the same before and after calling `init_weights` of EncoderDecoder  

backbone.blocks1.0.mixer.m.attn.local_op.bn2.bias - torch.Size([40]): 
The value is the same before and after calling `init_weights` of EncoderDecoder  

backbone.blocks1.0.mixer.m.attn.global_op.wt_filter - torch.Size([640, 1, 2, 2]): 
The value is the same before and after calling `init_weights` of EncoderDecoder  

backbone.blocks1.0.mixer.m.attn.global_op.iwt_filter - torch.Size([640, 1, 2, 2]): 
The value is the same before and after calling `init_weights` of EncoderDecoder  

backbone.blocks1.0.mixer.m.attn.global_op.global_atten.original_ss2d.x_proj_weight - torch.Size([2, 12, 320]): 
The value is the same before and after calling `init_weights` of EncoderDecoder  

backbone.blocks1.0.mixer.m.attn.global_op.global_atten.original_ss2d.Ds - torch.Size([640]): 
The value is the same before and after calling `init_weights` of EncoderDecoder  

backbone.blocks1.0.mixer.m.attn.global_op.global_atten.original_ss2d.A_logs - torch.Size([640, 1]): 
The value is the same before and after calling `init_weights` of EncoderDecoder  

backbone.blocks1.0.mixer.m.attn.global_op.global_atten.original_ss2d.dt_projs_weight - torch.Size([2, 320, 10]): 
The value is the same before and after calling `init_weights` of EncoderDecoder  

backbone.blocks1.0.mixer.m.attn.global_op.global_atten.original_ss2d.dt_projs_bias - torch.Size([2, 320]): 
The value is the same before and after calling `init_weights` of EncoderDecoder  

backbone.blocks1.0.mixer.m.attn.global_op.global_atten.original_ss2d.out_norm.weight - torch.Size([320]): 
The value is the same before and after calling `init_weights` of EncoderDecoder  

backbone.blocks1.0.mixer.m.attn.global_op.global_atten.original_ss2d.out_norm.bias - torch.Size([320]): 
The value is the same before and after calling `init_weights` of EncoderDecoder  

backbone.blocks1.0.mixer.m.attn.global_op.global_atten.original_ss2d.in_proj.c.weight - torch.Size([640, 160, 1, 1]): 
The value is the same before and after calling `init_weights` of EncoderDecoder  

backbone.blocks1.0.mixer.m.attn.global_op.global_atten.original_ss2d.in_proj.bn.weight - torch.Size([640]): 
The value is the same before and after calling `init_weights` of EncoderDecoder  

backbone.blocks1.0.mixer.m.attn.global_op.global_atten.original_ss2d.in_proj.bn.bias - torch.Size([640]): 
The value is the same before and after calling `init_weights` of EncoderDecoder  

backbone.blocks1.0.mixer.m.attn.global_op.global_atten.original_ss2d.conv2d.weight - torch.Size([320, 1, 3, 3]): 
The value is the same before and after calling `init_weights` of EncoderDecoder  

backbone.blocks1.0.mixer.m.attn.global_op.global_atten.original_ss2d.conv2d.bias - torch.Size([320]): 
The value is the same before and after calling `init_weights` of EncoderDecoder  

backbone.blocks1.0.mixer.m.attn.global_op.global_atten.original_ss2d.out_proj.c.weight - torch.Size([160, 320, 1, 1]): 
The value is the same before and after calling `init_weights` of EncoderDecoder  

backbone.blocks1.0.mixer.m.attn.global_op.global_atten.original_ss2d.out_proj.bn.weight - torch.Size([160]): 
The value is the same before and after calling `init_weights` of EncoderDecoder  

backbone.blocks1.0.mixer.m.attn.global_op.global_atten.original_ss2d.out_proj.bn.bias - torch.Size([160]): 
The value is the same before and after calling `init_weights` of EncoderDecoder  

backbone.blocks1.0.mixer.m.attn.global_op.base_scale.weight - torch.Size([1, 160, 1, 1]): 
The value is the same before and after calling `init_weights` of EncoderDecoder  

backbone.blocks1.0.mixer.m.attn.global_op.wavelet_convs.0.weight - torch.Size([640, 1, 7, 7]): 
The value is the same before and after calling `init_weights` of EncoderDecoder  

backbone.blocks1.0.mixer.m.attn.global_op.wavelet_scale.0.weight - torch.Size([1, 640, 1, 1]): 
The value is the same before and after calling `init_weights` of EncoderDecoder  

backbone.blocks1.0.mixer.m.attn.proj.1.c.weight - torch.Size([200, 200, 1, 1]): 
The value is the same before and after calling `init_weights` of EncoderDecoder  

backbone.blocks1.0.mixer.m.attn.proj.1.bn.weight - torch.Size([200]): 
The value is the same before and after calling `init_weights` of EncoderDecoder  

backbone.blocks1.0.mixer.m.attn.proj.1.bn.bias - torch.Size([200]): 
The value is the same before and after calling `init_weights` of EncoderDecoder  

backbone.blocks1.0.dw1.m.c.weight - torch.Size([200, 1, 3, 3]): 
The value is the same before and after calling `init_weights` of EncoderDecoder  

backbone.blocks1.0.dw1.m.bn.weight - torch.Size([200]): 
The value is the same before and after calling `init_weights` of EncoderDecoder  

backbone.blocks1.0.dw1.m.bn.bias - torch.Size([200]): 
The value is the same before and after calling `init_weights` of EncoderDecoder  

backbone.blocks1.0.ffn1.m.pw1.c.weight - torch.Size([400, 200, 1, 1]): 
The value is the same before and after calling `init_weights` of EncoderDecoder  

backbone.blocks1.0.ffn1.m.pw1.bn.weight - torch.Size([400]): 
The value is the same before and after calling `init_weights` of EncoderDecoder  

backbone.blocks1.0.ffn1.m.pw1.bn.bias - torch.Size([400]): 
The value is the same before and after calling `init_weights` of EncoderDecoder  

backbone.blocks1.0.ffn1.m.pw2.c.weight - torch.Size([200, 400, 1, 1]): 
The value is the same before and after calling `init_weights` of EncoderDecoder  

backbone.blocks1.0.ffn1.m.pw2.bn.weight - torch.Size([200]): 
The value is the same before and after calling `init_weights` of EncoderDecoder  

backbone.blocks1.0.ffn1.m.pw2.bn.bias - torch.Size([200]): 
The value is the same before and after calling `init_weights` of EncoderDecoder  

backbone.blocks1.1.dw0.m.c.weight - torch.Size([200, 1, 3, 3]): 
The value is the same before and after calling `init_weights` of EncoderDecoder  

backbone.blocks1.1.dw0.m.bn.weight - torch.Size([200]): 
The value is the same before and after calling `init_weights` of EncoderDecoder  

backbone.blocks1.1.dw0.m.bn.bias - torch.Size([200]): 
The value is the same before and after calling `init_weights` of EncoderDecoder  

backbone.blocks1.1.ffn0.m.pw1.c.weight - torch.Size([400, 200, 1, 1]): 
The value is the same before and after calling `init_weights` of EncoderDecoder  

backbone.blocks1.1.ffn0.m.pw1.bn.weight - torch.Size([400]): 
The value is the same before and after calling `init_weights` of EncoderDecoder  

backbone.blocks1.1.ffn0.m.pw1.bn.bias - torch.Size([400]): 
The value is the same before and after calling `init_weights` of EncoderDecoder  

backbone.blocks1.1.ffn0.m.pw2.c.weight - torch.Size([200, 400, 1, 1]): 
The value is the same before and after calling `init_weights` of EncoderDecoder  

backbone.blocks1.1.ffn0.m.pw2.bn.weight - torch.Size([200]): 
The value is the same before and after calling `init_weights` of EncoderDecoder  

backbone.blocks1.1.ffn0.m.pw2.bn.bias - torch.Size([200]): 
The value is the same before and after calling `init_weights` of EncoderDecoder  

backbone.blocks1.1.mixer.m.attn.local_op.dwconv3x3.weight - torch.Size([40, 1, 7, 7]): 
The value is the same before and after calling `init_weights` of EncoderDecoder  

backbone.blocks1.1.mixer.m.attn.local_op.bn1.weight - torch.Size([40]): 
The value is the same before and after calling `init_weights` of EncoderDecoder  

backbone.blocks1.1.mixer.m.attn.local_op.bn1.bias - torch.Size([40]): 
The value is the same before and after calling `init_weights` of EncoderDecoder  

backbone.blocks1.1.mixer.m.attn.local_op.dwconv1x1.weight - torch.Size([40, 1, 1, 1]): 
The value is the same before and after calling `init_weights` of EncoderDecoder  

backbone.blocks1.1.mixer.m.attn.local_op.bn2.weight - torch.Size([40]): 
The value is the same before and after calling `init_weights` of EncoderDecoder  

backbone.blocks1.1.mixer.m.attn.local_op.bn2.bias - torch.Size([40]): 
The value is the same before and after calling `init_weights` of EncoderDecoder  

backbone.blocks1.1.mixer.m.attn.global_op.wt_filter - torch.Size([640, 1, 2, 2]): 
The value is the same before and after calling `init_weights` of EncoderDecoder  

backbone.blocks1.1.mixer.m.attn.global_op.iwt_filter - torch.Size([640, 1, 2, 2]): 
The value is the same before and after calling `init_weights` of EncoderDecoder  

backbone.blocks1.1.mixer.m.attn.global_op.global_atten.original_ss2d.x_proj_weight - torch.Size([2, 12, 320]): 
The value is the same before and after calling `init_weights` of EncoderDecoder  

backbone.blocks1.1.mixer.m.attn.global_op.global_atten.original_ss2d.Ds - torch.Size([640]): 
The value is the same before and after calling `init_weights` of EncoderDecoder  

backbone.blocks1.1.mixer.m.attn.global_op.global_atten.original_ss2d.A_logs - torch.Size([640, 1]): 
The value is the same before and after calling `init_weights` of EncoderDecoder  

backbone.blocks1.1.mixer.m.attn.global_op.global_atten.original_ss2d.dt_projs_weight - torch.Size([2, 320, 10]): 
The value is the same before and after calling `init_weights` of EncoderDecoder  

backbone.blocks1.1.mixer.m.attn.global_op.global_atten.original_ss2d.dt_projs_bias - torch.Size([2, 320]): 
The value is the same before and after calling `init_weights` of EncoderDecoder  

backbone.blocks1.1.mixer.m.attn.global_op.global_atten.original_ss2d.out_norm.weight - torch.Size([320]): 
The value is the same before and after calling `init_weights` of EncoderDecoder  

backbone.blocks1.1.mixer.m.attn.global_op.global_atten.original_ss2d.out_norm.bias - torch.Size([320]): 
The value is the same before and after calling `init_weights` of EncoderDecoder  

backbone.blocks1.1.mixer.m.attn.global_op.global_atten.original_ss2d.in_proj.c.weight - torch.Size([640, 160, 1, 1]): 
The value is the same before and after calling `init_weights` of EncoderDecoder  

backbone.blocks1.1.mixer.m.attn.global_op.global_atten.original_ss2d.in_proj.bn.weight - torch.Size([640]): 
The value is the same before and after calling `init_weights` of EncoderDecoder  

backbone.blocks1.1.mixer.m.attn.global_op.global_atten.original_ss2d.in_proj.bn.bias - torch.Size([640]): 
The value is the same before and after calling `init_weights` of EncoderDecoder  

backbone.blocks1.1.mixer.m.attn.global_op.global_atten.original_ss2d.conv2d.weight - torch.Size([320, 1, 3, 3]): 
The value is the same before and after calling `init_weights` of EncoderDecoder  

backbone.blocks1.1.mixer.m.attn.global_op.global_atten.original_ss2d.conv2d.bias - torch.Size([320]): 
The value is the same before and after calling `init_weights` of EncoderDecoder  

backbone.blocks1.1.mixer.m.attn.global_op.global_atten.original_ss2d.out_proj.c.weight - torch.Size([160, 320, 1, 1]): 
The value is the same before and after calling `init_weights` of EncoderDecoder  

backbone.blocks1.1.mixer.m.attn.global_op.global_atten.original_ss2d.out_proj.bn.weight - torch.Size([160]): 
The value is the same before and after calling `init_weights` of EncoderDecoder  

backbone.blocks1.1.mixer.m.attn.global_op.global_atten.original_ss2d.out_proj.bn.bias - torch.Size([160]): 
The value is the same before and after calling `init_weights` of EncoderDecoder  

backbone.blocks1.1.mixer.m.attn.global_op.base_scale.weight - torch.Size([1, 160, 1, 1]): 
The value is the same before and after calling `init_weights` of EncoderDecoder  

backbone.blocks1.1.mixer.m.attn.global_op.wavelet_convs.0.weight - torch.Size([640, 1, 7, 7]): 
The value is the same before and after calling `init_weights` of EncoderDecoder  

backbone.blocks1.1.mixer.m.attn.global_op.wavelet_scale.0.weight - torch.Size([1, 640, 1, 1]): 
The value is the same before and after calling `init_weights` of EncoderDecoder  

backbone.blocks1.1.mixer.m.attn.proj.1.c.weight - torch.Size([200, 200, 1, 1]): 
The value is the same before and after calling `init_weights` of EncoderDecoder  

backbone.blocks1.1.mixer.m.attn.proj.1.bn.weight - torch.Size([200]): 
The value is the same before and after calling `init_weights` of EncoderDecoder  

backbone.blocks1.1.mixer.m.attn.proj.1.bn.bias - torch.Size([200]): 
The value is the same before and after calling `init_weights` of EncoderDecoder  

backbone.blocks1.1.dw1.m.c.weight - torch.Size([200, 1, 3, 3]): 
The value is the same before and after calling `init_weights` of EncoderDecoder  

backbone.blocks1.1.dw1.m.bn.weight - torch.Size([200]): 
The value is the same before and after calling `init_weights` of EncoderDecoder  

backbone.blocks1.1.dw1.m.bn.bias - torch.Size([200]): 
The value is the same before and after calling `init_weights` of EncoderDecoder  

backbone.blocks1.1.ffn1.m.pw1.c.weight - torch.Size([400, 200, 1, 1]): 
The value is the same before and after calling `init_weights` of EncoderDecoder  

backbone.blocks1.1.ffn1.m.pw1.bn.weight - torch.Size([400]): 
The value is the same before and after calling `init_weights` of EncoderDecoder  

backbone.blocks1.1.ffn1.m.pw1.bn.bias - torch.Size([400]): 
The value is the same before and after calling `init_weights` of EncoderDecoder  

backbone.blocks1.1.ffn1.m.pw2.c.weight - torch.Size([200, 400, 1, 1]): 
The value is the same before and after calling `init_weights` of EncoderDecoder  

backbone.blocks1.1.ffn1.m.pw2.bn.weight - torch.Size([200]): 
The value is the same before and after calling `init_weights` of EncoderDecoder  

backbone.blocks1.1.ffn1.m.pw2.bn.bias - torch.Size([200]): 
The value is the same before and after calling `init_weights` of EncoderDecoder  

backbone.blocks2.0.0.m.c.weight - torch.Size([200, 1, 3, 3]): 
The value is the same before and after calling `init_weights` of EncoderDecoder  

backbone.blocks2.0.0.m.bn.weight - torch.Size([200]): 
The value is the same before and after calling `init_weights` of EncoderDecoder  

backbone.blocks2.0.0.m.bn.bias - torch.Size([200]): 
The value is the same before and after calling `init_weights` of EncoderDecoder  

backbone.blocks2.0.1.m.pw1.c.weight - torch.Size([400, 200, 1, 1]): 
The value is the same before and after calling `init_weights` of EncoderDecoder  

backbone.blocks2.0.1.m.pw1.bn.weight - torch.Size([400]): 
The value is the same before and after calling `init_weights` of EncoderDecoder  

backbone.blocks2.0.1.m.pw1.bn.bias - torch.Size([400]): 
The value is the same before and after calling `init_weights` of EncoderDecoder  

backbone.blocks2.0.1.m.pw2.c.weight - torch.Size([200, 400, 1, 1]): 
The value is the same before and after calling `init_weights` of EncoderDecoder  

backbone.blocks2.0.1.m.pw2.bn.weight - torch.Size([200]): 
The value is the same before and after calling `init_weights` of EncoderDecoder  

backbone.blocks2.0.1.m.pw2.bn.bias - torch.Size([200]): 
The value is the same before and after calling `init_weights` of EncoderDecoder  

backbone.blocks2.1.conv1.c.weight - torch.Size([800, 200, 1, 1]): 
The value is the same before and after calling `init_weights` of EncoderDecoder  

backbone.blocks2.1.conv1.bn.weight - torch.Size([800]): 
The value is the same before and after calling `init_weights` of EncoderDecoder  

backbone.blocks2.1.conv1.bn.bias - torch.Size([800]): 
The value is the same before and after calling `init_weights` of EncoderDecoder  

backbone.blocks2.1.conv2.c.weight - torch.Size([800, 1, 3, 3]): 
The value is the same before and after calling `init_weights` of EncoderDecoder  

backbone.blocks2.1.conv2.bn.weight - torch.Size([800]): 
The value is the same before and after calling `init_weights` of EncoderDecoder  

backbone.blocks2.1.conv2.bn.bias - torch.Size([800]): 
The value is the same before and after calling `init_weights` of EncoderDecoder  

backbone.blocks2.1.se.fc1.weight - torch.Size([200, 800, 1, 1]): 
The value is the same before and after calling `init_weights` of EncoderDecoder  

backbone.blocks2.1.se.fc1.bias - torch.Size([200]): 
The value is the same before and after calling `init_weights` of EncoderDecoder  

backbone.blocks2.1.se.fc2.weight - torch.Size([800, 200, 1, 1]): 
The value is the same before and after calling `init_weights` of EncoderDecoder  

backbone.blocks2.1.se.fc2.bias - torch.Size([800]): 
The value is the same before and after calling `init_weights` of EncoderDecoder  

backbone.blocks2.1.conv3.c.weight - torch.Size([376, 800, 1, 1]): 
The value is the same before and after calling `init_weights` of EncoderDecoder  

backbone.blocks2.1.conv3.bn.weight - torch.Size([376]): 
The value is the same before and after calling `init_weights` of EncoderDecoder  

backbone.blocks2.1.conv3.bn.bias - torch.Size([376]): 
The value is the same before and after calling `init_weights` of EncoderDecoder  

backbone.blocks2.2.0.m.c.weight - torch.Size([376, 1, 3, 3]): 
The value is the same before and after calling `init_weights` of EncoderDecoder  

backbone.blocks2.2.0.m.bn.weight - torch.Size([376]): 
The value is the same before and after calling `init_weights` of EncoderDecoder  

backbone.blocks2.2.0.m.bn.bias - torch.Size([376]): 
The value is the same before and after calling `init_weights` of EncoderDecoder  

backbone.blocks2.2.1.m.pw1.c.weight - torch.Size([752, 376, 1, 1]): 
The value is the same before and after calling `init_weights` of EncoderDecoder  

backbone.blocks2.2.1.m.pw1.bn.weight - torch.Size([752]): 
The value is the same before and after calling `init_weights` of EncoderDecoder  

backbone.blocks2.2.1.m.pw1.bn.bias - torch.Size([752]): 
The value is the same before and after calling `init_weights` of EncoderDecoder  

backbone.blocks2.2.1.m.pw2.c.weight - torch.Size([376, 752, 1, 1]): 
The value is the same before and after calling `init_weights` of EncoderDecoder  

backbone.blocks2.2.1.m.pw2.bn.weight - torch.Size([376]): 
The value is the same before and after calling `init_weights` of EncoderDecoder  

backbone.blocks2.2.1.m.pw2.bn.bias - torch.Size([376]): 
The value is the same before and after calling `init_weights` of EncoderDecoder  

backbone.blocks2.3.dw0.m.c.weight - torch.Size([376, 1, 3, 3]): 
The value is the same before and after calling `init_weights` of EncoderDecoder  

backbone.blocks2.3.dw0.m.bn.weight - torch.Size([376]): 
The value is the same before and after calling `init_weights` of EncoderDecoder  

backbone.blocks2.3.dw0.m.bn.bias - torch.Size([376]): 
The value is the same before and after calling `init_weights` of EncoderDecoder  

backbone.blocks2.3.ffn0.m.pw1.c.weight - torch.Size([752, 376, 1, 1]): 
The value is the same before and after calling `init_weights` of EncoderDecoder  

backbone.blocks2.3.ffn0.m.pw1.bn.weight - torch.Size([752]): 
The value is the same before and after calling `init_weights` of EncoderDecoder  

backbone.blocks2.3.ffn0.m.pw1.bn.bias - torch.Size([752]): 
The value is the same before and after calling `init_weights` of EncoderDecoder  

backbone.blocks2.3.ffn0.m.pw2.c.weight - torch.Size([376, 752, 1, 1]): 
The value is the same before and after calling `init_weights` of EncoderDecoder  

backbone.blocks2.3.ffn0.m.pw2.bn.weight - torch.Size([376]): 
The value is the same before and after calling `init_weights` of EncoderDecoder  

backbone.blocks2.3.ffn0.m.pw2.bn.bias - torch.Size([376]): 
The value is the same before and after calling `init_weights` of EncoderDecoder  

backbone.blocks2.3.mixer.m.attn.local_op.dwconv3x3.weight - torch.Size([75, 1, 5, 5]): 
The value is the same before and after calling `init_weights` of EncoderDecoder  

backbone.blocks2.3.mixer.m.attn.local_op.bn1.weight - torch.Size([75]): 
The value is the same before and after calling `init_weights` of EncoderDecoder  

backbone.blocks2.3.mixer.m.attn.local_op.bn1.bias - torch.Size([75]): 
The value is the same before and after calling `init_weights` of EncoderDecoder  

backbone.blocks2.3.mixer.m.attn.local_op.dwconv1x1.weight - torch.Size([75, 1, 1, 1]): 
The value is the same before and after calling `init_weights` of EncoderDecoder  

backbone.blocks2.3.mixer.m.attn.local_op.bn2.weight - torch.Size([75]): 
The value is the same before and after calling `init_weights` of EncoderDecoder  

backbone.blocks2.3.mixer.m.attn.local_op.bn2.bias - torch.Size([75]): 
The value is the same before and after calling `init_weights` of EncoderDecoder  

backbone.blocks2.3.mixer.m.attn.global_op.wt_filter - torch.Size([1024, 1, 2, 2]): 
The value is the same before and after calling `init_weights` of EncoderDecoder  

backbone.blocks2.3.mixer.m.attn.global_op.iwt_filter - torch.Size([1024, 1, 2, 2]): 
The value is the same before and after calling `init_weights` of EncoderDecoder  

backbone.blocks2.3.mixer.m.attn.global_op.global_atten.original_ss2d.x_proj_weight - torch.Size([2, 18, 512]): 
The value is the same before and after calling `init_weights` of EncoderDecoder  

backbone.blocks2.3.mixer.m.attn.global_op.global_atten.original_ss2d.Ds - torch.Size([1024]): 
The value is the same before and after calling `init_weights` of EncoderDecoder  

backbone.blocks2.3.mixer.m.attn.global_op.global_atten.original_ss2d.A_logs - torch.Size([1024, 1]): 
The value is the same before and after calling `init_weights` of EncoderDecoder  

backbone.blocks2.3.mixer.m.attn.global_op.global_atten.original_ss2d.dt_projs_weight - torch.Size([2, 512, 16]): 
The value is the same before and after calling `init_weights` of EncoderDecoder  

backbone.blocks2.3.mixer.m.attn.global_op.global_atten.original_ss2d.dt_projs_bias - torch.Size([2, 512]): 
The value is the same before and after calling `init_weights` of EncoderDecoder  

backbone.blocks2.3.mixer.m.attn.global_op.global_atten.original_ss2d.out_norm.weight - torch.Size([512]): 
The value is the same before and after calling `init_weights` of EncoderDecoder  

backbone.blocks2.3.mixer.m.attn.global_op.global_atten.original_ss2d.out_norm.bias - torch.Size([512]): 
The value is the same before and after calling `init_weights` of EncoderDecoder  

backbone.blocks2.3.mixer.m.attn.global_op.global_atten.original_ss2d.in_proj.c.weight - torch.Size([1024, 256, 1, 1]): 
The value is the same before and after calling `init_weights` of EncoderDecoder  

backbone.blocks2.3.mixer.m.attn.global_op.global_atten.original_ss2d.in_proj.bn.weight - torch.Size([1024]): 
The value is the same before and after calling `init_weights` of EncoderDecoder  

backbone.blocks2.3.mixer.m.attn.global_op.global_atten.original_ss2d.in_proj.bn.bias - torch.Size([1024]): 
The value is the same before and after calling `init_weights` of EncoderDecoder  

backbone.blocks2.3.mixer.m.attn.global_op.global_atten.original_ss2d.conv2d.weight - torch.Size([512, 1, 3, 3]): 
The value is the same before and after calling `init_weights` of EncoderDecoder  

backbone.blocks2.3.mixer.m.attn.global_op.global_atten.original_ss2d.conv2d.bias - torch.Size([512]): 
The value is the same before and after calling `init_weights` of EncoderDecoder  

backbone.blocks2.3.mixer.m.attn.global_op.global_atten.original_ss2d.out_proj.c.weight - torch.Size([256, 512, 1, 1]): 
The value is the same before and after calling `init_weights` of EncoderDecoder  

backbone.blocks2.3.mixer.m.attn.global_op.global_atten.original_ss2d.out_proj.bn.weight - torch.Size([256]): 
The value is the same before and after calling `init_weights` of EncoderDecoder  

backbone.blocks2.3.mixer.m.attn.global_op.global_atten.original_ss2d.out_proj.bn.bias - torch.Size([256]): 
The value is the same before and after calling `init_weights` of EncoderDecoder  

backbone.blocks2.3.mixer.m.attn.global_op.base_scale.weight - torch.Size([1, 256, 1, 1]): 
The value is the same before and after calling `init_weights` of EncoderDecoder  

backbone.blocks2.3.mixer.m.attn.global_op.wavelet_convs.0.weight - torch.Size([1024, 1, 5, 5]): 
The value is the same before and after calling `init_weights` of EncoderDecoder  

backbone.blocks2.3.mixer.m.attn.global_op.wavelet_scale.0.weight - torch.Size([1, 1024, 1, 1]): 
The value is the same before and after calling `init_weights` of EncoderDecoder  

backbone.blocks2.3.mixer.m.attn.proj.1.c.weight - torch.Size([376, 376, 1, 1]): 
The value is the same before and after calling `init_weights` of EncoderDecoder  

backbone.blocks2.3.mixer.m.attn.proj.1.bn.weight - torch.Size([376]): 
The value is the same before and after calling `init_weights` of EncoderDecoder  

backbone.blocks2.3.mixer.m.attn.proj.1.bn.bias - torch.Size([376]): 
The value is the same before and after calling `init_weights` of EncoderDecoder  

backbone.blocks2.3.dw1.m.c.weight - torch.Size([376, 1, 3, 3]): 
The value is the same before and after calling `init_weights` of EncoderDecoder  

backbone.blocks2.3.dw1.m.bn.weight - torch.Size([376]): 
The value is the same before and after calling `init_weights` of EncoderDecoder  

backbone.blocks2.3.dw1.m.bn.bias - torch.Size([376]): 
The value is the same before and after calling `init_weights` of EncoderDecoder  

backbone.blocks2.3.ffn1.m.pw1.c.weight - torch.Size([752, 376, 1, 1]): 
The value is the same before and after calling `init_weights` of EncoderDecoder  

backbone.blocks2.3.ffn1.m.pw1.bn.weight - torch.Size([752]): 
The value is the same before and after calling `init_weights` of EncoderDecoder  

backbone.blocks2.3.ffn1.m.pw1.bn.bias - torch.Size([752]): 
The value is the same before and after calling `init_weights` of EncoderDecoder  

backbone.blocks2.3.ffn1.m.pw2.c.weight - torch.Size([376, 752, 1, 1]): 
The value is the same before and after calling `init_weights` of EncoderDecoder  

backbone.blocks2.3.ffn1.m.pw2.bn.weight - torch.Size([376]): 
The value is the same before and after calling `init_weights` of EncoderDecoder  

backbone.blocks2.3.ffn1.m.pw2.bn.bias - torch.Size([376]): 
The value is the same before and after calling `init_weights` of EncoderDecoder  

backbone.blocks2.4.dw0.m.c.weight - torch.Size([376, 1, 3, 3]): 
The value is the same before and after calling `init_weights` of EncoderDecoder  

backbone.blocks2.4.dw0.m.bn.weight - torch.Size([376]): 
The value is the same before and after calling `init_weights` of EncoderDecoder  

backbone.blocks2.4.dw0.m.bn.bias - torch.Size([376]): 
The value is the same before and after calling `init_weights` of EncoderDecoder  

backbone.blocks2.4.ffn0.m.pw1.c.weight - torch.Size([752, 376, 1, 1]): 
The value is the same before and after calling `init_weights` of EncoderDecoder  

backbone.blocks2.4.ffn0.m.pw1.bn.weight - torch.Size([752]): 
The value is the same before and after calling `init_weights` of EncoderDecoder  

backbone.blocks2.4.ffn0.m.pw1.bn.bias - torch.Size([752]): 
The value is the same before and after calling `init_weights` of EncoderDecoder  

backbone.blocks2.4.ffn0.m.pw2.c.weight - torch.Size([376, 752, 1, 1]): 
The value is the same before and after calling `init_weights` of EncoderDecoder  

backbone.blocks2.4.ffn0.m.pw2.bn.weight - torch.Size([376]): 
The value is the same before and after calling `init_weights` of EncoderDecoder  

backbone.blocks2.4.ffn0.m.pw2.bn.bias - torch.Size([376]): 
The value is the same before and after calling `init_weights` of EncoderDecoder  

backbone.blocks2.4.mixer.m.attn.local_op.dwconv3x3.weight - torch.Size([75, 1, 5, 5]): 
The value is the same before and after calling `init_weights` of EncoderDecoder  

backbone.blocks2.4.mixer.m.attn.local_op.bn1.weight - torch.Size([75]): 
The value is the same before and after calling `init_weights` of EncoderDecoder  

backbone.blocks2.4.mixer.m.attn.local_op.bn1.bias - torch.Size([75]): 
The value is the same before and after calling `init_weights` of EncoderDecoder  

backbone.blocks2.4.mixer.m.attn.local_op.dwconv1x1.weight - torch.Size([75, 1, 1, 1]): 
The value is the same before and after calling `init_weights` of EncoderDecoder  

backbone.blocks2.4.mixer.m.attn.local_op.bn2.weight - torch.Size([75]): 
The value is the same before and after calling `init_weights` of EncoderDecoder  

backbone.blocks2.4.mixer.m.attn.local_op.bn2.bias - torch.Size([75]): 
The value is the same before and after calling `init_weights` of EncoderDecoder  

backbone.blocks2.4.mixer.m.attn.global_op.wt_filter - torch.Size([1024, 1, 2, 2]): 
The value is the same before and after calling `init_weights` of EncoderDecoder  

backbone.blocks2.4.mixer.m.attn.global_op.iwt_filter - torch.Size([1024, 1, 2, 2]): 
The value is the same before and after calling `init_weights` of EncoderDecoder  

backbone.blocks2.4.mixer.m.attn.global_op.global_atten.original_ss2d.x_proj_weight - torch.Size([2, 18, 512]): 
The value is the same before and after calling `init_weights` of EncoderDecoder  

backbone.blocks2.4.mixer.m.attn.global_op.global_atten.original_ss2d.Ds - torch.Size([1024]): 
The value is the same before and after calling `init_weights` of EncoderDecoder  

backbone.blocks2.4.mixer.m.attn.global_op.global_atten.original_ss2d.A_logs - torch.Size([1024, 1]): 
The value is the same before and after calling `init_weights` of EncoderDecoder  

backbone.blocks2.4.mixer.m.attn.global_op.global_atten.original_ss2d.dt_projs_weight - torch.Size([2, 512, 16]): 
The value is the same before and after calling `init_weights` of EncoderDecoder  

backbone.blocks2.4.mixer.m.attn.global_op.global_atten.original_ss2d.dt_projs_bias - torch.Size([2, 512]): 
The value is the same before and after calling `init_weights` of EncoderDecoder  

backbone.blocks2.4.mixer.m.attn.global_op.global_atten.original_ss2d.out_norm.weight - torch.Size([512]): 
The value is the same before and after calling `init_weights` of EncoderDecoder  

backbone.blocks2.4.mixer.m.attn.global_op.global_atten.original_ss2d.out_norm.bias - torch.Size([512]): 
The value is the same before and after calling `init_weights` of EncoderDecoder  

backbone.blocks2.4.mixer.m.attn.global_op.global_atten.original_ss2d.in_proj.c.weight - torch.Size([1024, 256, 1, 1]): 
The value is the same before and after calling `init_weights` of EncoderDecoder  

backbone.blocks2.4.mixer.m.attn.global_op.global_atten.original_ss2d.in_proj.bn.weight - torch.Size([1024]): 
The value is the same before and after calling `init_weights` of EncoderDecoder  

backbone.blocks2.4.mixer.m.attn.global_op.global_atten.original_ss2d.in_proj.bn.bias - torch.Size([1024]): 
The value is the same before and after calling `init_weights` of EncoderDecoder  

backbone.blocks2.4.mixer.m.attn.global_op.global_atten.original_ss2d.conv2d.weight - torch.Size([512, 1, 3, 3]): 
The value is the same before and after calling `init_weights` of EncoderDecoder  

backbone.blocks2.4.mixer.m.attn.global_op.global_atten.original_ss2d.conv2d.bias - torch.Size([512]): 
The value is the same before and after calling `init_weights` of EncoderDecoder  

backbone.blocks2.4.mixer.m.attn.global_op.global_atten.original_ss2d.out_proj.c.weight - torch.Size([256, 512, 1, 1]): 
The value is the same before and after calling `init_weights` of EncoderDecoder  

backbone.blocks2.4.mixer.m.attn.global_op.global_atten.original_ss2d.out_proj.bn.weight - torch.Size([256]): 
The value is the same before and after calling `init_weights` of EncoderDecoder  

backbone.blocks2.4.mixer.m.attn.global_op.global_atten.original_ss2d.out_proj.bn.bias - torch.Size([256]): 
The value is the same before and after calling `init_weights` of EncoderDecoder  

backbone.blocks2.4.mixer.m.attn.global_op.base_scale.weight - torch.Size([1, 256, 1, 1]): 
The value is the same before and after calling `init_weights` of EncoderDecoder  

backbone.blocks2.4.mixer.m.attn.global_op.wavelet_convs.0.weight - torch.Size([1024, 1, 5, 5]): 
The value is the same before and after calling `init_weights` of EncoderDecoder  

backbone.blocks2.4.mixer.m.attn.global_op.wavelet_scale.0.weight - torch.Size([1, 1024, 1, 1]): 
The value is the same before and after calling `init_weights` of EncoderDecoder  

backbone.blocks2.4.mixer.m.attn.proj.1.c.weight - torch.Size([376, 376, 1, 1]): 
The value is the same before and after calling `init_weights` of EncoderDecoder  

backbone.blocks2.4.mixer.m.attn.proj.1.bn.weight - torch.Size([376]): 
The value is the same before and after calling `init_weights` of EncoderDecoder  

backbone.blocks2.4.mixer.m.attn.proj.1.bn.bias - torch.Size([376]): 
The value is the same before and after calling `init_weights` of EncoderDecoder  

backbone.blocks2.4.dw1.m.c.weight - torch.Size([376, 1, 3, 3]): 
The value is the same before and after calling `init_weights` of EncoderDecoder  

backbone.blocks2.4.dw1.m.bn.weight - torch.Size([376]): 
The value is the same before and after calling `init_weights` of EncoderDecoder  

backbone.blocks2.4.dw1.m.bn.bias - torch.Size([376]): 
The value is the same before and after calling `init_weights` of EncoderDecoder  

backbone.blocks2.4.ffn1.m.pw1.c.weight - torch.Size([752, 376, 1, 1]): 
The value is the same before and after calling `init_weights` of EncoderDecoder  

backbone.blocks2.4.ffn1.m.pw1.bn.weight - torch.Size([752]): 
The value is the same before and after calling `init_weights` of EncoderDecoder  

backbone.blocks2.4.ffn1.m.pw1.bn.bias - torch.Size([752]): 
The value is the same before and after calling `init_weights` of EncoderDecoder  

backbone.blocks2.4.ffn1.m.pw2.c.weight - torch.Size([376, 752, 1, 1]): 
The value is the same before and after calling `init_weights` of EncoderDecoder  

backbone.blocks2.4.ffn1.m.pw2.bn.weight - torch.Size([376]): 
The value is the same before and after calling `init_weights` of EncoderDecoder  

backbone.blocks2.4.ffn1.m.pw2.bn.bias - torch.Size([376]): 
The value is the same before and after calling `init_weights` of EncoderDecoder  

backbone.blocks2.5.dw0.m.c.weight - torch.Size([376, 1, 3, 3]): 
The value is the same before and after calling `init_weights` of EncoderDecoder  

backbone.blocks2.5.dw0.m.bn.weight - torch.Size([376]): 
The value is the same before and after calling `init_weights` of EncoderDecoder  

backbone.blocks2.5.dw0.m.bn.bias - torch.Size([376]): 
The value is the same before and after calling `init_weights` of EncoderDecoder  

backbone.blocks2.5.ffn0.m.pw1.c.weight - torch.Size([752, 376, 1, 1]): 
The value is the same before and after calling `init_weights` of EncoderDecoder  

backbone.blocks2.5.ffn0.m.pw1.bn.weight - torch.Size([752]): 
The value is the same before and after calling `init_weights` of EncoderDecoder  

backbone.blocks2.5.ffn0.m.pw1.bn.bias - torch.Size([752]): 
The value is the same before and after calling `init_weights` of EncoderDecoder  

backbone.blocks2.5.ffn0.m.pw2.c.weight - torch.Size([376, 752, 1, 1]): 
The value is the same before and after calling `init_weights` of EncoderDecoder  

backbone.blocks2.5.ffn0.m.pw2.bn.weight - torch.Size([376]): 
The value is the same before and after calling `init_weights` of EncoderDecoder  

backbone.blocks2.5.ffn0.m.pw2.bn.bias - torch.Size([376]): 
The value is the same before and after calling `init_weights` of EncoderDecoder  

backbone.blocks2.5.mixer.m.attn.local_op.dwconv3x3.weight - torch.Size([75, 1, 5, 5]): 
The value is the same before and after calling `init_weights` of EncoderDecoder  

backbone.blocks2.5.mixer.m.attn.local_op.bn1.weight - torch.Size([75]): 
The value is the same before and after calling `init_weights` of EncoderDecoder  

backbone.blocks2.5.mixer.m.attn.local_op.bn1.bias - torch.Size([75]): 
The value is the same before and after calling `init_weights` of EncoderDecoder  

backbone.blocks2.5.mixer.m.attn.local_op.dwconv1x1.weight - torch.Size([75, 1, 1, 1]): 
The value is the same before and after calling `init_weights` of EncoderDecoder  

backbone.blocks2.5.mixer.m.attn.local_op.bn2.weight - torch.Size([75]): 
The value is the same before and after calling `init_weights` of EncoderDecoder  

backbone.blocks2.5.mixer.m.attn.local_op.bn2.bias - torch.Size([75]): 
The value is the same before and after calling `init_weights` of EncoderDecoder  

backbone.blocks2.5.mixer.m.attn.global_op.wt_filter - torch.Size([1024, 1, 2, 2]): 
The value is the same before and after calling `init_weights` of EncoderDecoder  

backbone.blocks2.5.mixer.m.attn.global_op.iwt_filter - torch.Size([1024, 1, 2, 2]): 
The value is the same before and after calling `init_weights` of EncoderDecoder  

backbone.blocks2.5.mixer.m.attn.global_op.global_atten.original_ss2d.x_proj_weight - torch.Size([2, 18, 512]): 
The value is the same before and after calling `init_weights` of EncoderDecoder  

backbone.blocks2.5.mixer.m.attn.global_op.global_atten.original_ss2d.Ds - torch.Size([1024]): 
The value is the same before and after calling `init_weights` of EncoderDecoder  

backbone.blocks2.5.mixer.m.attn.global_op.global_atten.original_ss2d.A_logs - torch.Size([1024, 1]): 
The value is the same before and after calling `init_weights` of EncoderDecoder  

backbone.blocks2.5.mixer.m.attn.global_op.global_atten.original_ss2d.dt_projs_weight - torch.Size([2, 512, 16]): 
The value is the same before and after calling `init_weights` of EncoderDecoder  

backbone.blocks2.5.mixer.m.attn.global_op.global_atten.original_ss2d.dt_projs_bias - torch.Size([2, 512]): 
The value is the same before and after calling `init_weights` of EncoderDecoder  

backbone.blocks2.5.mixer.m.attn.global_op.global_atten.original_ss2d.out_norm.weight - torch.Size([512]): 
The value is the same before and after calling `init_weights` of EncoderDecoder  

backbone.blocks2.5.mixer.m.attn.global_op.global_atten.original_ss2d.out_norm.bias - torch.Size([512]): 
The value is the same before and after calling `init_weights` of EncoderDecoder  

backbone.blocks2.5.mixer.m.attn.global_op.global_atten.original_ss2d.in_proj.c.weight - torch.Size([1024, 256, 1, 1]): 
The value is the same before and after calling `init_weights` of EncoderDecoder  

backbone.blocks2.5.mixer.m.attn.global_op.global_atten.original_ss2d.in_proj.bn.weight - torch.Size([1024]): 
The value is the same before and after calling `init_weights` of EncoderDecoder  

backbone.blocks2.5.mixer.m.attn.global_op.global_atten.original_ss2d.in_proj.bn.bias - torch.Size([1024]): 
The value is the same before and after calling `init_weights` of EncoderDecoder  

backbone.blocks2.5.mixer.m.attn.global_op.global_atten.original_ss2d.conv2d.weight - torch.Size([512, 1, 3, 3]): 
The value is the same before and after calling `init_weights` of EncoderDecoder  

backbone.blocks2.5.mixer.m.attn.global_op.global_atten.original_ss2d.conv2d.bias - torch.Size([512]): 
The value is the same before and after calling `init_weights` of EncoderDecoder  

backbone.blocks2.5.mixer.m.attn.global_op.global_atten.original_ss2d.out_proj.c.weight - torch.Size([256, 512, 1, 1]): 
The value is the same before and after calling `init_weights` of EncoderDecoder  

backbone.blocks2.5.mixer.m.attn.global_op.global_atten.original_ss2d.out_proj.bn.weight - torch.Size([256]): 
The value is the same before and after calling `init_weights` of EncoderDecoder  

backbone.blocks2.5.mixer.m.attn.global_op.global_atten.original_ss2d.out_proj.bn.bias - torch.Size([256]): 
The value is the same before and after calling `init_weights` of EncoderDecoder  

backbone.blocks2.5.mixer.m.attn.global_op.base_scale.weight - torch.Size([1, 256, 1, 1]): 
The value is the same before and after calling `init_weights` of EncoderDecoder  

backbone.blocks2.5.mixer.m.attn.global_op.wavelet_convs.0.weight - torch.Size([1024, 1, 5, 5]): 
The value is the same before and after calling `init_weights` of EncoderDecoder  

backbone.blocks2.5.mixer.m.attn.global_op.wavelet_scale.0.weight - torch.Size([1, 1024, 1, 1]): 
The value is the same before and after calling `init_weights` of EncoderDecoder  

backbone.blocks2.5.mixer.m.attn.proj.1.c.weight - torch.Size([376, 376, 1, 1]): 
The value is the same before and after calling `init_weights` of EncoderDecoder  

backbone.blocks2.5.mixer.m.attn.proj.1.bn.weight - torch.Size([376]): 
The value is the same before and after calling `init_weights` of EncoderDecoder  

backbone.blocks2.5.mixer.m.attn.proj.1.bn.bias - torch.Size([376]): 
The value is the same before and after calling `init_weights` of EncoderDecoder  

backbone.blocks2.5.dw1.m.c.weight - torch.Size([376, 1, 3, 3]): 
The value is the same before and after calling `init_weights` of EncoderDecoder  

backbone.blocks2.5.dw1.m.bn.weight - torch.Size([376]): 
The value is the same before and after calling `init_weights` of EncoderDecoder  

backbone.blocks2.5.dw1.m.bn.bias - torch.Size([376]): 
The value is the same before and after calling `init_weights` of EncoderDecoder  

backbone.blocks2.5.ffn1.m.pw1.c.weight - torch.Size([752, 376, 1, 1]): 
The value is the same before and after calling `init_weights` of EncoderDecoder  

backbone.blocks2.5.ffn1.m.pw1.bn.weight - torch.Size([752]): 
The value is the same before and after calling `init_weights` of EncoderDecoder  

backbone.blocks2.5.ffn1.m.pw1.bn.bias - torch.Size([752]): 
The value is the same before and after calling `init_weights` of EncoderDecoder  

backbone.blocks2.5.ffn1.m.pw2.c.weight - torch.Size([376, 752, 1, 1]): 
The value is the same before and after calling `init_weights` of EncoderDecoder  

backbone.blocks2.5.ffn1.m.pw2.bn.weight - torch.Size([376]): 
The value is the same before and after calling `init_weights` of EncoderDecoder  

backbone.blocks2.5.ffn1.m.pw2.bn.bias - torch.Size([376]): 
The value is the same before and after calling `init_weights` of EncoderDecoder  

backbone.blocks3.0.0.m.c.weight - torch.Size([376, 1, 3, 3]): 
The value is the same before and after calling `init_weights` of EncoderDecoder  

backbone.blocks3.0.0.m.bn.weight - torch.Size([376]): 
The value is the same before and after calling `init_weights` of EncoderDecoder  

backbone.blocks3.0.0.m.bn.bias - torch.Size([376]): 
The value is the same before and after calling `init_weights` of EncoderDecoder  

backbone.blocks3.0.1.m.pw1.c.weight - torch.Size([752, 376, 1, 1]): 
The value is the same before and after calling `init_weights` of EncoderDecoder  

backbone.blocks3.0.1.m.pw1.bn.weight - torch.Size([752]): 
The value is the same before and after calling `init_weights` of EncoderDecoder  

backbone.blocks3.0.1.m.pw1.bn.bias - torch.Size([752]): 
The value is the same before and after calling `init_weights` of EncoderDecoder  

backbone.blocks3.0.1.m.pw2.c.weight - torch.Size([376, 752, 1, 1]): 
The value is the same before and after calling `init_weights` of EncoderDecoder  

backbone.blocks3.0.1.m.pw2.bn.weight - torch.Size([376]): 
The value is the same before and after calling `init_weights` of EncoderDecoder  

backbone.blocks3.0.1.m.pw2.bn.bias - torch.Size([376]): 
The value is the same before and after calling `init_weights` of EncoderDecoder  

backbone.blocks3.1.conv1.c.weight - torch.Size([1504, 376, 1, 1]): 
The value is the same before and after calling `init_weights` of EncoderDecoder  

backbone.blocks3.1.conv1.bn.weight - torch.Size([1504]): 
The value is the same before and after calling `init_weights` of EncoderDecoder  

backbone.blocks3.1.conv1.bn.bias - torch.Size([1504]): 
The value is the same before and after calling `init_weights` of EncoderDecoder  

backbone.blocks3.1.conv2.c.weight - torch.Size([1504, 1, 3, 3]): 
The value is the same before and after calling `init_weights` of EncoderDecoder  

backbone.blocks3.1.conv2.bn.weight - torch.Size([1504]): 
The value is the same before and after calling `init_weights` of EncoderDecoder  

backbone.blocks3.1.conv2.bn.bias - torch.Size([1504]): 
The value is the same before and after calling `init_weights` of EncoderDecoder  

backbone.blocks3.1.se.fc1.weight - torch.Size([376, 1504, 1, 1]): 
The value is the same before and after calling `init_weights` of EncoderDecoder  

backbone.blocks3.1.se.fc1.bias - torch.Size([376]): 
The value is the same before and after calling `init_weights` of EncoderDecoder  

backbone.blocks3.1.se.fc2.weight - torch.Size([1504, 376, 1, 1]): 
The value is the same before and after calling `init_weights` of EncoderDecoder  

backbone.blocks3.1.se.fc2.bias - torch.Size([1504]): 
The value is the same before and after calling `init_weights` of EncoderDecoder  

backbone.blocks3.1.conv3.c.weight - torch.Size([448, 1504, 1, 1]): 
The value is the same before and after calling `init_weights` of EncoderDecoder  

backbone.blocks3.1.conv3.bn.weight - torch.Size([448]): 
The value is the same before and after calling `init_weights` of EncoderDecoder  

backbone.blocks3.1.conv3.bn.bias - torch.Size([448]): 
The value is the same before and after calling `init_weights` of EncoderDecoder  

backbone.blocks3.2.0.m.c.weight - torch.Size([448, 1, 3, 3]): 
The value is the same before and after calling `init_weights` of EncoderDecoder  

backbone.blocks3.2.0.m.bn.weight - torch.Size([448]): 
The value is the same before and after calling `init_weights` of EncoderDecoder  

backbone.blocks3.2.0.m.bn.bias - torch.Size([448]): 
The value is the same before and after calling `init_weights` of EncoderDecoder  

backbone.blocks3.2.1.m.pw1.c.weight - torch.Size([896, 448, 1, 1]): 
The value is the same before and after calling `init_weights` of EncoderDecoder  

backbone.blocks3.2.1.m.pw1.bn.weight - torch.Size([896]): 
The value is the same before and after calling `init_weights` of EncoderDecoder  

backbone.blocks3.2.1.m.pw1.bn.bias - torch.Size([896]): 
The value is the same before and after calling `init_weights` of EncoderDecoder  

backbone.blocks3.2.1.m.pw2.c.weight - torch.Size([448, 896, 1, 1]): 
The value is the same before and after calling `init_weights` of EncoderDecoder  

backbone.blocks3.2.1.m.pw2.bn.weight - torch.Size([448]): 
The value is the same before and after calling `init_weights` of EncoderDecoder  

backbone.blocks3.2.1.m.pw2.bn.bias - torch.Size([448]): 
The value is the same before and after calling `init_weights` of EncoderDecoder  

backbone.blocks3.3.dw0.m.c.weight - torch.Size([448, 1, 3, 3]): 
The value is the same before and after calling `init_weights` of EncoderDecoder  

backbone.blocks3.3.dw0.m.bn.weight - torch.Size([448]): 
The value is the same before and after calling `init_weights` of EncoderDecoder  

backbone.blocks3.3.dw0.m.bn.bias - torch.Size([448]): 
The value is the same before and after calling `init_weights` of EncoderDecoder  

backbone.blocks3.3.ffn0.m.pw1.c.weight - torch.Size([896, 448, 1, 1]): 
The value is the same before and after calling `init_weights` of EncoderDecoder  

backbone.blocks3.3.ffn0.m.pw1.bn.weight - torch.Size([896]): 
The value is the same before and after calling `init_weights` of EncoderDecoder  

backbone.blocks3.3.ffn0.m.pw1.bn.bias - torch.Size([896]): 
The value is the same before and after calling `init_weights` of EncoderDecoder  

backbone.blocks3.3.ffn0.m.pw2.c.weight - torch.Size([448, 896, 1, 1]): 
The value is the same before and after calling `init_weights` of EncoderDecoder  

backbone.blocks3.3.ffn0.m.pw2.bn.weight - torch.Size([448]): 
The value is the same before and after calling `init_weights` of EncoderDecoder  

backbone.blocks3.3.ffn0.m.pw2.bn.bias - torch.Size([448]): 
The value is the same before and after calling `init_weights` of EncoderDecoder  

backbone.blocks3.3.mixer.m.attn.local_op.dwconv3x3.weight - torch.Size([134, 1, 3, 3]): 
The value is the same before and after calling `init_weights` of EncoderDecoder  

backbone.blocks3.3.mixer.m.attn.local_op.bn1.weight - torch.Size([134]): 
The value is the same before and after calling `init_weights` of EncoderDecoder  

backbone.blocks3.3.mixer.m.attn.local_op.bn1.bias - torch.Size([134]): 
The value is the same before and after calling `init_weights` of EncoderDecoder  

backbone.blocks3.3.mixer.m.attn.local_op.dwconv1x1.weight - torch.Size([134, 1, 1, 1]): 
The value is the same before and after calling `init_weights` of EncoderDecoder  

backbone.blocks3.3.mixer.m.attn.local_op.bn2.weight - torch.Size([134]): 
The value is the same before and after calling `init_weights` of EncoderDecoder  

backbone.blocks3.3.mixer.m.attn.local_op.bn2.bias - torch.Size([134]): 
The value is the same before and after calling `init_weights` of EncoderDecoder  

backbone.blocks3.3.mixer.m.attn.global_op.wt_filter - torch.Size([1088, 1, 2, 2]): 
The value is the same before and after calling `init_weights` of EncoderDecoder  

backbone.blocks3.3.mixer.m.attn.global_op.iwt_filter - torch.Size([1088, 1, 2, 2]): 
The value is the same before and after calling `init_weights` of EncoderDecoder  

backbone.blocks3.3.mixer.m.attn.global_op.global_atten.original_ss2d.x_proj_weight - torch.Size([2, 19, 544]): 
The value is the same before and after calling `init_weights` of EncoderDecoder  

backbone.blocks3.3.mixer.m.attn.global_op.global_atten.original_ss2d.Ds - torch.Size([1088]): 
The value is the same before and after calling `init_weights` of EncoderDecoder  

backbone.blocks3.3.mixer.m.attn.global_op.global_atten.original_ss2d.A_logs - torch.Size([1088, 1]): 
The value is the same before and after calling `init_weights` of EncoderDecoder  

backbone.blocks3.3.mixer.m.attn.global_op.global_atten.original_ss2d.dt_projs_weight - torch.Size([2, 544, 17]): 
The value is the same before and after calling `init_weights` of EncoderDecoder  

backbone.blocks3.3.mixer.m.attn.global_op.global_atten.original_ss2d.dt_projs_bias - torch.Size([2, 544]): 
The value is the same before and after calling `init_weights` of EncoderDecoder  

backbone.blocks3.3.mixer.m.attn.global_op.global_atten.original_ss2d.out_norm.weight - torch.Size([544]): 
The value is the same before and after calling `init_weights` of EncoderDecoder  

backbone.blocks3.3.mixer.m.attn.global_op.global_atten.original_ss2d.out_norm.bias - torch.Size([544]): 
The value is the same before and after calling `init_weights` of EncoderDecoder  

backbone.blocks3.3.mixer.m.attn.global_op.global_atten.original_ss2d.in_proj.c.weight - torch.Size([1088, 272, 1, 1]): 
The value is the same before and after calling `init_weights` of EncoderDecoder  

backbone.blocks3.3.mixer.m.attn.global_op.global_atten.original_ss2d.in_proj.bn.weight - torch.Size([1088]): 
The value is the same before and after calling `init_weights` of EncoderDecoder  

backbone.blocks3.3.mixer.m.attn.global_op.global_atten.original_ss2d.in_proj.bn.bias - torch.Size([1088]): 
The value is the same before and after calling `init_weights` of EncoderDecoder  

backbone.blocks3.3.mixer.m.attn.global_op.global_atten.original_ss2d.conv2d.weight - torch.Size([544, 1, 3, 3]): 
The value is the same before and after calling `init_weights` of EncoderDecoder  

backbone.blocks3.3.mixer.m.attn.global_op.global_atten.original_ss2d.conv2d.bias - torch.Size([544]): 
The value is the same before and after calling `init_weights` of EncoderDecoder  

backbone.blocks3.3.mixer.m.attn.global_op.global_atten.original_ss2d.out_proj.c.weight - torch.Size([272, 544, 1, 1]): 
The value is the same before and after calling `init_weights` of EncoderDecoder  

backbone.blocks3.3.mixer.m.attn.global_op.global_atten.original_ss2d.out_proj.bn.weight - torch.Size([272]): 
The value is the same before and after calling `init_weights` of EncoderDecoder  

backbone.blocks3.3.mixer.m.attn.global_op.global_atten.original_ss2d.out_proj.bn.bias - torch.Size([272]): 
The value is the same before and after calling `init_weights` of EncoderDecoder  

backbone.blocks3.3.mixer.m.attn.global_op.base_scale.weight - torch.Size([1, 272, 1, 1]): 
The value is the same before and after calling `init_weights` of EncoderDecoder  

backbone.blocks3.3.mixer.m.attn.global_op.wavelet_convs.0.weight - torch.Size([1088, 1, 3, 3]): 
The value is the same before and after calling `init_weights` of EncoderDecoder  

backbone.blocks3.3.mixer.m.attn.global_op.wavelet_scale.0.weight - torch.Size([1, 1088, 1, 1]): 
The value is the same before and after calling `init_weights` of EncoderDecoder  

backbone.blocks3.3.mixer.m.attn.proj.1.c.weight - torch.Size([448, 448, 1, 1]): 
The value is the same before and after calling `init_weights` of EncoderDecoder  

backbone.blocks3.3.mixer.m.attn.proj.1.bn.weight - torch.Size([448]): 
The value is the same before and after calling `init_weights` of EncoderDecoder  

backbone.blocks3.3.mixer.m.attn.proj.1.bn.bias - torch.Size([448]): 
The value is the same before and after calling `init_weights` of EncoderDecoder  

backbone.blocks3.3.dw1.m.c.weight - torch.Size([448, 1, 3, 3]): 
The value is the same before and after calling `init_weights` of EncoderDecoder  

backbone.blocks3.3.dw1.m.bn.weight - torch.Size([448]): 
The value is the same before and after calling `init_weights` of EncoderDecoder  

backbone.blocks3.3.dw1.m.bn.bias - torch.Size([448]): 
The value is the same before and after calling `init_weights` of EncoderDecoder  

backbone.blocks3.3.ffn1.m.pw1.c.weight - torch.Size([896, 448, 1, 1]): 
The value is the same before and after calling `init_weights` of EncoderDecoder  

backbone.blocks3.3.ffn1.m.pw1.bn.weight - torch.Size([896]): 
The value is the same before and after calling `init_weights` of EncoderDecoder  

backbone.blocks3.3.ffn1.m.pw1.bn.bias - torch.Size([896]): 
The value is the same before and after calling `init_weights` of EncoderDecoder  

backbone.blocks3.3.ffn1.m.pw2.c.weight - torch.Size([448, 896, 1, 1]): 
The value is the same before and after calling `init_weights` of EncoderDecoder  

backbone.blocks3.3.ffn1.m.pw2.bn.weight - torch.Size([448]): 
The value is the same before and after calling `init_weights` of EncoderDecoder  

backbone.blocks3.3.ffn1.m.pw2.bn.bias - torch.Size([448]): 
The value is the same before and after calling `init_weights` of EncoderDecoder  

backbone.blocks3.4.dw0.m.c.weight - torch.Size([448, 1, 3, 3]): 
The value is the same before and after calling `init_weights` of EncoderDecoder  

backbone.blocks3.4.dw0.m.bn.weight - torch.Size([448]): 
The value is the same before and after calling `init_weights` of EncoderDecoder  

backbone.blocks3.4.dw0.m.bn.bias - torch.Size([448]): 
The value is the same before and after calling `init_weights` of EncoderDecoder  

backbone.blocks3.4.ffn0.m.pw1.c.weight - torch.Size([896, 448, 1, 1]): 
The value is the same before and after calling `init_weights` of EncoderDecoder  

backbone.blocks3.4.ffn0.m.pw1.bn.weight - torch.Size([896]): 
The value is the same before and after calling `init_weights` of EncoderDecoder  

backbone.blocks3.4.ffn0.m.pw1.bn.bias - torch.Size([896]): 
The value is the same before and after calling `init_weights` of EncoderDecoder  

backbone.blocks3.4.ffn0.m.pw2.c.weight - torch.Size([448, 896, 1, 1]): 
The value is the same before and after calling `init_weights` of EncoderDecoder  

backbone.blocks3.4.ffn0.m.pw2.bn.weight - torch.Size([448]): 
The value is the same before and after calling `init_weights` of EncoderDecoder  

backbone.blocks3.4.ffn0.m.pw2.bn.bias - torch.Size([448]): 
The value is the same before and after calling `init_weights` of EncoderDecoder  

backbone.blocks3.4.mixer.m.attn.local_op.dwconv3x3.weight - torch.Size([134, 1, 3, 3]): 
The value is the same before and after calling `init_weights` of EncoderDecoder  

backbone.blocks3.4.mixer.m.attn.local_op.bn1.weight - torch.Size([134]): 
The value is the same before and after calling `init_weights` of EncoderDecoder  

backbone.blocks3.4.mixer.m.attn.local_op.bn1.bias - torch.Size([134]): 
The value is the same before and after calling `init_weights` of EncoderDecoder  

backbone.blocks3.4.mixer.m.attn.local_op.dwconv1x1.weight - torch.Size([134, 1, 1, 1]): 
The value is the same before and after calling `init_weights` of EncoderDecoder  

backbone.blocks3.4.mixer.m.attn.local_op.bn2.weight - torch.Size([134]): 
The value is the same before and after calling `init_weights` of EncoderDecoder  

backbone.blocks3.4.mixer.m.attn.local_op.bn2.bias - torch.Size([134]): 
The value is the same before and after calling `init_weights` of EncoderDecoder  

backbone.blocks3.4.mixer.m.attn.global_op.wt_filter - torch.Size([1088, 1, 2, 2]): 
The value is the same before and after calling `init_weights` of EncoderDecoder  

backbone.blocks3.4.mixer.m.attn.global_op.iwt_filter - torch.Size([1088, 1, 2, 2]): 
The value is the same before and after calling `init_weights` of EncoderDecoder  

backbone.blocks3.4.mixer.m.attn.global_op.global_atten.original_ss2d.x_proj_weight - torch.Size([2, 19, 544]): 
The value is the same before and after calling `init_weights` of EncoderDecoder  

backbone.blocks3.4.mixer.m.attn.global_op.global_atten.original_ss2d.Ds - torch.Size([1088]): 
The value is the same before and after calling `init_weights` of EncoderDecoder  

backbone.blocks3.4.mixer.m.attn.global_op.global_atten.original_ss2d.A_logs - torch.Size([1088, 1]): 
The value is the same before and after calling `init_weights` of EncoderDecoder  

backbone.blocks3.4.mixer.m.attn.global_op.global_atten.original_ss2d.dt_projs_weight - torch.Size([2, 544, 17]): 
The value is the same before and after calling `init_weights` of EncoderDecoder  

backbone.blocks3.4.mixer.m.attn.global_op.global_atten.original_ss2d.dt_projs_bias - torch.Size([2, 544]): 
The value is the same before and after calling `init_weights` of EncoderDecoder  

backbone.blocks3.4.mixer.m.attn.global_op.global_atten.original_ss2d.out_norm.weight - torch.Size([544]): 
The value is the same before and after calling `init_weights` of EncoderDecoder  

backbone.blocks3.4.mixer.m.attn.global_op.global_atten.original_ss2d.out_norm.bias - torch.Size([544]): 
The value is the same before and after calling `init_weights` of EncoderDecoder  

backbone.blocks3.4.mixer.m.attn.global_op.global_atten.original_ss2d.in_proj.c.weight - torch.Size([1088, 272, 1, 1]): 
The value is the same before and after calling `init_weights` of EncoderDecoder  

backbone.blocks3.4.mixer.m.attn.global_op.global_atten.original_ss2d.in_proj.bn.weight - torch.Size([1088]): 
The value is the same before and after calling `init_weights` of EncoderDecoder  

backbone.blocks3.4.mixer.m.attn.global_op.global_atten.original_ss2d.in_proj.bn.bias - torch.Size([1088]): 
The value is the same before and after calling `init_weights` of EncoderDecoder  

backbone.blocks3.4.mixer.m.attn.global_op.global_atten.original_ss2d.conv2d.weight - torch.Size([544, 1, 3, 3]): 
The value is the same before and after calling `init_weights` of EncoderDecoder  

backbone.blocks3.4.mixer.m.attn.global_op.global_atten.original_ss2d.conv2d.bias - torch.Size([544]): 
The value is the same before and after calling `init_weights` of EncoderDecoder  

backbone.blocks3.4.mixer.m.attn.global_op.global_atten.original_ss2d.out_proj.c.weight - torch.Size([272, 544, 1, 1]): 
The value is the same before and after calling `init_weights` of EncoderDecoder  

backbone.blocks3.4.mixer.m.attn.global_op.global_atten.original_ss2d.out_proj.bn.weight - torch.Size([272]): 
The value is the same before and after calling `init_weights` of EncoderDecoder  

backbone.blocks3.4.mixer.m.attn.global_op.global_atten.original_ss2d.out_proj.bn.bias - torch.Size([272]): 
The value is the same before and after calling `init_weights` of EncoderDecoder  

backbone.blocks3.4.mixer.m.attn.global_op.base_scale.weight - torch.Size([1, 272, 1, 1]): 
The value is the same before and after calling `init_weights` of EncoderDecoder  

backbone.blocks3.4.mixer.m.attn.global_op.wavelet_convs.0.weight - torch.Size([1088, 1, 3, 3]): 
The value is the same before and after calling `init_weights` of EncoderDecoder  

backbone.blocks3.4.mixer.m.attn.global_op.wavelet_scale.0.weight - torch.Size([1, 1088, 1, 1]): 
The value is the same before and after calling `init_weights` of EncoderDecoder  

backbone.blocks3.4.mixer.m.attn.proj.1.c.weight - torch.Size([448, 448, 1, 1]): 
The value is the same before and after calling `init_weights` of EncoderDecoder  

backbone.blocks3.4.mixer.m.attn.proj.1.bn.weight - torch.Size([448]): 
The value is the same before and after calling `init_weights` of EncoderDecoder  

backbone.blocks3.4.mixer.m.attn.proj.1.bn.bias - torch.Size([448]): 
The value is the same before and after calling `init_weights` of EncoderDecoder  

backbone.blocks3.4.dw1.m.c.weight - torch.Size([448, 1, 3, 3]): 
The value is the same before and after calling `init_weights` of EncoderDecoder  

backbone.blocks3.4.dw1.m.bn.weight - torch.Size([448]): 
The value is the same before and after calling `init_weights` of EncoderDecoder  

backbone.blocks3.4.dw1.m.bn.bias - torch.Size([448]): 
The value is the same before and after calling `init_weights` of EncoderDecoder  

backbone.blocks3.4.ffn1.m.pw1.c.weight - torch.Size([896, 448, 1, 1]): 
The value is the same before and after calling `init_weights` of EncoderDecoder  

backbone.blocks3.4.ffn1.m.pw1.bn.weight - torch.Size([896]): 
The value is the same before and after calling `init_weights` of EncoderDecoder  

backbone.blocks3.4.ffn1.m.pw1.bn.bias - torch.Size([896]): 
The value is the same before and after calling `init_weights` of EncoderDecoder  

backbone.blocks3.4.ffn1.m.pw2.c.weight - torch.Size([448, 896, 1, 1]): 
The value is the same before and after calling `init_weights` of EncoderDecoder  

backbone.blocks3.4.ffn1.m.pw2.bn.weight - torch.Size([448]): 
The value is the same before and after calling `init_weights` of EncoderDecoder  

backbone.blocks3.4.ffn1.m.pw2.bn.bias - torch.Size([448]): 
The value is the same before and after calling `init_weights` of EncoderDecoder  

decode_head.conv_seg.weight - torch.Size([2, 256, 1, 1]): 
NormalInit: mean=0, std=0.01, bias=0 

decode_head.conv_seg.bias - torch.Size([2]): 
NormalInit: mean=0, std=0.01, bias=0 

decode_head.convs.0.weight - torch.Size([256, 448, 3, 3]): 
The value is the same before and after calling `init_weights` of EncoderDecoder  

decode_head.convs.0.bias - torch.Size([256]): 
The value is the same before and after calling `init_weights` of EncoderDecoder  

decode_head.convs.1.weight - torch.Size([256]): 
The value is the same before and after calling `init_weights` of EncoderDecoder  

decode_head.convs.1.bias - torch.Size([256]): 
The value is the same before and after calling `init_weights` of EncoderDecoder  

decode_head.convs.3.weight - torch.Size([256, 256, 3, 3]): 
The value is the same before and after calling `init_weights` of EncoderDecoder  

decode_head.convs.3.bias - torch.Size([256]): 
The value is the same before and after calling `init_weights` of EncoderDecoder  

decode_head.convs.4.weight - torch.Size([256]): 
The value is the same before and after calling `init_weights` of EncoderDecoder  

decode_head.convs.4.bias - torch.Size([256]): 
The value is the same before and after calling `init_weights` of EncoderDecoder  

decode_head.cls_seg.weight - torch.Size([2, 256, 1, 1]): 
The value is the same before and after calling `init_weights` of EncoderDecoder  

decode_head.cls_seg.bias - torch.Size([2]): 
The value is the same before and after calling `init_weights` of EncoderDecoder  

auxiliary_head.conv_seg.weight - torch.Size([2, 128, 1, 1]): 
NormalInit: mean=0, std=0.01, bias=0 

auxiliary_head.conv_seg.bias - torch.Size([2]): 
NormalInit: mean=0, std=0.01, bias=0 

auxiliary_head.convs.0.weight - torch.Size([128, 376, 3, 3]): 
The value is the same before and after calling `init_weights` of EncoderDecoder  

auxiliary_head.convs.0.bias - torch.Size([128]): 
The value is the same before and after calling `init_weights` of EncoderDecoder  

auxiliary_head.convs.1.weight - torch.Size([128]): 
The value is the same before and after calling `init_weights` of EncoderDecoder  

auxiliary_head.convs.1.bias - torch.Size([128]): 
The value is the same before and after calling `init_weights` of EncoderDecoder  

auxiliary_head.cls_seg.weight - torch.Size([2, 128, 1, 1]): 
The value is the same before and after calling `init_weights` of EncoderDecoder  

auxiliary_head.cls_seg.bias - torch.Size([2]): 
The value is the same before and after calling `init_weights` of EncoderDecoder  
2025/06/15 17:41:43 - mmengine - WARNING - "FileClient" will be deprecated in future. Please use io functions in https://mmengine.readthedocs.io/en/latest/api/fileio.html#file-io
2025/06/15 17:41:43 - mmengine - WARNING - "HardDiskBackend" is the alias of "LocalBackend" and the former will be deprecated in future.
2025/06/15 17:41:43 - mmengine - INFO - Checkpoints will be saved to /tmp/SegMambaV1.0/seg/work_dirs/U-Net_MobileMamba.
2025/06/15 17:41:52 - mmengine - INFO - Iter(train) [   50/80000]  base_lr: 1.1785e-05 lr: 1.1785e-05  eta: 3:35:43  time: 0.1243  data_time: 0.0080  memory: 11937  grad_norm: 3.2195  loss: 0.9392  decode.loss_ce: 0.6687  decode.acc_seg: 72.4528  aux.loss_ce: 0.2705  aux.acc_seg: 58.3962
2025/06/15 17:41:58 - mmengine - INFO - Iter(train) [  100/80000]  base_lr: 2.3809e-05 lr: 2.3809e-05  eta: 3:14:00  time: 0.1258  data_time: 0.0090  memory: 1092  grad_norm: 2.7686  loss: 0.8590  decode.loss_ce: 0.6059  decode.acc_seg: 75.7112  aux.loss_ce: 0.2531  aux.acc_seg: 69.5789
2025/06/15 17:42:04 - mmengine - INFO - Iter(train) [  150/80000]  base_lr: 3.5833e-05 lr: 3.5833e-05  eta: 3:05:35  time: 0.1276  data_time: 0.0092  memory: 1092  grad_norm: 2.4680  loss: 0.7560  decode.loss_ce: 0.5196  decode.acc_seg: 90.0926  aux.loss_ce: 0.2364  aux.acc_seg: 79.9266
2025/06/15 17:42:11 - mmengine - INFO - Iter(train) [  200/80000]  base_lr: 4.7856e-05 lr: 4.7856e-05  eta: 3:00:35  time: 0.1260  data_time: 0.0079  memory: 1092  grad_norm: 2.1015  loss: 0.6559  decode.loss_ce: 0.4487  decode.acc_seg: 83.1757  aux.loss_ce: 0.2072  aux.acc_seg: 76.1960
2025/06/15 17:42:17 - mmengine - INFO - Exp name: U-Net_MobileMamba_20250615_174141
2025/06/15 17:42:17 - mmengine - INFO - Iter(train) [  250/80000]  base_lr: 5.9880e-05 lr: 5.9880e-05  eta: 2:56:33  time: 0.1239  data_time: 0.0082  memory: 1092  grad_norm: 2.2177  loss: 0.6916  decode.loss_ce: 0.4814  decode.acc_seg: 76.2630  aux.loss_ce: 0.2102  aux.acc_seg: 77.9455
2025/06/15 17:42:23 - mmengine - INFO - Iter(train) [  300/80000]  base_lr: 7.1904e-05 lr: 7.1904e-05  eta: 2:54:11  time: 0.1233  data_time: 0.0077  memory: 1092  grad_norm: 2.0136  loss: 0.6203  decode.loss_ce: 0.4246  decode.acc_seg: 74.4977  aux.loss_ce: 0.1956  aux.acc_seg: 72.5488
2025/06/15 17:42:29 - mmengine - INFO - Iter(train) [  350/80000]  base_lr: 8.3928e-05 lr: 8.3928e-05  eta: 2:53:47  time: 0.1247  data_time: 0.0083  memory: 1092  grad_norm: 2.0080  loss: 0.6192  decode.loss_ce: 0.4284  decode.acc_seg: 84.9430  aux.loss_ce: 0.1908  aux.acc_seg: 83.4214
2025/06/15 17:42:36 - mmengine - INFO - Iter(train) [  400/80000]  base_lr: 9.5952e-05 lr: 9.5952e-05  eta: 2:52:43  time: 0.1242  data_time: 0.0083  memory: 1092  grad_norm: 1.7343  loss: 0.5250  decode.loss_ce: 0.3619  decode.acc_seg: 82.6585  aux.loss_ce: 0.1631  aux.acc_seg: 79.5033
2025/06/15 17:42:42 - mmengine - INFO - Iter(train) [  450/80000]  base_lr: 1.0798e-04 lr: 1.0798e-04  eta: 2:51:52  time: 0.1249  data_time: 0.0086  memory: 1092  grad_norm: 2.6365  loss: 0.5988  decode.loss_ce: 0.4249  decode.acc_seg: 83.7658  aux.loss_ce: 0.1739  aux.acc_seg: 80.4059
2025/06/15 17:42:48 - mmengine - INFO - Iter(train) [  500/80000]  base_lr: 1.2000e-04 lr: 1.2000e-04  eta: 2:51:12  time: 0.1258  data_time: 0.0083  memory: 1092  grad_norm: 1.6479  loss: 0.5229  decode.loss_ce: 0.3610  decode.acc_seg: 89.6158  aux.loss_ce: 0.1619  aux.acc_seg: 94.5288
2025/06/15 17:42:54 - mmengine - INFO - Iter(train) [  550/80000]  base_lr: 1.2000e-04 lr: 1.2000e-04  eta: 2:50:27  time: 0.1237  data_time: 0.0073  memory: 1092  grad_norm: 1.7475  loss: 0.5499  decode.loss_ce: 0.3858  decode.acc_seg: 64.7596  aux.loss_ce: 0.1641  aux.acc_seg: 65.5347
2025/06/15 17:43:01 - mmengine - INFO - Iter(train) [  600/80000]  base_lr: 1.2000e-04 lr: 1.2000e-04  eta: 2:49:56  time: 0.1228  data_time: 0.0070  memory: 1092  grad_norm: 1.8416  loss: 0.5409  decode.loss_ce: 0.3833  decode.acc_seg: 78.0867  aux.loss_ce: 0.1576  aux.acc_seg: 72.8259
2025/06/15 17:43:07 - mmengine - INFO - Iter(train) [  650/80000]  base_lr: 1.2000e-04 lr: 1.2000e-04  eta: 2:49:04  time: 0.1238  data_time: 0.0073  memory: 1092  grad_norm: 1.6033  loss: 0.5234  decode.loss_ce: 0.3631  decode.acc_seg: 75.1348  aux.loss_ce: 0.1603  aux.acc_seg: 76.3839
2025/06/15 17:43:13 - mmengine - INFO - Iter(train) [  700/80000]  base_lr: 1.2000e-04 lr: 1.2000e-04  eta: 2:48:35  time: 0.1236  data_time: 0.0070  memory: 1092  grad_norm: 2.0340  loss: 0.5269  decode.loss_ce: 0.3672  decode.acc_seg: 72.5022  aux.loss_ce: 0.1597  aux.acc_seg: 69.3443
2025/06/15 17:43:19 - mmengine - INFO - Iter(train) [  750/80000]  base_lr: 1.2000e-04 lr: 1.2000e-04  eta: 2:48:07  time: 0.1229  data_time: 0.0071  memory: 1092  grad_norm: 1.8626  loss: 0.5685  decode.loss_ce: 0.3997  decode.acc_seg: 74.0096  aux.loss_ce: 0.1687  aux.acc_seg: 66.4383
2025/06/15 17:43:25 - mmengine - INFO - Iter(train) [  800/80000]  base_lr: 1.2000e-04 lr: 1.2000e-04  eta: 2:47:44  time: 0.1252  data_time: 0.0074  memory: 1092  grad_norm: 2.4208  loss: 0.6551  decode.loss_ce: 0.4642  decode.acc_seg: 85.4802  aux.loss_ce: 0.1909  aux.acc_seg: 88.0567
2025/06/15 17:43:32 - mmengine - INFO - Iter(train) [  850/80000]  base_lr: 1.2000e-04 lr: 1.2000e-04  eta: 2:47:42  time: 0.1249  data_time: 0.0073  memory: 1092  grad_norm: 1.6574  loss: 0.5578  decode.loss_ce: 0.3859  decode.acc_seg: 85.4711  aux.loss_ce: 0.1718  aux.acc_seg: 85.5066
2025/06/15 17:43:38 - mmengine - INFO - Iter(train) [  900/80000]  base_lr: 1.2000e-04 lr: 1.2000e-04  eta: 2:47:33  time: 0.1369  data_time: 0.0071  memory: 1092  grad_norm: 1.9084  loss: 0.5335  decode.loss_ce: 0.3750  decode.acc_seg: 84.5673  aux.loss_ce: 0.1585  aux.acc_seg: 79.2723
2025/06/15 17:43:44 - mmengine - INFO - Iter(train) [  950/80000]  base_lr: 1.2000e-04 lr: 1.2000e-04  eta: 2:47:13  time: 0.1231  data_time: 0.0071  memory: 1092  grad_norm: 2.1791  loss: 0.5472  decode.loss_ce: 0.3802  decode.acc_seg: 81.4990  aux.loss_ce: 0.1669  aux.acc_seg: 79.3050
2025/06/15 17:43:50 - mmengine - INFO - Exp name: U-Net_MobileMamba_20250615_174141
2025/06/15 17:43:50 - mmengine - INFO - Iter(train) [ 1000/80000]  base_lr: 1.2000e-04 lr: 1.2000e-04  eta: 2:46:52  time: 0.1274  data_time: 0.0077  memory: 1092  grad_norm: 2.5458  loss: 0.6042  decode.loss_ce: 0.4319  decode.acc_seg: 87.2361  aux.loss_ce: 0.1722  aux.acc_seg: 83.9499
2025/06/15 17:43:57 - mmengine - INFO - Iter(train) [ 1050/80000]  base_lr: 1.2000e-04 lr: 1.2000e-04  eta: 2:46:51  time: 0.1468  data_time: 0.0075  memory: 1092  grad_norm: 1.8239  loss: 0.4682  decode.loss_ce: 0.3187  decode.acc_seg: 86.0602  aux.loss_ce: 0.1495  aux.acc_seg: 86.5287
2025/06/15 17:44:03 - mmengine - INFO - Iter(train) [ 1100/80000]  base_lr: 1.2000e-04 lr: 1.2000e-04  eta: 2:46:32  time: 0.1249  data_time: 0.0073  memory: 1092  grad_norm: 2.1075  loss: 0.5769  decode.loss_ce: 0.4106  decode.acc_seg: 70.8680  aux.loss_ce: 0.1663  aux.acc_seg: 70.4765
2025/06/15 17:44:09 - mmengine - INFO - Iter(train) [ 1150/80000]  base_lr: 1.2000e-04 lr: 1.2000e-04  eta: 2:46:15  time: 0.1174  data_time: 0.0069  memory: 1092  grad_norm: 2.0328  loss: 0.4416  decode.loss_ce: 0.3058  decode.acc_seg: 68.2464  aux.loss_ce: 0.1358  aux.acc_seg: 64.5953
2025/06/15 17:44:15 - mmengine - INFO - Iter(train) [ 1200/80000]  base_lr: 1.2000e-04 lr: 1.2000e-04  eta: 2:46:04  time: 0.1242  data_time: 0.0073  memory: 1092  grad_norm: 1.9895  loss: 0.4881  decode.loss_ce: 0.3442  decode.acc_seg: 82.3624  aux.loss_ce: 0.1439  aux.acc_seg: 79.3435
2025/06/15 17:44:21 - mmengine - INFO - Iter(train) [ 1250/80000]  base_lr: 1.2000e-04 lr: 1.2000e-04  eta: 2:45:46  time: 0.1241  data_time: 0.0071  memory: 1092  grad_norm: 2.5129  loss: 0.6166  decode.loss_ce: 0.4392  decode.acc_seg: 77.6272  aux.loss_ce: 0.1774  aux.acc_seg: 78.3095
2025/06/15 17:44:28 - mmengine - INFO - Iter(train) [ 1300/80000]  base_lr: 1.2000e-04 lr: 1.2000e-04  eta: 2:45:40  time: 0.1133  data_time: 0.0073  memory: 1092  grad_norm: 1.9091  loss: 0.5039  decode.loss_ce: 0.3497  decode.acc_seg: 86.3000  aux.loss_ce: 0.1542  aux.acc_seg: 85.8195
2025/06/15 17:44:34 - mmengine - INFO - Iter(train) [ 1350/80000]  base_lr: 1.2000e-04 lr: 1.2000e-04  eta: 2:45:30  time: 0.1256  data_time: 0.0091  memory: 1092  grad_norm: 2.7253  loss: 0.5206  decode.loss_ce: 0.3668  decode.acc_seg: 91.9193  aux.loss_ce: 0.1539  aux.acc_seg: 86.4037
2025/06/15 17:44:40 - mmengine - INFO - Iter(train) [ 1400/80000]  base_lr: 1.2000e-04 lr: 1.2000e-04  eta: 2:45:22  time: 0.1235  data_time: 0.0073  memory: 1092  grad_norm: 2.3277  loss: 0.4897  decode.loss_ce: 0.3287  decode.acc_seg: 93.8970  aux.loss_ce: 0.1610  aux.acc_seg: 94.8183
2025/06/15 17:44:46 - mmengine - INFO - Iter(train) [ 1450/80000]  base_lr: 1.2000e-04 lr: 1.2000e-04  eta: 2:45:09  time: 0.1255  data_time: 0.0077  memory: 1092  grad_norm: 2.7710  loss: 0.5086  decode.loss_ce: 0.3516  decode.acc_seg: 77.5738  aux.loss_ce: 0.1570  aux.acc_seg: 75.6734
2025/06/15 17:44:53 - mmengine - INFO - Iter(train) [ 1500/80000]  base_lr: 1.2000e-04 lr: 1.2000e-04  eta: 2:44:54  time: 0.1250  data_time: 0.0073  memory: 1092  grad_norm: 2.1676  loss: 0.4767  decode.loss_ce: 0.3320  decode.acc_seg: 93.6538  aux.loss_ce: 0.1447  aux.acc_seg: 89.3402
2025/06/15 17:44:59 - mmengine - INFO - Iter(train) [ 1550/80000]  base_lr: 1.2000e-04 lr: 1.2000e-04  eta: 2:45:00  time: 0.1263  data_time: 0.0077  memory: 1092  grad_norm: 1.6839  loss: 0.3791  decode.loss_ce: 0.2523  decode.acc_seg: 90.8377  aux.loss_ce: 0.1269  aux.acc_seg: 83.1429
2025/06/15 17:45:05 - mmengine - INFO - Iter(train) [ 1600/80000]  base_lr: 1.2000e-04 lr: 1.2000e-04  eta: 2:44:50  time: 0.1256  data_time: 0.0073  memory: 1092  grad_norm: 2.2780  loss: 0.4569  decode.loss_ce: 0.3150  decode.acc_seg: 81.6282  aux.loss_ce: 0.1419  aux.acc_seg: 83.0908
2025/06/15 17:45:12 - mmengine - INFO - Iter(train) [ 1650/80000]  base_lr: 1.2000e-04 lr: 1.2000e-04  eta: 2:44:38  time: 0.1231  data_time: 0.0072  memory: 1092  grad_norm: 2.9224  loss: 0.6161  decode.loss_ce: 0.4307  decode.acc_seg: 81.0855  aux.loss_ce: 0.1855  aux.acc_seg: 81.8523
2025/06/15 17:45:18 - mmengine - INFO - Iter(train) [ 1700/80000]  base_lr: 1.2000e-04 lr: 1.2000e-04  eta: 2:44:25  time: 0.1244  data_time: 0.0074  memory: 1092  grad_norm: 1.9444  loss: 0.4202  decode.loss_ce: 0.2804  decode.acc_seg: 94.1177  aux.loss_ce: 0.1398  aux.acc_seg: 84.6490
2025/06/15 17:45:24 - mmengine - INFO - Iter(train) [ 1750/80000]  base_lr: 1.2000e-04 lr: 1.2000e-04  eta: 2:44:17  time: 0.1236  data_time: 0.0070  memory: 1092  grad_norm: 1.8728  loss: 0.4407  decode.loss_ce: 0.3040  decode.acc_seg: 81.3262  aux.loss_ce: 0.1367  aux.acc_seg: 78.9324
2025/06/15 17:45:30 - mmengine - INFO - Iter(train) [ 1800/80000]  base_lr: 1.2000e-04 lr: 1.2000e-04  eta: 2:44:11  time: 0.1486  data_time: 0.0075  memory: 1092  grad_norm: 2.3386  loss: 0.4341  decode.loss_ce: 0.2934  decode.acc_seg: 89.2370  aux.loss_ce: 0.1407  aux.acc_seg: 86.3916
2025/06/15 17:45:36 - mmengine - INFO - Iter(train) [ 1850/80000]  base_lr: 1.2000e-04 lr: 1.2000e-04  eta: 2:44:03  time: 0.1255  data_time: 0.0073  memory: 1092  grad_norm: 2.0768  loss: 0.3377  decode.loss_ce: 0.2231  decode.acc_seg: 90.9171  aux.loss_ce: 0.1146  aux.acc_seg: 88.3066
2025/06/15 17:45:43 - mmengine - INFO - Iter(train) [ 1900/80000]  base_lr: 1.2000e-04 lr: 1.2000e-04  eta: 2:43:49  time: 0.1232  data_time: 0.0073  memory: 1092  grad_norm: 2.2514  loss: 0.4208  decode.loss_ce: 0.2794  decode.acc_seg: 88.4190  aux.loss_ce: 0.1414  aux.acc_seg: 84.5232
2025/06/15 17:45:49 - mmengine - INFO - Iter(train) [ 1950/80000]  base_lr: 1.2000e-04 lr: 1.2000e-04  eta: 2:43:41  time: 0.1248  data_time: 0.0072  memory: 1092  grad_norm: 3.7255  loss: 0.5807  decode.loss_ce: 0.4098  decode.acc_seg: 91.5450  aux.loss_ce: 0.1709  aux.acc_seg: 92.0787
2025/06/15 17:45:55 - mmengine - INFO - Exp name: U-Net_MobileMamba_20250615_174141
2025/06/15 17:45:55 - mmengine - INFO - Iter(train) [ 2000/80000]  base_lr: 1.2000e-04 lr: 1.2000e-04  eta: 2:43:31  time: 0.1204  data_time: 0.0074  memory: 1092  grad_norm: 2.5036  loss: 0.4170  decode.loss_ce: 0.2722  decode.acc_seg: 84.7192  aux.loss_ce: 0.1448  aux.acc_seg: 79.5990
2025/06/15 17:46:01 - mmengine - INFO - Iter(train) [ 2050/80000]  base_lr: 1.2000e-04 lr: 1.2000e-04  eta: 2:43:20  time: 0.1171  data_time: 0.0073  memory: 1092  grad_norm: 2.5480  loss: 0.4224  decode.loss_ce: 0.2745  decode.acc_seg: 90.2383  aux.loss_ce: 0.1479  aux.acc_seg: 83.6967
2025/06/15 17:46:07 - mmengine - INFO - Iter(train) [ 2100/80000]  base_lr: 1.2000e-04 lr: 1.2000e-04  eta: 2:42:43  time: 0.1140  data_time: 0.0071  memory: 1092  grad_norm: 1.8926  loss: 0.3547  decode.loss_ce: 0.2453  decode.acc_seg: 90.0736  aux.loss_ce: 0.1094  aux.acc_seg: 87.0237
2025/06/15 17:46:13 - mmengine - INFO - Iter(train) [ 2150/80000]  base_lr: 1.2000e-04 lr: 1.2000e-04  eta: 2:42:26  time: 0.1245  data_time: 0.0070  memory: 1092  grad_norm: 2.9081  loss: 0.5242  decode.loss_ce: 0.3747  decode.acc_seg: 79.3639  aux.loss_ce: 0.1496  aux.acc_seg: 79.7293
2025/06/15 17:46:19 - mmengine - INFO - Iter(train) [ 2200/80000]  base_lr: 1.2000e-04 lr: 1.2000e-04  eta: 2:42:13  time: 0.1245  data_time: 0.0072  memory: 1092  grad_norm: 2.2306  loss: 0.3654  decode.loss_ce: 0.2563  decode.acc_seg: 85.8770  aux.loss_ce: 0.1091  aux.acc_seg: 82.9038
2025/06/15 17:46:25 - mmengine - INFO - Iter(train) [ 2250/80000]  base_lr: 1.2000e-04 lr: 1.2000e-04  eta: 2:42:05  time: 0.1238  data_time: 0.0073  memory: 1092  grad_norm: 2.2509  loss: 0.4517  decode.loss_ce: 0.3156  decode.acc_seg: 94.6167  aux.loss_ce: 0.1361  aux.acc_seg: 92.0550
2025/06/15 17:46:31 - mmengine - INFO - Iter(train) [ 2300/80000]  base_lr: 1.2000e-04 lr: 1.2000e-04  eta: 2:41:57  time: 0.1239  data_time: 0.0073  memory: 1092  grad_norm: 1.9348  loss: 0.4155  decode.loss_ce: 0.2869  decode.acc_seg: 78.2782  aux.loss_ce: 0.1285  aux.acc_seg: 76.0841
2025/06/15 17:46:38 - mmengine - INFO - Iter(train) [ 2350/80000]  base_lr: 1.2000e-04 lr: 1.2000e-04  eta: 2:41:55  time: 0.1238  data_time: 0.0077  memory: 1092  grad_norm: 2.2312  loss: 0.3471  decode.loss_ce: 0.2371  decode.acc_seg: 94.3184  aux.loss_ce: 0.1100  aux.acc_seg: 90.7723
2025/06/15 17:46:43 - mmengine - INFO - Iter(train) [ 2400/80000]  base_lr: 1.2000e-04 lr: 1.2000e-04  eta: 2:41:40  time: 0.1167  data_time: 0.0078  memory: 1092  grad_norm: 2.5147  loss: 0.4305  decode.loss_ce: 0.2908  decode.acc_seg: 93.4505  aux.loss_ce: 0.1396  aux.acc_seg: 82.9435
2025/06/15 17:46:50 - mmengine - INFO - Iter(train) [ 2450/80000]  base_lr: 1.2000e-04 lr: 1.2000e-04  eta: 2:41:35  time: 0.1253  data_time: 0.0072  memory: 1092  grad_norm: 2.7107  loss: 0.4762  decode.loss_ce: 0.3272  decode.acc_seg: 76.3136  aux.loss_ce: 0.1490  aux.acc_seg: 75.1477
2025/06/15 17:46:56 - mmengine - INFO - Iter(train) [ 2500/80000]  base_lr: 1.2000e-04 lr: 1.2000e-04  eta: 2:41:27  time: 0.1240  data_time: 0.0072  memory: 1092  grad_norm: 2.5476  loss: 0.3906  decode.loss_ce: 0.2725  decode.acc_seg: 95.6094  aux.loss_ce: 0.1181  aux.acc_seg: 92.3606
2025/06/15 17:47:02 - mmengine - INFO - Iter(train) [ 2550/80000]  base_lr: 1.2000e-04 lr: 1.2000e-04  eta: 2:41:18  time: 0.1240  data_time: 0.0069  memory: 1092  grad_norm: 2.7910  loss: 0.4238  decode.loss_ce: 0.2936  decode.acc_seg: 85.0828  aux.loss_ce: 0.1302  aux.acc_seg: 82.9010
2025/06/15 17:47:09 - mmengine - INFO - Iter(train) [ 2600/80000]  base_lr: 1.2000e-04 lr: 1.2000e-04  eta: 2:41:20  time: 0.1263  data_time: 0.0077  memory: 1092  grad_norm: 3.4412  loss: 0.4269  decode.loss_ce: 0.2944  decode.acc_seg: 83.9910  aux.loss_ce: 0.1325  aux.acc_seg: 88.0213
2025/06/15 17:47:15 - mmengine - INFO - Iter(train) [ 2650/80000]  base_lr: 1.2000e-04 lr: 1.2000e-04  eta: 2:41:13  time: 0.1254  data_time: 0.0078  memory: 1092  grad_norm: 3.1170  loss: 0.3861  decode.loss_ce: 0.2594  decode.acc_seg: 92.2114  aux.loss_ce: 0.1267  aux.acc_seg: 92.5658
2025/06/15 17:47:21 - mmengine - INFO - Iter(train) [ 2700/80000]  base_lr: 1.2000e-04 lr: 1.2000e-04  eta: 2:41:00  time: 0.1092  data_time: 0.0074  memory: 1092  grad_norm: 2.7151  loss: 0.3839  decode.loss_ce: 0.2670  decode.acc_seg: 86.0683  aux.loss_ce: 0.1169  aux.acc_seg: 88.3842
2025/06/15 17:47:27 - mmengine - INFO - Iter(train) [ 2750/80000]  base_lr: 1.2000e-04 lr: 1.2000e-04  eta: 2:40:49  time: 0.1157  data_time: 0.0075  memory: 1092  grad_norm: 2.4845  loss: 0.3553  decode.loss_ce: 0.2427  decode.acc_seg: 80.7579  aux.loss_ce: 0.1126  aux.acc_seg: 75.9368
2025/06/15 17:47:33 - mmengine - INFO - Iter(train) [ 2800/80000]  base_lr: 1.2000e-04 lr: 1.2000e-04  eta: 2:40:42  time: 0.1258  data_time: 0.0073  memory: 1092  grad_norm: 3.5578  loss: 0.4106  decode.loss_ce: 0.2863  decode.acc_seg: 93.9234  aux.loss_ce: 0.1243  aux.acc_seg: 91.0066
2025/06/15 17:47:40 - mmengine - INFO - Iter(train) [ 2850/80000]  base_lr: 1.2000e-04 lr: 1.2000e-04  eta: 2:40:47  time: 0.1266  data_time: 0.0075  memory: 1092  grad_norm: 4.1957  loss: 0.5122  decode.loss_ce: 0.3468  decode.acc_seg: 83.1532  aux.loss_ce: 0.1654  aux.acc_seg: 76.4174
2025/06/15 17:47:46 - mmengine - INFO - Iter(train) [ 2900/80000]  base_lr: 1.2000e-04 lr: 1.2000e-04  eta: 2:40:47  time: 0.1307  data_time: 0.0078  memory: 1092  grad_norm: 3.0582  loss: 0.3847  decode.loss_ce: 0.2552  decode.acc_seg: 84.8864  aux.loss_ce: 0.1295  aux.acc_seg: 83.0552
2025/06/15 17:47:53 - mmengine - INFO - Iter(train) [ 2950/80000]  base_lr: 1.2000e-04 lr: 1.2000e-04  eta: 2:40:45  time: 0.1278  data_time: 0.0072  memory: 1092  grad_norm: 2.6408  loss: 0.3554  decode.loss_ce: 0.2371  decode.acc_seg: 87.9550  aux.loss_ce: 0.1183  aux.acc_seg: 90.4927
2025/06/15 17:47:59 - mmengine - INFO - Exp name: U-Net_MobileMamba_20250615_174141
2025/06/15 17:47:59 - mmengine - INFO - Iter(train) [ 3000/80000]  base_lr: 1.2000e-04 lr: 1.2000e-04  eta: 2:40:42  time: 0.1290  data_time: 0.0077  memory: 1092  grad_norm: 2.6038  loss: 0.3261  decode.loss_ce: 0.2140  decode.acc_seg: 86.9096  aux.loss_ce: 0.1121  aux.acc_seg: 83.6852
2025/06/15 17:48:06 - mmengine - INFO - Iter(train) [ 3050/80000]  base_lr: 1.2000e-04 lr: 1.2000e-04  eta: 2:40:46  time: 0.1361  data_time: 0.0077  memory: 1092  grad_norm: 3.2087  loss: 0.3806  decode.loss_ce: 0.2606  decode.acc_seg: 89.7188  aux.loss_ce: 0.1200  aux.acc_seg: 82.3968
2025/06/15 17:48:12 - mmengine - INFO - Iter(train) [ 3100/80000]  base_lr: 1.2000e-04 lr: 1.2000e-04  eta: 2:40:43  time: 0.1261  data_time: 0.0075  memory: 1092  grad_norm: 3.1471  loss: 0.3885  decode.loss_ce: 0.2604  decode.acc_seg: 82.5208  aux.loss_ce: 0.1281  aux.acc_seg: 76.7353
2025/06/15 17:48:18 - mmengine - INFO - Iter(train) [ 3150/80000]  base_lr: 1.2000e-04 lr: 1.2000e-04  eta: 2:40:36  time: 0.1246  data_time: 0.0074  memory: 1092  grad_norm: 2.8211  loss: 0.3292  decode.loss_ce: 0.2271  decode.acc_seg: 92.9662  aux.loss_ce: 0.1021  aux.acc_seg: 86.7340
2025/06/15 17:48:24 - mmengine - INFO - Iter(train) [ 3200/80000]  base_lr: 1.2000e-04 lr: 1.2000e-04  eta: 2:40:13  time: 0.1108  data_time: 0.0073  memory: 1092  grad_norm: 2.0969  loss: 0.2856  decode.loss_ce: 0.1935  decode.acc_seg: 90.6138  aux.loss_ce: 0.0921  aux.acc_seg: 89.8978
2025/06/15 17:48:29 - mmengine - INFO - Iter(train) [ 3250/80000]  base_lr: 1.2000e-04 lr: 1.2000e-04  eta: 2:39:47  time: 0.1084  data_time: 0.0073  memory: 1092  grad_norm: 4.1887  loss: 0.5010  decode.loss_ce: 0.3449  decode.acc_seg: 87.8724  aux.loss_ce: 0.1560  aux.acc_seg: 84.1824
2025/06/15 17:48:35 - mmengine - INFO - Iter(train) [ 3300/80000]  base_lr: 1.2000e-04 lr: 1.2000e-04  eta: 2:39:23  time: 0.1094  data_time: 0.0074  memory: 1092  grad_norm: 3.0179  loss: 0.3716  decode.loss_ce: 0.2518  decode.acc_seg: 93.6415  aux.loss_ce: 0.1198  aux.acc_seg: 88.2967
2025/06/15 17:48:40 - mmengine - INFO - Iter(train) [ 3350/80000]  base_lr: 1.2000e-04 lr: 1.2000e-04  eta: 2:38:59  time: 0.1101  data_time: 0.0073  memory: 1092  grad_norm: 3.8908  loss: 0.4116  decode.loss_ce: 0.2842  decode.acc_seg: 92.1053  aux.loss_ce: 0.1275  aux.acc_seg: 90.9813
2025/06/15 17:48:46 - mmengine - INFO - Iter(train) [ 3400/80000]  base_lr: 1.2000e-04 lr: 1.2000e-04  eta: 2:38:45  time: 0.1234  data_time: 0.0073  memory: 1092  grad_norm: 2.6471  loss: 0.4297  decode.loss_ce: 0.2959  decode.acc_seg: 82.7229  aux.loss_ce: 0.1338  aux.acc_seg: 82.2169
2025/06/15 17:48:52 - mmengine - INFO - Iter(train) [ 3450/80000]  base_lr: 1.2000e-04 lr: 1.2000e-04  eta: 2:38:38  time: 0.1239  data_time: 0.0072  memory: 1092  grad_norm: 2.9210  loss: 0.3731  decode.loss_ce: 0.2526  decode.acc_seg: 91.2620  aux.loss_ce: 0.1205  aux.acc_seg: 87.3514
2025/06/15 17:48:59 - mmengine - INFO - Iter(train) [ 3500/80000]  base_lr: 1.2000e-04 lr: 1.2000e-04  eta: 2:38:30  time: 0.1216  data_time: 0.0074  memory: 1092  grad_norm: 2.9261  loss: 0.3577  decode.loss_ce: 0.2486  decode.acc_seg: 88.3304  aux.loss_ce: 0.1091  aux.acc_seg: 88.6285
2025/06/15 17:49:05 - mmengine - INFO - Iter(train) [ 3550/80000]  base_lr: 1.2000e-04 lr: 1.2000e-04  eta: 2:38:24  time: 0.1254  data_time: 0.0077  memory: 1092  grad_norm: 2.7006  loss: 0.2908  decode.loss_ce: 0.2034  decode.acc_seg: 96.8686  aux.loss_ce: 0.0875  aux.acc_seg: 96.0510
2025/06/15 17:49:11 - mmengine - INFO - Iter(train) [ 3600/80000]  base_lr: 1.2000e-04 lr: 1.2000e-04  eta: 2:38:17  time: 0.1237  data_time: 0.0071  memory: 1092  grad_norm: 2.6287  loss: 0.2831  decode.loss_ce: 0.1934  decode.acc_seg: 93.8312  aux.loss_ce: 0.0898  aux.acc_seg: 92.5521
2025/06/15 17:49:17 - mmengine - INFO - Iter(train) [ 3650/80000]  base_lr: 1.2000e-04 lr: 1.2000e-04  eta: 2:38:12  time: 0.1245  data_time: 0.0075  memory: 1092  grad_norm: 3.2918  loss: 0.3502  decode.loss_ce: 0.2412  decode.acc_seg: 89.6828  aux.loss_ce: 0.1090  aux.acc_seg: 92.1300
2025/06/15 17:49:24 - mmengine - INFO - Iter(train) [ 3700/80000]  base_lr: 1.2000e-04 lr: 1.2000e-04  eta: 2:38:09  time: 0.1523  data_time: 0.0123  memory: 1092  grad_norm: 4.2191  loss: 0.4582  decode.loss_ce: 0.3123  decode.acc_seg: 83.6663  aux.loss_ce: 0.1459  aux.acc_seg: 76.4021
2025/06/15 17:49:30 - mmengine - INFO - Iter(train) [ 3750/80000]  base_lr: 1.2000e-04 lr: 1.2000e-04  eta: 2:38:00  time: 0.1133  data_time: 0.0071  memory: 1092  grad_norm: 3.1402  loss: 0.3754  decode.loss_ce: 0.2522  decode.acc_seg: 88.4848  aux.loss_ce: 0.1232  aux.acc_seg: 87.6174
2025/06/15 17:49:35 - mmengine - INFO - Iter(train) [ 3800/80000]  base_lr: 1.2000e-04 lr: 1.2000e-04  eta: 2:37:38  time: 0.1073  data_time: 0.0072  memory: 1092  grad_norm: 2.5774  loss: 0.3790  decode.loss_ce: 0.2741  decode.acc_seg: 86.1600  aux.loss_ce: 0.1049  aux.acc_seg: 85.4942
2025/06/15 17:49:41 - mmengine - INFO - Iter(train) [ 3850/80000]  base_lr: 1.2000e-04 lr: 1.2000e-04  eta: 2:37:26  time: 0.1218  data_time: 0.0073  memory: 1092  grad_norm: 2.7535  loss: 0.3263  decode.loss_ce: 0.2235  decode.acc_seg: 92.1525  aux.loss_ce: 0.1028  aux.acc_seg: 92.3501
2025/06/15 17:49:47 - mmengine - INFO - Iter(train) [ 3900/80000]  base_lr: 1.2000e-04 lr: 1.2000e-04  eta: 2:37:18  time: 0.1203  data_time: 0.0069  memory: 1092  grad_norm: 2.6981  loss: 0.2667  decode.loss_ce: 0.1725  decode.acc_seg: 97.0232  aux.loss_ce: 0.0942  aux.acc_seg: 95.3124
2025/06/15 17:49:53 - mmengine - INFO - Iter(train) [ 3950/80000]  base_lr: 1.2000e-04 lr: 1.2000e-04  eta: 2:37:07  time: 0.1219  data_time: 0.0076  memory: 1092  grad_norm: 3.9842  loss: 0.3413  decode.loss_ce: 0.2287  decode.acc_seg: 95.1747  aux.loss_ce: 0.1127  aux.acc_seg: 91.3195
2025/06/15 17:49:59 - mmengine - INFO - Exp name: U-Net_MobileMamba_20250615_174141
2025/06/15 17:49:59 - mmengine - INFO - Iter(train) [ 4000/80000]  base_lr: 1.2000e-04 lr: 1.2000e-04  eta: 2:36:46  time: 0.1075  data_time: 0.0075  memory: 1092  grad_norm: 4.6691  loss: 0.5825  decode.loss_ce: 0.4198  decode.acc_seg: 90.5504  aux.loss_ce: 0.1627  aux.acc_seg: 88.7961
2025/06/15 17:50:04 - mmengine - INFO - Iter(train) [ 4050/80000]  base_lr: 1.2000e-04 lr: 1.2000e-04  eta: 2:36:30  time: 0.1189  data_time: 0.0078  memory: 1092  grad_norm: 3.4009  loss: 0.4213  decode.loss_ce: 0.2969  decode.acc_seg: 92.5605  aux.loss_ce: 0.1244  aux.acc_seg: 92.4423
2025/06/15 17:50:11 - mmengine - INFO - Iter(train) [ 4100/80000]  base_lr: 1.2000e-04 lr: 1.2000e-04  eta: 2:36:27  time: 0.1270  data_time: 0.0074  memory: 1092  grad_norm: 2.8961  loss: 0.2928  decode.loss_ce: 0.1887  decode.acc_seg: 93.3553  aux.loss_ce: 0.1042  aux.acc_seg: 89.3846
2025/06/15 17:50:17 - mmengine - INFO - Iter(train) [ 4150/80000]  base_lr: 1.2000e-04 lr: 1.2000e-04  eta: 2:36:26  time: 0.1284  data_time: 0.0076  memory: 1092  grad_norm: 4.5629  loss: 0.4271  decode.loss_ce: 0.3041  decode.acc_seg: 95.8324  aux.loss_ce: 0.1231  aux.acc_seg: 94.3920
2025/06/15 17:50:24 - mmengine - INFO - Iter(train) [ 4200/80000]  base_lr: 1.2000e-04 lr: 1.2000e-04  eta: 2:36:28  time: 0.1582  data_time: 0.0101  memory: 1092  grad_norm: 2.6590  loss: 0.2793  decode.loss_ce: 0.1831  decode.acc_seg: 95.1731  aux.loss_ce: 0.0962  aux.acc_seg: 94.1498
2025/06/15 17:50:30 - mmengine - INFO - Iter(train) [ 4250/80000]  base_lr: 1.2000e-04 lr: 1.2000e-04  eta: 2:36:22  time: 0.1129  data_time: 0.0073  memory: 1092  grad_norm: 3.4916  loss: 0.3720  decode.loss_ce: 0.2513  decode.acc_seg: 89.1795  aux.loss_ce: 0.1207  aux.acc_seg: 86.5912
2025/06/15 17:50:36 - mmengine - INFO - Iter(train) [ 4300/80000]  base_lr: 1.2000e-04 lr: 1.2000e-04  eta: 2:36:15  time: 0.1244  data_time: 0.0073  memory: 1092  grad_norm: 3.8393  loss: 0.3256  decode.loss_ce: 0.2246  decode.acc_seg: 95.9161  aux.loss_ce: 0.1010  aux.acc_seg: 93.8441
2025/06/15 17:50:42 - mmengine - INFO - Iter(train) [ 4350/80000]  base_lr: 1.2000e-04 lr: 1.2000e-04  eta: 2:36:09  time: 0.1238  data_time: 0.0070  memory: 1092  grad_norm: 2.2838  loss: 0.2637  decode.loss_ce: 0.1813  decode.acc_seg: 91.6041  aux.loss_ce: 0.0824  aux.acc_seg: 88.4746
2025/06/15 17:50:48 - mmengine - INFO - Iter(train) [ 4400/80000]  base_lr: 1.2000e-04 lr: 1.2000e-04  eta: 2:36:04  time: 0.1249  data_time: 0.0070  memory: 1092  grad_norm: 2.9001  loss: 0.4235  decode.loss_ce: 0.2916  decode.acc_seg: 95.5164  aux.loss_ce: 0.1320  aux.acc_seg: 95.2068
2025/06/15 17:50:55 - mmengine - INFO - Iter(train) [ 4450/80000]  base_lr: 1.2000e-04 lr: 1.2000e-04  eta: 2:36:00  time: 0.1415  data_time: 0.0100  memory: 1092  grad_norm: 3.8704  loss: 0.3811  decode.loss_ce: 0.2540  decode.acc_seg: 82.6741  aux.loss_ce: 0.1270  aux.acc_seg: 78.2280
2025/06/15 17:51:01 - mmengine - INFO - Iter(train) [ 4500/80000]  base_lr: 1.2000e-04 lr: 1.2000e-04  eta: 2:35:56  time: 0.1248  data_time: 0.0077  memory: 1092  grad_norm: 4.4248  loss: 0.4828  decode.loss_ce: 0.3439  decode.acc_seg: 91.9815  aux.loss_ce: 0.1389  aux.acc_seg: 87.4299
2025/06/15 17:51:07 - mmengine - INFO - Iter(train) [ 4550/80000]  base_lr: 1.2000e-04 lr: 1.2000e-04  eta: 2:35:50  time: 0.1248  data_time: 0.0074  memory: 1092  grad_norm: 2.4213  loss: 0.2860  decode.loss_ce: 0.1883  decode.acc_seg: 89.2813  aux.loss_ce: 0.0977  aux.acc_seg: 85.5899
2025/06/15 17:51:14 - mmengine - INFO - Iter(train) [ 4600/80000]  base_lr: 1.2000e-04 lr: 1.2000e-04  eta: 2:35:44  time: 0.1245  data_time: 0.0072  memory: 1092  grad_norm: 4.1884  loss: 0.3421  decode.loss_ce: 0.2437  decode.acc_seg: 93.7492  aux.loss_ce: 0.0984  aux.acc_seg: 93.4830
2025/06/15 17:51:20 - mmengine - INFO - Iter(train) [ 4650/80000]  base_lr: 1.2000e-04 lr: 1.2000e-04  eta: 2:35:35  time: 0.1223  data_time: 0.0073  memory: 1092  grad_norm: 3.6767  loss: 0.3248  decode.loss_ce: 0.2186  decode.acc_seg: 95.9822  aux.loss_ce: 0.1062  aux.acc_seg: 95.3149
2025/06/15 17:51:26 - mmengine - INFO - Iter(train) [ 4700/80000]  base_lr: 1.2000e-04 lr: 1.2000e-04  eta: 2:35:27  time: 0.1196  data_time: 0.0070  memory: 1092  grad_norm: 4.8569  loss: 0.3396  decode.loss_ce: 0.2332  decode.acc_seg: 88.3415  aux.loss_ce: 0.1063  aux.acc_seg: 85.1286
2025/06/15 17:51:32 - mmengine - INFO - Iter(train) [ 4750/80000]  base_lr: 1.2000e-04 lr: 1.2000e-04  eta: 2:35:23  time: 0.1242  data_time: 0.0071  memory: 1092  grad_norm: 3.4633  loss: 0.3398  decode.loss_ce: 0.2291  decode.acc_seg: 94.5263  aux.loss_ce: 0.1107  aux.acc_seg: 89.8711
2025/06/15 17:51:38 - mmengine - INFO - Iter(train) [ 4800/80000]  base_lr: 1.2000e-04 lr: 1.2000e-04  eta: 2:35:17  time: 0.1236  data_time: 0.0073  memory: 1092  grad_norm: 2.7829  loss: 0.2621  decode.loss_ce: 0.1755  decode.acc_seg: 93.1951  aux.loss_ce: 0.0866  aux.acc_seg: 91.4228
2025/06/15 17:51:44 - mmengine - INFO - Iter(train) [ 4850/80000]  base_lr: 1.2000e-04 lr: 1.2000e-04  eta: 2:35:11  time: 0.1290  data_time: 0.0075  memory: 1092  grad_norm: 2.9712  loss: 0.3822  decode.loss_ce: 0.2533  decode.acc_seg: 81.1226  aux.loss_ce: 0.1289  aux.acc_seg: 77.5326
2025/06/15 17:51:51 - mmengine - INFO - Iter(train) [ 4900/80000]  base_lr: 1.2000e-04 lr: 1.2000e-04  eta: 2:35:05  time: 0.1232  data_time: 0.0075  memory: 1092  grad_norm: 3.2711  loss: 0.3172  decode.loss_ce: 0.2129  decode.acc_seg: 95.6605  aux.loss_ce: 0.1042  aux.acc_seg: 91.9846
2025/06/15 17:51:57 - mmengine - INFO - Iter(train) [ 4950/80000]  base_lr: 1.2000e-04 lr: 1.2000e-04  eta: 2:34:58  time: 0.1226  data_time: 0.0073  memory: 1092  grad_norm: 4.0364  loss: 0.3452  decode.loss_ce: 0.2289  decode.acc_seg: 94.9610  aux.loss_ce: 0.1163  aux.acc_seg: 88.8509
2025/06/15 17:52:03 - mmengine - INFO - Exp name: U-Net_MobileMamba_20250615_174141
2025/06/15 17:52:03 - mmengine - INFO - Iter(train) [ 5000/80000]  base_lr: 1.2000e-04 lr: 1.2000e-04  eta: 2:34:57  time: 0.1226  data_time: 0.0072  memory: 1092  grad_norm: 4.2687  loss: 0.3665  decode.loss_ce: 0.2501  decode.acc_seg: 94.8065  aux.loss_ce: 0.1165  aux.acc_seg: 93.9176
2025/06/15 17:52:10 - mmengine - INFO - Iter(train) [ 5050/80000]  base_lr: 1.2000e-04 lr: 1.2000e-04  eta: 2:34:51  time: 0.1250  data_time: 0.0075  memory: 1092  grad_norm: 2.3477  loss: 0.3043  decode.loss_ce: 0.2010  decode.acc_seg: 96.5738  aux.loss_ce: 0.1032  aux.acc_seg: 92.3204
2025/06/15 17:52:16 - mmengine - INFO - Iter(train) [ 5100/80000]  base_lr: 1.2000e-04 lr: 1.2000e-04  eta: 2:34:45  time: 0.1254  data_time: 0.0076  memory: 1092  grad_norm: 2.7190  loss: 0.2446  decode.loss_ce: 0.1609  decode.acc_seg: 96.8798  aux.loss_ce: 0.0837  aux.acc_seg: 94.4539
2025/06/15 17:52:22 - mmengine - INFO - Iter(train) [ 5150/80000]  base_lr: 1.2000e-04 lr: 1.2000e-04  eta: 2:34:38  time: 0.1239  data_time: 0.0072  memory: 1092  grad_norm: 2.8254  loss: 0.2905  decode.loss_ce: 0.1927  decode.acc_seg: 97.0090  aux.loss_ce: 0.0978  aux.acc_seg: 95.2981
2025/06/15 17:52:28 - mmengine - INFO - Iter(train) [ 5200/80000]  base_lr: 1.2000e-04 lr: 1.2000e-04  eta: 2:34:31  time: 0.1223  data_time: 0.0072  memory: 1092  grad_norm: 3.5942  loss: 0.3363  decode.loss_ce: 0.2262  decode.acc_seg: 91.3559  aux.loss_ce: 0.1102  aux.acc_seg: 86.2947
2025/06/15 17:52:34 - mmengine - INFO - Iter(train) [ 5250/80000]  base_lr: 1.2000e-04 lr: 1.2000e-04  eta: 2:34:28  time: 0.1228  data_time: 0.0071  memory: 1092  grad_norm: 4.7533  loss: 0.4057  decode.loss_ce: 0.2807  decode.acc_seg: 92.7144  aux.loss_ce: 0.1249  aux.acc_seg: 89.2879
2025/06/15 17:52:41 - mmengine - INFO - Iter(train) [ 5300/80000]  base_lr: 1.2000e-04 lr: 1.2000e-04  eta: 2:34:22  time: 0.1247  data_time: 0.0073  memory: 1092  grad_norm: 5.0676  loss: 0.3514  decode.loss_ce: 0.2330  decode.acc_seg: 96.8285  aux.loss_ce: 0.1184  aux.acc_seg: 97.1350
2025/06/15 17:52:47 - mmengine - INFO - Iter(train) [ 5350/80000]  base_lr: 1.2000e-04 lr: 1.2000e-04  eta: 2:34:16  time: 0.1253  data_time: 0.0073  memory: 1092  grad_norm: 3.2628  loss: 0.2658  decode.loss_ce: 0.1747  decode.acc_seg: 94.5401  aux.loss_ce: 0.0911  aux.acc_seg: 94.0888
2025/06/15 17:52:53 - mmengine - INFO - Iter(train) [ 5400/80000]  base_lr: 1.2000e-04 lr: 1.2000e-04  eta: 2:34:08  time: 0.1229  data_time: 0.0072  memory: 1092  grad_norm: 4.5243  loss: 0.3588  decode.loss_ce: 0.2382  decode.acc_seg: 96.3132  aux.loss_ce: 0.1206  aux.acc_seg: 92.1317
2025/06/15 17:52:59 - mmengine - INFO - Iter(train) [ 5450/80000]  base_lr: 1.2000e-04 lr: 1.2000e-04  eta: 2:33:59  time: 0.1217  data_time: 0.0071  memory: 1092  grad_norm: 4.2708  loss: 0.3804  decode.loss_ce: 0.2565  decode.acc_seg: 95.9492  aux.loss_ce: 0.1239  aux.acc_seg: 94.4653
2025/06/15 17:53:06 - mmengine - INFO - Iter(train) [ 5500/80000]  base_lr: 1.2000e-04 lr: 1.2000e-04  eta: 2:33:58  time: 0.1254  data_time: 0.0075  memory: 1092  grad_norm: 2.0056  loss: 0.2091  decode.loss_ce: 0.1380  decode.acc_seg: 94.7316  aux.loss_ce: 0.0712  aux.acc_seg: 90.2567
2025/06/15 17:53:12 - mmengine - INFO - Iter(train) [ 5550/80000]  base_lr: 1.2000e-04 lr: 1.2000e-04  eta: 2:33:50  time: 0.1209  data_time: 0.0073  memory: 1092  grad_norm: 3.0668  loss: 0.3272  decode.loss_ce: 0.2318  decode.acc_seg: 94.5885  aux.loss_ce: 0.0953  aux.acc_seg: 92.7562
2025/06/15 17:53:18 - mmengine - INFO - Iter(train) [ 5600/80000]  base_lr: 1.2000e-04 lr: 1.2000e-04  eta: 2:33:45  time: 0.1238  data_time: 0.0075  memory: 1092  grad_norm: 4.4029  loss: 0.3167  decode.loss_ce: 0.2183  decode.acc_seg: 87.4649  aux.loss_ce: 0.0984  aux.acc_seg: 85.6212
2025/06/15 17:53:24 - mmengine - INFO - Iter(train) [ 5650/80000]  base_lr: 1.2000e-04 lr: 1.2000e-04  eta: 2:33:38  time: 0.1232  data_time: 0.0075  memory: 1092  grad_norm: 4.5246  loss: 0.3455  decode.loss_ce: 0.2379  decode.acc_seg: 93.5970  aux.loss_ce: 0.1076  aux.acc_seg: 93.7733
2025/06/15 17:53:30 - mmengine - INFO - Iter(train) [ 5700/80000]  base_lr: 1.2000e-04 lr: 1.2000e-04  eta: 2:33:32  time: 0.1238  data_time: 0.0074  memory: 1092  grad_norm: 3.3775  loss: 0.3554  decode.loss_ce: 0.2428  decode.acc_seg: 94.8814  aux.loss_ce: 0.1125  aux.acc_seg: 94.2328
2025/06/15 17:53:36 - mmengine - INFO - Iter(train) [ 5750/80000]  base_lr: 1.2000e-04 lr: 1.2000e-04  eta: 2:33:26  time: 0.1243  data_time: 0.0074  memory: 1092  grad_norm: 3.6013  loss: 0.2732  decode.loss_ce: 0.1731  decode.acc_seg: 89.7013  aux.loss_ce: 0.1001  aux.acc_seg: 90.3086
2025/06/15 17:53:43 - mmengine - INFO - Iter(train) [ 5800/80000]  base_lr: 1.2000e-04 lr: 1.2000e-04  eta: 2:33:19  time: 0.1240  data_time: 0.0071  memory: 1092  grad_norm: 2.3368  loss: 0.1935  decode.loss_ce: 0.1241  decode.acc_seg: 95.3329  aux.loss_ce: 0.0694  aux.acc_seg: 95.3120
2025/06/15 17:53:49 - mmengine - INFO - Iter(train) [ 5850/80000]  base_lr: 1.2000e-04 lr: 1.2000e-04  eta: 2:33:12  time: 0.1249  data_time: 0.0074  memory: 1092  grad_norm: 4.7618  loss: 0.3098  decode.loss_ce: 0.2144  decode.acc_seg: 97.6439  aux.loss_ce: 0.0954  aux.acc_seg: 97.7906
2025/06/15 17:53:55 - mmengine - INFO - Iter(train) [ 5900/80000]  base_lr: 1.2000e-04 lr: 1.2000e-04  eta: 2:33:07  time: 0.1253  data_time: 0.0072  memory: 1092  grad_norm: 3.7961  loss: 0.3225  decode.loss_ce: 0.2198  decode.acc_seg: 96.4297  aux.loss_ce: 0.1028  aux.acc_seg: 95.2042
2025/06/15 17:54:01 - mmengine - INFO - Iter(train) [ 5950/80000]  base_lr: 1.2000e-04 lr: 1.2000e-04  eta: 2:33:02  time: 0.1245  data_time: 0.0082  memory: 1092  grad_norm: 4.2982  loss: 0.5362  decode.loss_ce: 0.3575  decode.acc_seg: 80.9792  aux.loss_ce: 0.1787  aux.acc_seg: 79.0350
2025/06/15 17:54:08 - mmengine - INFO - Exp name: U-Net_MobileMamba_20250615_174141
2025/06/15 17:54:08 - mmengine - INFO - Iter(train) [ 6000/80000]  base_lr: 1.2000e-04 lr: 1.2000e-04  eta: 2:32:58  time: 0.1278  data_time: 0.0075  memory: 1092  grad_norm: 3.3746  loss: 0.3938  decode.loss_ce: 0.2630  decode.acc_seg: 77.3137  aux.loss_ce: 0.1308  aux.acc_seg: 73.5669
2025/06/15 17:54:14 - mmengine - INFO - Iter(train) [ 6050/80000]  base_lr: 1.2000e-04 lr: 1.2000e-04  eta: 2:32:52  time: 0.1264  data_time: 0.0075  memory: 1092  grad_norm: 4.8744  loss: 0.2798  decode.loss_ce: 0.1746  decode.acc_seg: 96.5481  aux.loss_ce: 0.1051  aux.acc_seg: 93.7899
2025/06/15 17:54:20 - mmengine - INFO - Iter(train) [ 6100/80000]  base_lr: 1.2000e-04 lr: 1.2000e-04  eta: 2:32:46  time: 0.1241  data_time: 0.0072  memory: 1092  grad_norm: 4.3150  loss: 0.3177  decode.loss_ce: 0.2156  decode.acc_seg: 92.9618  aux.loss_ce: 0.1020  aux.acc_seg: 88.6270
2025/06/15 17:54:26 - mmengine - INFO - Iter(train) [ 6150/80000]  base_lr: 1.2000e-04 lr: 1.2000e-04  eta: 2:32:39  time: 0.1234  data_time: 0.0071  memory: 1092  grad_norm: 4.2612  loss: 0.4592  decode.loss_ce: 0.3217  decode.acc_seg: 89.9348  aux.loss_ce: 0.1375  aux.acc_seg: 92.2977
2025/06/15 17:54:33 - mmengine - INFO - Iter(train) [ 6200/80000]  base_lr: 1.2000e-04 lr: 1.2000e-04  eta: 2:32:36  time: 0.1251  data_time: 0.0070  memory: 1092  grad_norm: 2.7128  loss: 0.3267  decode.loss_ce: 0.2158  decode.acc_seg: 96.3740  aux.loss_ce: 0.1109  aux.acc_seg: 95.4457
2025/06/15 17:54:39 - mmengine - INFO - Iter(train) [ 6250/80000]  base_lr: 1.2000e-04 lr: 1.2000e-04  eta: 2:32:28  time: 0.1170  data_time: 0.0070  memory: 1092  grad_norm: 3.6492  loss: 0.2165  decode.loss_ce: 0.1434  decode.acc_seg: 93.4452  aux.loss_ce: 0.0730  aux.acc_seg: 90.5625
2025/06/15 17:54:45 - mmengine - INFO - Iter(train) [ 6300/80000]  base_lr: 1.2000e-04 lr: 1.2000e-04  eta: 2:32:21  time: 0.1128  data_time: 0.0071  memory: 1092  grad_norm: 3.3466  loss: 0.2283  decode.loss_ce: 0.1449  decode.acc_seg: 94.1075  aux.loss_ce: 0.0834  aux.acc_seg: 94.9691
2025/06/15 17:54:51 - mmengine - INFO - Iter(train) [ 6350/80000]  base_lr: 1.2000e-04 lr: 1.2000e-04  eta: 2:32:13  time: 0.1201  data_time: 0.0070  memory: 1092  grad_norm: 4.0904  loss: 0.2905  decode.loss_ce: 0.1922  decode.acc_seg: 82.7170  aux.loss_ce: 0.0983  aux.acc_seg: 76.8477
2025/06/15 17:54:57 - mmengine - INFO - Iter(train) [ 6400/80000]  base_lr: 1.2000e-04 lr: 1.2000e-04  eta: 2:32:09  time: 0.1261  data_time: 0.0072  memory: 1092  grad_norm: 4.3250  loss: 0.3592  decode.loss_ce: 0.2401  decode.acc_seg: 97.0212  aux.loss_ce: 0.1190  aux.acc_seg: 93.9749
2025/06/15 17:55:04 - mmengine - INFO - Iter(train) [ 6450/80000]  base_lr: 1.2000e-04 lr: 1.2000e-04  eta: 2:32:03  time: 0.1232  data_time: 0.0073  memory: 1092  grad_norm: 3.0808  loss: 0.2669  decode.loss_ce: 0.1768  decode.acc_seg: 96.7949  aux.loss_ce: 0.0901  aux.acc_seg: 96.8308
2025/06/15 17:55:10 - mmengine - INFO - Iter(train) [ 6500/80000]  base_lr: 1.2000e-04 lr: 1.2000e-04  eta: 2:32:00  time: 0.1253  data_time: 0.0075  memory: 1092  grad_norm: 7.2921  loss: 0.4752  decode.loss_ce: 0.3418  decode.acc_seg: 96.9719  aux.loss_ce: 0.1334  aux.acc_seg: 94.4884
2025/06/15 17:55:16 - mmengine - INFO - Iter(train) [ 6550/80000]  base_lr: 1.2000e-04 lr: 1.2000e-04  eta: 2:31:54  time: 0.1233  data_time: 0.0071  memory: 1092  grad_norm: 3.3457  loss: 0.2449  decode.loss_ce: 0.1649  decode.acc_seg: 90.4825  aux.loss_ce: 0.0800  aux.acc_seg: 92.7853
2025/06/15 17:55:22 - mmengine - INFO - Iter(train) [ 6600/80000]  base_lr: 1.2000e-04 lr: 1.2000e-04  eta: 2:31:47  time: 0.1231  data_time: 0.0070  memory: 1092  grad_norm: 6.5676  loss: 0.2510  decode.loss_ce: 0.1712  decode.acc_seg: 95.2381  aux.loss_ce: 0.0798  aux.acc_seg: 93.4468
2025/06/15 17:55:28 - mmengine - INFO - Iter(train) [ 6650/80000]  base_lr: 1.2000e-04 lr: 1.2000e-04  eta: 2:31:39  time: 0.1167  data_time: 0.0071  memory: 1092  grad_norm: 4.3261  loss: 0.2458  decode.loss_ce: 0.1610  decode.acc_seg: 94.9781  aux.loss_ce: 0.0848  aux.acc_seg: 91.1682
2025/06/15 17:55:35 - mmengine - INFO - Iter(train) [ 6700/80000]  base_lr: 1.2000e-04 lr: 1.2000e-04  eta: 2:31:33  time: 0.1198  data_time: 0.0073  memory: 1092  grad_norm: 2.0242  loss: 0.2124  decode.loss_ce: 0.1366  decode.acc_seg: 96.8470  aux.loss_ce: 0.0758  aux.acc_seg: 95.0065
2025/06/15 17:55:41 - mmengine - INFO - Iter(train) [ 6750/80000]  base_lr: 1.2000e-04 lr: 1.2000e-04  eta: 2:31:26  time: 0.1224  data_time: 0.0074  memory: 1092  grad_norm: 7.4689  loss: 0.4119  decode.loss_ce: 0.2732  decode.acc_seg: 90.9828  aux.loss_ce: 0.1387  aux.acc_seg: 91.3758
2025/06/15 17:55:47 - mmengine - INFO - Iter(train) [ 6800/80000]  base_lr: 1.2000e-04 lr: 1.2000e-04  eta: 2:31:22  time: 0.1181  data_time: 0.0072  memory: 1092  grad_norm: 6.9980  loss: 0.3141  decode.loss_ce: 0.2045  decode.acc_seg: 92.6580  aux.loss_ce: 0.1095  aux.acc_seg: 88.1990
2025/06/15 17:55:54 - mmengine - INFO - Iter(train) [ 6850/80000]  base_lr: 1.2000e-04 lr: 1.2000e-04  eta: 2:31:16  time: 0.1269  data_time: 0.0072  memory: 1092  grad_norm: 3.3811  loss: 0.2707  decode.loss_ce: 0.1831  decode.acc_seg: 90.8747  aux.loss_ce: 0.0875  aux.acc_seg: 89.8991
2025/06/15 17:56:00 - mmengine - INFO - Iter(train) [ 6900/80000]  base_lr: 1.2000e-04 lr: 1.2000e-04  eta: 2:31:10  time: 0.1242  data_time: 0.0070  memory: 1092  grad_norm: 3.7183  loss: 0.3318  decode.loss_ce: 0.2363  decode.acc_seg: 88.1128  aux.loss_ce: 0.0955  aux.acc_seg: 91.7983
2025/06/15 17:56:06 - mmengine - INFO - Iter(train) [ 6950/80000]  base_lr: 1.2000e-04 lr: 1.2000e-04  eta: 2:31:04  time: 0.1219  data_time: 0.0073  memory: 1092  grad_norm: 5.4544  loss: 0.3027  decode.loss_ce: 0.2004  decode.acc_seg: 91.0583  aux.loss_ce: 0.1023  aux.acc_seg: 91.3726
2025/06/15 17:56:12 - mmengine - INFO - Exp name: U-Net_MobileMamba_20250615_174141
2025/06/15 17:56:12 - mmengine - INFO - Iter(train) [ 7000/80000]  base_lr: 1.2000e-04 lr: 1.2000e-04  eta: 2:30:56  time: 0.1238  data_time: 0.0071  memory: 1092  grad_norm: 4.0861  loss: 0.3051  decode.loss_ce: 0.2004  decode.acc_seg: 85.1217  aux.loss_ce: 0.1047  aux.acc_seg: 83.1752
2025/06/15 17:56:18 - mmengine - INFO - Iter(train) [ 7050/80000]  base_lr: 1.2000e-04 lr: 1.2000e-04  eta: 2:30:51  time: 0.1241  data_time: 0.0069  memory: 1092  grad_norm: 4.2789  loss: 0.3558  decode.loss_ce: 0.2432  decode.acc_seg: 80.7735  aux.loss_ce: 0.1126  aux.acc_seg: 80.2592
2025/06/15 17:56:24 - mmengine - INFO - Iter(train) [ 7100/80000]  base_lr: 1.2000e-04 lr: 1.2000e-04  eta: 2:30:42  time: 0.1081  data_time: 0.0072  memory: 1092  grad_norm: 6.1763  loss: 0.3584  decode.loss_ce: 0.2461  decode.acc_seg: 80.7489  aux.loss_ce: 0.1123  aux.acc_seg: 79.6142
2025/06/15 17:56:30 - mmengine - INFO - Iter(train) [ 7150/80000]  base_lr: 1.2000e-04 lr: 1.2000e-04  eta: 2:30:29  time: 0.1074  data_time: 0.0073  memory: 1092  grad_norm: 4.0273  loss: 0.3577  decode.loss_ce: 0.2415  decode.acc_seg: 96.7407  aux.loss_ce: 0.1162  aux.acc_seg: 90.5359
2025/06/15 17:56:36 - mmengine - INFO - Iter(train) [ 7200/80000]  base_lr: 1.2000e-04 lr: 1.2000e-04  eta: 2:30:21  time: 0.1255  data_time: 0.0073  memory: 1092  grad_norm: 3.0994  loss: 0.2158  decode.loss_ce: 0.1532  decode.acc_seg: 95.4914  aux.loss_ce: 0.0625  aux.acc_seg: 94.7808
2025/06/15 17:56:42 - mmengine - INFO - Iter(train) [ 7250/80000]  base_lr: 1.2000e-04 lr: 1.2000e-04  eta: 2:30:15  time: 0.1248  data_time: 0.0070  memory: 1092  grad_norm: 3.1034  loss: 0.1947  decode.loss_ce: 0.1210  decode.acc_seg: 97.0706  aux.loss_ce: 0.0737  aux.acc_seg: 95.3251
2025/06/15 17:56:48 - mmengine - INFO - Iter(train) [ 7300/80000]  base_lr: 1.2000e-04 lr: 1.2000e-04  eta: 2:30:08  time: 0.1515  data_time: 0.0100  memory: 1092  grad_norm: 6.0770  loss: 0.3473  decode.loss_ce: 0.2423  decode.acc_seg: 96.2542  aux.loss_ce: 0.1050  aux.acc_seg: 92.2927
2025/06/15 17:56:54 - mmengine - INFO - Iter(train) [ 7350/80000]  base_lr: 1.2000e-04 lr: 1.2000e-04  eta: 2:30:02  time: 0.1258  data_time: 0.0076  memory: 1092  grad_norm: 4.2836  loss: 0.3073  decode.loss_ce: 0.2061  decode.acc_seg: 93.7688  aux.loss_ce: 0.1012  aux.acc_seg: 84.7605
2025/06/15 17:57:01 - mmengine - INFO - Iter(train) [ 7400/80000]  base_lr: 1.2000e-04 lr: 1.2000e-04  eta: 2:29:57  time: 0.1258  data_time: 0.0074  memory: 1092  grad_norm: 5.9200  loss: 0.3378  decode.loss_ce: 0.2176  decode.acc_seg: 91.0318  aux.loss_ce: 0.1202  aux.acc_seg: 89.4893
2025/06/15 17:57:07 - mmengine - INFO - Iter(train) [ 7450/80000]  base_lr: 1.2000e-04 lr: 1.2000e-04  eta: 2:29:55  time: 0.1238  data_time: 0.0072  memory: 1092  grad_norm: 3.3807  loss: 0.2593  decode.loss_ce: 0.1760  decode.acc_seg: 94.4000  aux.loss_ce: 0.0833  aux.acc_seg: 92.4706
2025/06/15 17:57:13 - mmengine - INFO - Iter(train) [ 7500/80000]  base_lr: 1.2000e-04 lr: 1.2000e-04  eta: 2:29:49  time: 0.1237  data_time: 0.0073  memory: 1092  grad_norm: 3.3032  loss: 0.2585  decode.loss_ce: 0.1729  decode.acc_seg: 86.0254  aux.loss_ce: 0.0856  aux.acc_seg: 84.4846
2025/06/15 17:57:20 - mmengine - INFO - Iter(train) [ 7550/80000]  base_lr: 1.2000e-04 lr: 1.2000e-04  eta: 2:29:42  time: 0.1272  data_time: 0.0077  memory: 1092  grad_norm: 5.1187  loss: 0.3530  decode.loss_ce: 0.2320  decode.acc_seg: 95.8851  aux.loss_ce: 0.1209  aux.acc_seg: 89.3299
2025/06/15 17:57:26 - mmengine - INFO - Iter(train) [ 7600/80000]  base_lr: 1.2000e-04 lr: 1.2000e-04  eta: 2:29:36  time: 0.1246  data_time: 0.0069  memory: 1092  grad_norm: 3.6698  loss: 0.2126  decode.loss_ce: 0.1413  decode.acc_seg: 90.5481  aux.loss_ce: 0.0713  aux.acc_seg: 91.9040
2025/06/15 17:57:32 - mmengine - INFO - Iter(train) [ 7650/80000]  base_lr: 1.2000e-04 lr: 1.2000e-04  eta: 2:29:29  time: 0.1233  data_time: 0.0067  memory: 1092  grad_norm: 5.4004  loss: 0.3803  decode.loss_ce: 0.2507  decode.acc_seg: 96.8994  aux.loss_ce: 0.1296  aux.acc_seg: 93.4135
2025/06/15 17:57:38 - mmengine - INFO - Iter(train) [ 7700/80000]  base_lr: 1.2000e-04 lr: 1.2000e-04  eta: 2:29:24  time: 0.1204  data_time: 0.0074  memory: 1092  grad_norm: 3.8488  loss: 0.2825  decode.loss_ce: 0.1964  decode.acc_seg: 91.4195  aux.loss_ce: 0.0862  aux.acc_seg: 87.8189
2025/06/15 17:57:44 - mmengine - INFO - Iter(train) [ 7750/80000]  base_lr: 1.2000e-04 lr: 1.2000e-04  eta: 2:29:17  time: 0.1156  data_time: 0.0070  memory: 1092  grad_norm: 4.0551  loss: 0.2805  decode.loss_ce: 0.1931  decode.acc_seg: 97.5207  aux.loss_ce: 0.0874  aux.acc_seg: 97.6072
2025/06/15 17:57:51 - mmengine - INFO - Iter(train) [ 7800/80000]  base_lr: 1.2000e-04 lr: 1.2000e-04  eta: 2:29:10  time: 0.1245  data_time: 0.0072  memory: 1092  grad_norm: 4.0785  loss: 0.2495  decode.loss_ce: 0.1697  decode.acc_seg: 89.1990  aux.loss_ce: 0.0798  aux.acc_seg: 82.7827
2025/06/15 17:57:57 - mmengine - INFO - Iter(train) [ 7850/80000]  base_lr: 1.2000e-04 lr: 1.2000e-04  eta: 2:29:04  time: 0.1257  data_time: 0.0074  memory: 1092  grad_norm: 5.0289  loss: 0.3716  decode.loss_ce: 0.2470  decode.acc_seg: 82.1885  aux.loss_ce: 0.1247  aux.acc_seg: 83.2925
2025/06/15 17:58:03 - mmengine - INFO - Iter(train) [ 7900/80000]  base_lr: 1.2000e-04 lr: 1.2000e-04  eta: 2:28:58  time: 0.1231  data_time: 0.0069  memory: 1092  grad_norm: 2.7980  loss: 0.2299  decode.loss_ce: 0.1451  decode.acc_seg: 96.6269  aux.loss_ce: 0.0848  aux.acc_seg: 94.5159
2025/06/15 17:58:09 - mmengine - INFO - Iter(train) [ 7950/80000]  base_lr: 1.2000e-04 lr: 1.2000e-04  eta: 2:28:51  time: 0.1227  data_time: 0.0066  memory: 1092  grad_norm: 5.3436  loss: 0.2927  decode.loss_ce: 0.1863  decode.acc_seg: 92.3498  aux.loss_ce: 0.1064  aux.acc_seg: 87.7655
2025/06/15 17:58:15 - mmengine - INFO - Exp name: U-Net_MobileMamba_20250615_174141
2025/06/15 17:58:15 - mmengine - INFO - Iter(train) [ 8000/80000]  base_lr: 1.2000e-04 lr: 1.2000e-04  eta: 2:28:44  time: 0.1218  data_time: 0.0066  memory: 1092  grad_norm: 3.8735  loss: 0.2268  decode.loss_ce: 0.1459  decode.acc_seg: 96.0744  aux.loss_ce: 0.0808  aux.acc_seg: 95.1669
2025/06/15 17:58:15 - mmengine - INFO - Saving checkpoint at 8000 iterations
2025/06/15 17:58:17 - mmengine - INFO - Iter(val) [  50/1000]    eta: 0:00:26  time: 0.0167  data_time: 0.0011  memory: 10035  
2025/06/15 17:58:18 - mmengine - INFO - Iter(val) [ 100/1000]    eta: 0:00:20  time: 0.0186  data_time: 0.0013  memory: 369  
2025/06/15 17:58:19 - mmengine - INFO - Iter(val) [ 150/1000]    eta: 0:00:17  time: 0.0172  data_time: 0.0013  memory: 369  
2025/06/15 17:58:20 - mmengine - INFO - Iter(val) [ 200/1000]    eta: 0:00:15  time: 0.0174  data_time: 0.0014  memory: 369  
2025/06/15 17:58:21 - mmengine - INFO - Iter(val) [ 250/1000]    eta: 0:00:14  time: 0.0175  data_time: 0.0014  memory: 369  
2025/06/15 17:58:22 - mmengine - INFO - Iter(val) [ 300/1000]    eta: 0:00:13  time: 0.0170  data_time: 0.0011  memory: 369  
2025/06/15 17:58:23 - mmengine - INFO - Iter(val) [ 350/1000]    eta: 0:00:12  time: 0.0170  data_time: 0.0011  memory: 368  
2025/06/15 17:58:23 - mmengine - INFO - Iter(val) [ 400/1000]    eta: 0:00:11  time: 0.0173  data_time: 0.0012  memory: 367  
2025/06/15 17:58:24 - mmengine - INFO - Iter(val) [ 450/1000]    eta: 0:00:10  time: 0.0177  data_time: 0.0015  memory: 369  
2025/06/15 17:58:25 - mmengine - INFO - Iter(val) [ 500/1000]    eta: 0:00:09  time: 0.0171  data_time: 0.0011  memory: 360  
2025/06/15 17:58:26 - mmengine - INFO - Iter(val) [ 550/1000]    eta: 0:00:08  time: 0.0169  data_time: 0.0012  memory: 360  
2025/06/15 17:58:27 - mmengine - INFO - Iter(val) [ 600/1000]    eta: 0:00:07  time: 0.0174  data_time: 0.0014  memory: 369  
2025/06/15 17:58:28 - mmengine - INFO - Iter(val) [ 650/1000]    eta: 0:00:06  time: 0.0169  data_time: 0.0012  memory: 360  
2025/06/15 17:58:29 - mmengine - INFO - Iter(val) [ 700/1000]    eta: 0:00:05  time: 0.0168  data_time: 0.0012  memory: 360  
2025/06/15 17:58:29 - mmengine - INFO - Iter(val) [ 750/1000]    eta: 0:00:04  time: 0.0170  data_time: 0.0011  memory: 360  
2025/06/15 17:58:30 - mmengine - INFO - Iter(val) [ 800/1000]    eta: 0:00:03  time: 0.0173  data_time: 0.0014  memory: 367  
2025/06/15 17:58:31 - mmengine - INFO - Iter(val) [ 850/1000]    eta: 0:00:02  time: 0.0172  data_time: 0.0013  memory: 369  
2025/06/15 17:58:32 - mmengine - INFO - Iter(val) [ 900/1000]    eta: 0:00:01  time: 0.0179  data_time: 0.0014  memory: 369  
2025/06/15 17:58:33 - mmengine - INFO - Iter(val) [ 950/1000]    eta: 0:00:00  time: 0.0172  data_time: 0.0012  memory: 367  
2025/06/15 17:58:34 - mmengine - INFO - Iter(val) [1000/1000]    eta: 0:00:00  time: 0.0174  data_time: 0.0011  memory: 373  
2025/06/15 17:58:34 - mmengine - INFO - per class results:
2025/06/15 17:58:34 - mmengine - INFO - 
+------------+-------+-------+
|   Class    |  IoU  |  Acc  |
+------------+-------+-------+
| background | 95.51 | 98.61 |
|   polyp    | 75.86 | 81.76 |
+------------+-------+-------+
2025/06/15 17:58:34 - mmengine - INFO - Iter(val) [1000/1000]    aAcc: 96.0700  mIoU: 85.6800  mAcc: 90.1900  data_time: 0.0013  time: 0.0177
2025/06/15 17:58:40 - mmengine - INFO - Iter(train) [ 8050/80000]  base_lr: 1.2000e-04 lr: 1.2000e-04  eta: 2:28:36  time: 0.1110  data_time: 0.0075  memory: 1092  grad_norm: 5.1974  loss: 0.2777  decode.loss_ce: 0.1811  decode.acc_seg: 91.0213  aux.loss_ce: 0.0966  aux.acc_seg: 86.0121
2025/06/15 17:58:46 - mmengine - INFO - Iter(train) [ 8100/80000]  base_lr: 1.2000e-04 lr: 1.2000e-04  eta: 2:28:29  time: 0.1253  data_time: 0.0069  memory: 1092  grad_norm: 3.9070  loss: 0.3088  decode.loss_ce: 0.1938  decode.acc_seg: 91.4496  aux.loss_ce: 0.1150  aux.acc_seg: 87.0012
2025/06/15 17:58:52 - mmengine - INFO - Iter(train) [ 8150/80000]  base_lr: 1.2000e-04 lr: 1.2000e-04  eta: 2:28:23  time: 0.1239  data_time: 0.0071  memory: 1092  grad_norm: 6.6495  loss: 0.3667  decode.loss_ce: 0.2626  decode.acc_seg: 97.3665  aux.loss_ce: 0.1041  aux.acc_seg: 97.3100
2025/06/15 17:58:58 - mmengine - INFO - Iter(train) [ 8200/80000]  base_lr: 1.2000e-04 lr: 1.2000e-04  eta: 2:28:17  time: 0.1232  data_time: 0.0069  memory: 1092  grad_norm: 5.5780  loss: 0.3000  decode.loss_ce: 0.1987  decode.acc_seg: 89.4436  aux.loss_ce: 0.1013  aux.acc_seg: 87.7971
2025/06/15 17:59:04 - mmengine - INFO - Iter(train) [ 8250/80000]  base_lr: 1.2000e-04 lr: 1.2000e-04  eta: 2:28:10  time: 0.1228  data_time: 0.0070  memory: 1092  grad_norm: 4.4525  loss: 0.2497  decode.loss_ce: 0.1647  decode.acc_seg: 94.3908  aux.loss_ce: 0.0850  aux.acc_seg: 93.5767
2025/06/15 17:59:11 - mmengine - INFO - Iter(train) [ 8300/80000]  base_lr: 1.2000e-04 lr: 1.2000e-04  eta: 2:28:05  time: 0.1398  data_time: 0.0076  memory: 1092  grad_norm: 3.9049  loss: 0.2117  decode.loss_ce: 0.1431  decode.acc_seg: 90.5511  aux.loss_ce: 0.0686  aux.acc_seg: 89.2101
2025/06/15 17:59:17 - mmengine - INFO - Iter(train) [ 8350/80000]  base_lr: 1.2000e-04 lr: 1.2000e-04  eta: 2:27:58  time: 0.1199  data_time: 0.0076  memory: 1092  grad_norm: 3.3366  loss: 0.2994  decode.loss_ce: 0.2048  decode.acc_seg: 83.4947  aux.loss_ce: 0.0946  aux.acc_seg: 83.9330
2025/06/15 17:59:22 - mmengine - INFO - Iter(train) [ 8400/80000]  base_lr: 1.2000e-04 lr: 1.2000e-04  eta: 2:27:45  time: 0.1072  data_time: 0.0074  memory: 1092  grad_norm: 2.5418  loss: 0.2280  decode.loss_ce: 0.1555  decode.acc_seg: 92.9382  aux.loss_ce: 0.0726  aux.acc_seg: 92.7451
2025/06/15 17:59:28 - mmengine - INFO - Iter(train) [ 8450/80000]  base_lr: 1.2000e-04 lr: 1.2000e-04  eta: 2:27:35  time: 0.1446  data_time: 0.0077  memory: 1092  grad_norm: 4.4388  loss: 0.2379  decode.loss_ce: 0.1599  decode.acc_seg: 96.4046  aux.loss_ce: 0.0780  aux.acc_seg: 96.4800
2025/06/15 17:59:34 - mmengine - INFO - Iter(train) [ 8500/80000]  base_lr: 1.2000e-04 lr: 1.2000e-04  eta: 2:27:28  time: 0.1234  data_time: 0.0071  memory: 1092  grad_norm: 4.7518  loss: 0.3781  decode.loss_ce: 0.2620  decode.acc_seg: 84.6732  aux.loss_ce: 0.1160  aux.acc_seg: 91.6796
2025/06/15 17:59:40 - mmengine - INFO - Iter(train) [ 8550/80000]  base_lr: 1.2000e-04 lr: 1.2000e-04  eta: 2:27:21  time: 0.1232  data_time: 0.0073  memory: 1092  grad_norm: 3.5820  loss: 0.1956  decode.loss_ce: 0.1178  decode.acc_seg: 95.9214  aux.loss_ce: 0.0779  aux.acc_seg: 90.5254
2025/06/15 17:59:46 - mmengine - INFO - Iter(train) [ 8600/80000]  base_lr: 1.2000e-04 lr: 1.2000e-04  eta: 2:27:14  time: 0.1213  data_time: 0.0072  memory: 1092  grad_norm: 6.9324  loss: 0.3150  decode.loss_ce: 0.2032  decode.acc_seg: 91.7439  aux.loss_ce: 0.1118  aux.acc_seg: 86.4756
2025/06/15 17:59:52 - mmengine - INFO - Iter(train) [ 8650/80000]  base_lr: 1.2000e-04 lr: 1.2000e-04  eta: 2:27:07  time: 0.1204  data_time: 0.0068  memory: 1092  grad_norm: 3.8908  loss: 0.2473  decode.loss_ce: 0.1539  decode.acc_seg: 96.8467  aux.loss_ce: 0.0935  aux.acc_seg: 96.9208
2025/06/15 17:59:59 - mmengine - INFO - Iter(train) [ 8700/80000]  base_lr: 1.2000e-04 lr: 1.2000e-04  eta: 2:27:02  time: 0.1387  data_time: 0.0101  memory: 1092  grad_norm: 5.4103  loss: 0.2867  decode.loss_ce: 0.1902  decode.acc_seg: 94.3190  aux.loss_ce: 0.0965  aux.acc_seg: 94.8066
2025/06/15 18:00:05 - mmengine - INFO - Iter(train) [ 8750/80000]  base_lr: 1.2000e-04 lr: 1.2000e-04  eta: 2:26:55  time: 0.1242  data_time: 0.0070  memory: 1092  grad_norm: 2.0241  loss: 0.1770  decode.loss_ce: 0.1113  decode.acc_seg: 94.7408  aux.loss_ce: 0.0657  aux.acc_seg: 93.6707
2025/06/15 18:00:10 - mmengine - INFO - Iter(train) [ 8800/80000]  base_lr: 1.2000e-04 lr: 1.2000e-04  eta: 2:26:45  time: 0.1165  data_time: 0.0068  memory: 1092  grad_norm: 5.8676  loss: 0.4041  decode.loss_ce: 0.2672  decode.acc_seg: 84.2787  aux.loss_ce: 0.1369  aux.acc_seg: 78.9887
2025/06/15 18:00:17 - mmengine - INFO - Iter(train) [ 8850/80000]  base_lr: 1.2000e-04 lr: 1.2000e-04  eta: 2:26:39  time: 0.1255  data_time: 0.0069  memory: 1092  grad_norm: 4.5225  loss: 0.1963  decode.loss_ce: 0.1320  decode.acc_seg: 89.5897  aux.loss_ce: 0.0643  aux.acc_seg: 86.3853
2025/06/15 18:00:23 - mmengine - INFO - Iter(train) [ 8900/80000]  base_lr: 1.2000e-04 lr: 1.2000e-04  eta: 2:26:31  time: 0.1098  data_time: 0.0066  memory: 1092  grad_norm: 4.1356  loss: 0.2695  decode.loss_ce: 0.1811  decode.acc_seg: 88.0217  aux.loss_ce: 0.0883  aux.acc_seg: 89.0146
2025/06/15 18:00:29 - mmengine - INFO - Iter(train) [ 8950/80000]  base_lr: 1.2000e-04 lr: 1.2000e-04  eta: 2:26:25  time: 0.1231  data_time: 0.0070  memory: 1092  grad_norm: 4.2580  loss: 0.2605  decode.loss_ce: 0.1784  decode.acc_seg: 87.3132  aux.loss_ce: 0.0821  aux.acc_seg: 85.6434
2025/06/15 18:00:35 - mmengine - INFO - Exp name: U-Net_MobileMamba_20250615_174141
2025/06/15 18:00:35 - mmengine - INFO - Iter(train) [ 9000/80000]  base_lr: 1.2000e-04 lr: 1.2000e-04  eta: 2:26:19  time: 0.1253  data_time: 0.0070  memory: 1092  grad_norm: 5.1012  loss: 0.2763  decode.loss_ce: 0.1818  decode.acc_seg: 91.5743  aux.loss_ce: 0.0946  aux.acc_seg: 89.2867
2025/06/15 18:00:41 - mmengine - INFO - Iter(train) [ 9050/80000]  base_lr: 1.2000e-04 lr: 1.2000e-04  eta: 2:26:12  time: 0.1242  data_time: 0.0072  memory: 1092  grad_norm: 6.9257  loss: 0.4099  decode.loss_ce: 0.2785  decode.acc_seg: 87.0631  aux.loss_ce: 0.1314  aux.acc_seg: 86.0229
2025/06/15 18:00:47 - mmengine - INFO - Iter(train) [ 9100/80000]  base_lr: 1.2000e-04 lr: 1.2000e-04  eta: 2:26:06  time: 0.1239  data_time: 0.0069  memory: 1092  grad_norm: 3.8401  loss: 0.1971  decode.loss_ce: 0.1225  decode.acc_seg: 98.3356  aux.loss_ce: 0.0747  aux.acc_seg: 97.4494
2025/06/15 18:00:54 - mmengine - INFO - Iter(train) [ 9150/80000]  base_lr: 1.2000e-04 lr: 1.2000e-04  eta: 2:26:00  time: 0.1238  data_time: 0.0067  memory: 1092  grad_norm: 2.5702  loss: 0.1375  decode.loss_ce: 0.0838  decode.acc_seg: 95.9372  aux.loss_ce: 0.0538  aux.acc_seg: 93.5912
2025/06/15 18:01:00 - mmengine - INFO - Iter(train) [ 9200/80000]  base_lr: 1.2000e-04 lr: 1.2000e-04  eta: 2:25:54  time: 0.1219  data_time: 0.0071  memory: 1092  grad_norm: 4.9894  loss: 0.3318  decode.loss_ce: 0.2318  decode.acc_seg: 97.3581  aux.loss_ce: 0.1000  aux.acc_seg: 96.8203
2025/06/15 18:01:06 - mmengine - INFO - Iter(train) [ 9250/80000]  base_lr: 1.2000e-04 lr: 1.2000e-04  eta: 2:25:47  time: 0.1237  data_time: 0.0070  memory: 1092  grad_norm: 3.6926  loss: 0.2279  decode.loss_ce: 0.1558  decode.acc_seg: 88.5276  aux.loss_ce: 0.0721  aux.acc_seg: 90.4632
2025/06/15 18:01:12 - mmengine - INFO - Iter(train) [ 9300/80000]  base_lr: 1.2000e-04 lr: 1.2000e-04  eta: 2:25:40  time: 0.1208  data_time: 0.0069  memory: 1092  grad_norm: 4.1624  loss: 0.2218  decode.loss_ce: 0.1509  decode.acc_seg: 97.7632  aux.loss_ce: 0.0710  aux.acc_seg: 97.7689
2025/06/15 18:01:18 - mmengine - INFO - Iter(train) [ 9350/80000]  base_lr: 1.2000e-04 lr: 1.2000e-04  eta: 2:25:34  time: 0.1215  data_time: 0.0077  memory: 1092  grad_norm: 8.0903  loss: 0.2980  decode.loss_ce: 0.1947  decode.acc_seg: 94.7617  aux.loss_ce: 0.1033  aux.acc_seg: 95.3279
2025/06/15 18:01:24 - mmengine - INFO - Iter(train) [ 9400/80000]  base_lr: 1.2000e-04 lr: 1.2000e-04  eta: 2:25:29  time: 0.1362  data_time: 0.0073  memory: 1092  grad_norm: 4.7055  loss: 0.2263  decode.loss_ce: 0.1461  decode.acc_seg: 95.9632  aux.loss_ce: 0.0802  aux.acc_seg: 96.0935
2025/06/15 18:01:31 - mmengine - INFO - Iter(train) [ 9450/80000]  base_lr: 1.2000e-04 lr: 1.2000e-04  eta: 2:25:24  time: 0.1233  data_time: 0.0071  memory: 1092  grad_norm: 4.4827  loss: 0.2464  decode.loss_ce: 0.1666  decode.acc_seg: 92.7152  aux.loss_ce: 0.0798  aux.acc_seg: 91.3373
2025/06/15 18:01:37 - mmengine - INFO - Iter(train) [ 9500/80000]  base_lr: 1.2000e-04 lr: 1.2000e-04  eta: 2:25:19  time: 0.1240  data_time: 0.0070  memory: 1092  grad_norm: 3.7986  loss: 0.2641  decode.loss_ce: 0.1737  decode.acc_seg: 96.2864  aux.loss_ce: 0.0904  aux.acc_seg: 94.5462
2025/06/15 18:01:43 - mmengine - INFO - Iter(train) [ 9550/80000]  base_lr: 1.2000e-04 lr: 1.2000e-04  eta: 2:25:12  time: 0.1239  data_time: 0.0071  memory: 1092  grad_norm: 4.4219  loss: 0.2165  decode.loss_ce: 0.1393  decode.acc_seg: 96.6512  aux.loss_ce: 0.0772  aux.acc_seg: 95.9265
2025/06/15 18:01:49 - mmengine - INFO - Iter(train) [ 9600/80000]  base_lr: 1.2000e-04 lr: 1.2000e-04  eta: 2:25:06  time: 0.1229  data_time: 0.0068  memory: 1092  grad_norm: 5.6781  loss: 0.3375  decode.loss_ce: 0.2252  decode.acc_seg: 93.8233  aux.loss_ce: 0.1123  aux.acc_seg: 93.2882
2025/06/15 18:01:56 - mmengine - INFO - Iter(train) [ 9650/80000]  base_lr: 1.2000e-04 lr: 1.2000e-04  eta: 2:25:01  time: 0.1266  data_time: 0.0076  memory: 1092  grad_norm: 3.7237  loss: 0.2185  decode.loss_ce: 0.1448  decode.acc_seg: 96.5228  aux.loss_ce: 0.0737  aux.acc_seg: 97.0300
2025/06/15 18:02:01 - mmengine - INFO - Iter(train) [ 9700/80000]  base_lr: 1.2000e-04 lr: 1.2000e-04  eta: 2:24:49  time: 0.1087  data_time: 0.0072  memory: 1092  grad_norm: 5.7627  loss: 0.2404  decode.loss_ce: 0.1683  decode.acc_seg: 96.2208  aux.loss_ce: 0.0721  aux.acc_seg: 94.4066
2025/06/15 18:02:07 - mmengine - INFO - Iter(train) [ 9750/80000]  base_lr: 1.2000e-04 lr: 1.2000e-04  eta: 2:24:38  time: 0.1107  data_time: 0.0074  memory: 1092  grad_norm: 4.0890  loss: 0.2194  decode.loss_ce: 0.1387  decode.acc_seg: 93.1186  aux.loss_ce: 0.0808  aux.acc_seg: 89.6194
2025/06/15 18:02:12 - mmengine - INFO - Iter(train) [ 9800/80000]  base_lr: 1.2000e-04 lr: 1.2000e-04  eta: 2:24:27  time: 0.1086  data_time: 0.0068  memory: 1092  grad_norm: 6.2895  loss: 0.2811  decode.loss_ce: 0.1927  decode.acc_seg: 98.5035  aux.loss_ce: 0.0884  aux.acc_seg: 97.0551
2025/06/15 18:02:18 - mmengine - INFO - Iter(train) [ 9850/80000]  base_lr: 1.2000e-04 lr: 1.2000e-04  eta: 2:24:16  time: 0.1075  data_time: 0.0072  memory: 1092  grad_norm: 6.6765  loss: 0.3373  decode.loss_ce: 0.2246  decode.acc_seg: 97.3915  aux.loss_ce: 0.1127  aux.acc_seg: 97.9552
2025/06/15 18:02:23 - mmengine - INFO - Iter(train) [ 9900/80000]  base_lr: 1.2000e-04 lr: 1.2000e-04  eta: 2:24:05  time: 0.1232  data_time: 0.0077  memory: 1092  grad_norm: 3.2308  loss: 0.1776  decode.loss_ce: 0.1132  decode.acc_seg: 94.9897  aux.loss_ce: 0.0644  aux.acc_seg: 95.1906
2025/06/15 18:02:30 - mmengine - INFO - Iter(train) [ 9950/80000]  base_lr: 1.2000e-04 lr: 1.2000e-04  eta: 2:24:02  time: 0.1263  data_time: 0.0073  memory: 1092  grad_norm: 7.3488  loss: 0.3085  decode.loss_ce: 0.2141  decode.acc_seg: 85.2149  aux.loss_ce: 0.0944  aux.acc_seg: 82.8412
2025/06/15 18:02:35 - mmengine - INFO - Exp name: U-Net_MobileMamba_20250615_174141
2025/06/15 18:02:35 - mmengine - INFO - Iter(train) [10000/80000]  base_lr: 1.2000e-04 lr: 1.2000e-04  eta: 2:23:50  time: 0.1071  data_time: 0.0069  memory: 1092  grad_norm: 4.5053  loss: 0.2524  decode.loss_ce: 0.1684  decode.acc_seg: 97.9792  aux.loss_ce: 0.0840  aux.acc_seg: 97.5103
2025/06/15 18:02:40 - mmengine - INFO - Iter(train) [10050/80000]  base_lr: 1.2000e-04 lr: 1.2000e-04  eta: 2:23:39  time: 0.1081  data_time: 0.0067  memory: 1092  grad_norm: 3.8806  loss: 0.2596  decode.loss_ce: 0.1680  decode.acc_seg: 95.0759  aux.loss_ce: 0.0916  aux.acc_seg: 92.1618
2025/06/15 18:02:46 - mmengine - INFO - Iter(train) [10100/80000]  base_lr: 1.2000e-04 lr: 1.2000e-04  eta: 2:23:27  time: 0.1075  data_time: 0.0067  memory: 1092  grad_norm: 3.4971  loss: 0.2248  decode.loss_ce: 0.1548  decode.acc_seg: 87.7951  aux.loss_ce: 0.0700  aux.acc_seg: 87.3260
2025/06/15 18:02:51 - mmengine - INFO - Iter(train) [10150/80000]  base_lr: 1.2000e-04 lr: 1.2000e-04  eta: 2:23:16  time: 0.1186  data_time: 0.0069  memory: 1092  grad_norm: 5.0397  loss: 0.2521  decode.loss_ce: 0.1635  decode.acc_seg: 96.7033  aux.loss_ce: 0.0886  aux.acc_seg: 91.8729
2025/06/15 18:02:58 - mmengine - INFO - Iter(train) [10200/80000]  base_lr: 1.2000e-04 lr: 1.2000e-04  eta: 2:23:12  time: 0.1291  data_time: 0.0074  memory: 1092  grad_norm: 4.4412  loss: 0.1945  decode.loss_ce: 0.1242  decode.acc_seg: 95.8912  aux.loss_ce: 0.0704  aux.acc_seg: 95.5929
2025/06/15 18:03:04 - mmengine - INFO - Iter(train) [10250/80000]  base_lr: 1.2000e-04 lr: 1.2000e-04  eta: 2:23:07  time: 0.1271  data_time: 0.0075  memory: 1092  grad_norm: 8.7713  loss: 0.3560  decode.loss_ce: 0.2410  decode.acc_seg: 92.6987  aux.loss_ce: 0.1150  aux.acc_seg: 93.8548
2025/06/15 18:03:10 - mmengine - INFO - Iter(train) [10300/80000]  base_lr: 1.2000e-04 lr: 1.2000e-04  eta: 2:23:02  time: 0.1283  data_time: 0.0074  memory: 1092  grad_norm: 4.8080  loss: 0.3382  decode.loss_ce: 0.2130  decode.acc_seg: 85.8112  aux.loss_ce: 0.1252  aux.acc_seg: 75.6471
2025/06/15 18:03:17 - mmengine - INFO - Iter(train) [10350/80000]  base_lr: 1.2000e-04 lr: 1.2000e-04  eta: 2:22:57  time: 0.1260  data_time: 0.0070  memory: 1092  grad_norm: 3.0476  loss: 0.1874  decode.loss_ce: 0.1174  decode.acc_seg: 96.5640  aux.loss_ce: 0.0700  aux.acc_seg: 94.1972
2025/06/15 18:03:23 - mmengine - INFO - Iter(train) [10400/80000]  base_lr: 1.2000e-04 lr: 1.2000e-04  eta: 2:22:53  time: 0.1504  data_time: 0.0101  memory: 1092  grad_norm: 3.7385  loss: 0.1849  decode.loss_ce: 0.1186  decode.acc_seg: 98.0381  aux.loss_ce: 0.0663  aux.acc_seg: 97.5863
2025/06/15 18:03:29 - mmengine - INFO - Iter(train) [10450/80000]  base_lr: 1.2000e-04 lr: 1.2000e-04  eta: 2:22:48  time: 0.1146  data_time: 0.0073  memory: 1092  grad_norm: 4.4368  loss: 0.2698  decode.loss_ce: 0.1777  decode.acc_seg: 92.4542  aux.loss_ce: 0.0921  aux.acc_seg: 92.0216
2025/06/15 18:03:35 - mmengine - INFO - Iter(train) [10500/80000]  base_lr: 1.2000e-04 lr: 1.2000e-04  eta: 2:22:37  time: 0.1077  data_time: 0.0068  memory: 1092  grad_norm: 6.4782  loss: 0.3077  decode.loss_ce: 0.2060  decode.acc_seg: 96.0080  aux.loss_ce: 0.1017  aux.acc_seg: 95.8511
2025/06/15 18:03:41 - mmengine - INFO - Iter(train) [10550/80000]  base_lr: 1.2000e-04 lr: 1.2000e-04  eta: 2:22:28  time: 0.1232  data_time: 0.0068  memory: 1092  grad_norm: 4.1712  loss: 0.2430  decode.loss_ce: 0.1661  decode.acc_seg: 97.1375  aux.loss_ce: 0.0769  aux.acc_seg: 97.7919
2025/06/15 18:03:47 - mmengine - INFO - Iter(train) [10600/80000]  base_lr: 1.2000e-04 lr: 1.2000e-04  eta: 2:22:22  time: 0.1244  data_time: 0.0070  memory: 1092  grad_norm: 4.5259  loss: 0.2531  decode.loss_ce: 0.1696  decode.acc_seg: 94.6275  aux.loss_ce: 0.0835  aux.acc_seg: 92.9119
2025/06/15 18:03:53 - mmengine - INFO - Iter(train) [10650/80000]  base_lr: 1.2000e-04 lr: 1.2000e-04  eta: 2:22:17  time: 0.1456  data_time: 0.0077  memory: 1092  grad_norm: 4.0736  loss: 0.2904  decode.loss_ce: 0.1917  decode.acc_seg: 97.0592  aux.loss_ce: 0.0987  aux.acc_seg: 97.1910
2025/06/15 18:03:59 - mmengine - INFO - Iter(train) [10700/80000]  base_lr: 1.2000e-04 lr: 1.2000e-04  eta: 2:22:11  time: 0.1285  data_time: 0.0068  memory: 1092  grad_norm: 10.1204  loss: 0.3973  decode.loss_ce: 0.2628  decode.acc_seg: 70.2842  aux.loss_ce: 0.1345  aux.acc_seg: 64.9283
2025/06/15 18:04:05 - mmengine - INFO - Iter(train) [10750/80000]  base_lr: 1.2000e-04 lr: 1.2000e-04  eta: 2:22:04  time: 0.1169  data_time: 0.0070  memory: 1092  grad_norm: 5.6045  loss: 0.2452  decode.loss_ce: 0.1647  decode.acc_seg: 94.0357  aux.loss_ce: 0.0804  aux.acc_seg: 92.8278
2025/06/15 18:04:12 - mmengine - INFO - Iter(train) [10800/80000]  base_lr: 1.2000e-04 lr: 1.2000e-04  eta: 2:21:59  time: 0.1237  data_time: 0.0070  memory: 1092  grad_norm: 3.2553  loss: 0.2270  decode.loss_ce: 0.1505  decode.acc_seg: 95.4128  aux.loss_ce: 0.0766  aux.acc_seg: 97.6426
2025/06/15 18:04:18 - mmengine - INFO - Iter(train) [10850/80000]  base_lr: 1.2000e-04 lr: 1.2000e-04  eta: 2:21:54  time: 0.1275  data_time: 0.0072  memory: 1092  grad_norm: 4.1750  loss: 0.2433  decode.loss_ce: 0.1617  decode.acc_seg: 87.0005  aux.loss_ce: 0.0816  aux.acc_seg: 83.9664
2025/06/15 18:04:25 - mmengine - INFO - Iter(train) [10900/80000]  base_lr: 1.2000e-04 lr: 1.2000e-04  eta: 2:21:50  time: 0.1253  data_time: 0.0067  memory: 1092  grad_norm: 3.5413  loss: 0.2007  decode.loss_ce: 0.1366  decode.acc_seg: 91.9545  aux.loss_ce: 0.0641  aux.acc_seg: 88.0911
2025/06/15 18:04:31 - mmengine - INFO - Iter(train) [10950/80000]  base_lr: 1.2000e-04 lr: 1.2000e-04  eta: 2:21:44  time: 0.1213  data_time: 0.0071  memory: 1092  grad_norm: 6.4449  loss: 0.3000  decode.loss_ce: 0.1953  decode.acc_seg: 87.3712  aux.loss_ce: 0.1047  aux.acc_seg: 81.3714
2025/06/15 18:04:37 - mmengine - INFO - Exp name: U-Net_MobileMamba_20250615_174141
2025/06/15 18:04:37 - mmengine - INFO - Iter(train) [11000/80000]  base_lr: 1.2000e-04 lr: 1.2000e-04  eta: 2:21:39  time: 0.1255  data_time: 0.0069  memory: 1092  grad_norm: 5.3917  loss: 0.2077  decode.loss_ce: 0.1440  decode.acc_seg: 97.4469  aux.loss_ce: 0.0637  aux.acc_seg: 97.9501
2025/06/15 18:04:43 - mmengine - INFO - Iter(train) [11050/80000]  base_lr: 1.2000e-04 lr: 1.2000e-04  eta: 2:21:33  time: 0.1173  data_time: 0.0070  memory: 1092  grad_norm: 5.7684  loss: 0.1847  decode.loss_ce: 0.1170  decode.acc_seg: 95.9863  aux.loss_ce: 0.0677  aux.acc_seg: 92.6078
2025/06/15 18:04:50 - mmengine - INFO - Iter(train) [11100/80000]  base_lr: 1.2000e-04 lr: 1.2000e-04  eta: 2:21:28  time: 0.1248  data_time: 0.0074  memory: 1092  grad_norm: 3.6754  loss: 0.2283  decode.loss_ce: 0.1512  decode.acc_seg: 91.8059  aux.loss_ce: 0.0772  aux.acc_seg: 92.0322
2025/06/15 18:04:56 - mmengine - INFO - Iter(train) [11150/80000]  base_lr: 1.2000e-04 lr: 1.2000e-04  eta: 2:21:22  time: 0.1262  data_time: 0.0072  memory: 1092  grad_norm: 4.3320  loss: 0.2443  decode.loss_ce: 0.1643  decode.acc_seg: 97.3032  aux.loss_ce: 0.0800  aux.acc_seg: 94.0477
2025/06/15 18:05:02 - mmengine - INFO - Iter(train) [11200/80000]  base_lr: 1.2000e-04 lr: 1.2000e-04  eta: 2:21:16  time: 0.1227  data_time: 0.0064  memory: 1092  grad_norm: 4.2917  loss: 0.2564  decode.loss_ce: 0.1686  decode.acc_seg: 97.0692  aux.loss_ce: 0.0878  aux.acc_seg: 97.2785
2025/06/15 18:05:08 - mmengine - INFO - Iter(train) [11250/80000]  base_lr: 1.2000e-04 lr: 1.2000e-04  eta: 2:21:11  time: 0.1270  data_time: 0.0073  memory: 1092  grad_norm: 4.1732  loss: 0.2005  decode.loss_ce: 0.1205  decode.acc_seg: 97.8935  aux.loss_ce: 0.0799  aux.acc_seg: 92.8304
2025/06/15 18:05:14 - mmengine - INFO - Iter(train) [11300/80000]  base_lr: 1.2000e-04 lr: 1.2000e-04  eta: 2:21:02  time: 0.1097  data_time: 0.0067  memory: 1092  grad_norm: 6.1134  loss: 0.2670  decode.loss_ce: 0.1784  decode.acc_seg: 87.1217  aux.loss_ce: 0.0887  aux.acc_seg: 80.6761
2025/06/15 18:05:20 - mmengine - INFO - Iter(train) [11350/80000]  base_lr: 1.2000e-04 lr: 1.2000e-04  eta: 2:20:56  time: 0.1262  data_time: 0.0073  memory: 1092  grad_norm: 4.0341  loss: 0.1925  decode.loss_ce: 0.1196  decode.acc_seg: 90.0258  aux.loss_ce: 0.0729  aux.acc_seg: 90.4552
2025/06/15 18:05:27 - mmengine - INFO - Iter(train) [11400/80000]  base_lr: 1.2000e-04 lr: 1.2000e-04  eta: 2:20:51  time: 0.1242  data_time: 0.0071  memory: 1092  grad_norm: 3.7291  loss: 0.2307  decode.loss_ce: 0.1496  decode.acc_seg: 97.9218  aux.loss_ce: 0.0812  aux.acc_seg: 95.8545
2025/06/15 18:05:33 - mmengine - INFO - Iter(train) [11450/80000]  base_lr: 1.2000e-04 lr: 1.2000e-04  eta: 2:20:45  time: 0.1239  data_time: 0.0069  memory: 1092  grad_norm: 4.6916  loss: 0.2244  decode.loss_ce: 0.1495  decode.acc_seg: 97.3155  aux.loss_ce: 0.0749  aux.acc_seg: 94.6317
2025/06/15 18:05:39 - mmengine - INFO - Iter(train) [11500/80000]  base_lr: 1.2000e-04 lr: 1.2000e-04  eta: 2:20:40  time: 0.1265  data_time: 0.0069  memory: 1092  grad_norm: 4.3350  loss: 0.2419  decode.loss_ce: 0.1552  decode.acc_seg: 96.3334  aux.loss_ce: 0.0867  aux.acc_seg: 95.7794
2025/06/15 18:05:45 - mmengine - INFO - Iter(train) [11550/80000]  base_lr: 1.2000e-04 lr: 1.2000e-04  eta: 2:20:35  time: 0.1257  data_time: 0.0070  memory: 1092  grad_norm: 2.6814  loss: 0.1539  decode.loss_ce: 0.0964  decode.acc_seg: 95.8769  aux.loss_ce: 0.0575  aux.acc_seg: 97.2443
2025/06/15 18:05:52 - mmengine - INFO - Iter(train) [11600/80000]  base_lr: 1.2000e-04 lr: 1.2000e-04  eta: 2:20:31  time: 0.1550  data_time: 0.0099  memory: 1092  grad_norm: 7.2070  loss: 0.2336  decode.loss_ce: 0.1502  decode.acc_seg: 94.5168  aux.loss_ce: 0.0833  aux.acc_seg: 93.1899
2025/06/15 18:05:58 - mmengine - INFO - Iter(train) [11650/80000]  base_lr: 1.2000e-04 lr: 1.2000e-04  eta: 2:20:25  time: 0.1262  data_time: 0.0075  memory: 1092  grad_norm: 3.0564  loss: 0.1928  decode.loss_ce: 0.1278  decode.acc_seg: 87.9435  aux.loss_ce: 0.0650  aux.acc_seg: 87.0862
2025/06/15 18:06:04 - mmengine - INFO - Iter(train) [11700/80000]  base_lr: 1.2000e-04 lr: 1.2000e-04  eta: 2:20:19  time: 0.1220  data_time: 0.0075  memory: 1092  grad_norm: 5.4183  loss: 0.1984  decode.loss_ce: 0.1263  decode.acc_seg: 97.0269  aux.loss_ce: 0.0720  aux.acc_seg: 94.6911
2025/06/15 18:06:11 - mmengine - INFO - Iter(train) [11750/80000]  base_lr: 1.2000e-04 lr: 1.2000e-04  eta: 2:20:14  time: 0.1191  data_time: 0.0072  memory: 1092  grad_norm: 5.8590  loss: 0.2806  decode.loss_ce: 0.1994  decode.acc_seg: 97.6165  aux.loss_ce: 0.0812  aux.acc_seg: 94.7908
2025/06/15 18:06:17 - mmengine - INFO - Iter(train) [11800/80000]  base_lr: 1.2000e-04 lr: 1.2000e-04  eta: 2:20:08  time: 0.1213  data_time: 0.0075  memory: 1092  grad_norm: 6.7843  loss: 0.2564  decode.loss_ce: 0.1760  decode.acc_seg: 96.9492  aux.loss_ce: 0.0805  aux.acc_seg: 96.3597
2025/06/15 18:06:24 - mmengine - INFO - Iter(train) [11850/80000]  base_lr: 1.2000e-04 lr: 1.2000e-04  eta: 2:20:04  time: 0.1490  data_time: 0.0113  memory: 1092  grad_norm: 2.8573  loss: 0.1692  decode.loss_ce: 0.1108  decode.acc_seg: 98.1443  aux.loss_ce: 0.0584  aux.acc_seg: 97.0110
2025/06/15 18:06:29 - mmengine - INFO - Iter(train) [11900/80000]  base_lr: 1.2000e-04 lr: 1.2000e-04  eta: 2:19:56  time: 0.1137  data_time: 0.0077  memory: 1092  grad_norm: 2.2771  loss: 0.1474  decode.loss_ce: 0.0980  decode.acc_seg: 97.9240  aux.loss_ce: 0.0494  aux.acc_seg: 98.0482
2025/06/15 18:06:35 - mmengine - INFO - Iter(train) [11950/80000]  base_lr: 1.2000e-04 lr: 1.2000e-04  eta: 2:19:48  time: 0.1225  data_time: 0.0078  memory: 1092  grad_norm: 5.0086  loss: 0.2204  decode.loss_ce: 0.1552  decode.acc_seg: 94.2622  aux.loss_ce: 0.0652  aux.acc_seg: 91.8679
2025/06/15 18:06:41 - mmengine - INFO - Exp name: U-Net_MobileMamba_20250615_174141
2025/06/15 18:06:41 - mmengine - INFO - Iter(train) [12000/80000]  base_lr: 1.2000e-04 lr: 1.2000e-04  eta: 2:19:42  time: 0.1253  data_time: 0.0075  memory: 1092  grad_norm: 3.1180  loss: 0.2080  decode.loss_ce: 0.1290  decode.acc_seg: 93.4794  aux.loss_ce: 0.0790  aux.acc_seg: 89.6582
2025/06/15 18:06:48 - mmengine - INFO - Iter(train) [12050/80000]  base_lr: 1.2000e-04 lr: 1.2000e-04  eta: 2:19:36  time: 0.1255  data_time: 0.0075  memory: 1092  grad_norm: 5.9867  loss: 0.2343  decode.loss_ce: 0.1383  decode.acc_seg: 93.2479  aux.loss_ce: 0.0960  aux.acc_seg: 94.7536
2025/06/15 18:06:54 - mmengine - INFO - Iter(train) [12100/80000]  base_lr: 1.2000e-04 lr: 1.2000e-04  eta: 2:19:32  time: 0.1433  data_time: 0.0103  memory: 1092  grad_norm: 4.4085  loss: 0.3091  decode.loss_ce: 0.2048  decode.acc_seg: 90.5700  aux.loss_ce: 0.1042  aux.acc_seg: 85.4164
2025/06/15 18:07:00 - mmengine - INFO - Iter(train) [12150/80000]  base_lr: 1.2000e-04 lr: 1.2000e-04  eta: 2:19:26  time: 0.1243  data_time: 0.0071  memory: 1092  grad_norm: 4.0305  loss: 0.2172  decode.loss_ce: 0.1363  decode.acc_seg: 96.4699  aux.loss_ce: 0.0809  aux.acc_seg: 92.8707
2025/06/15 18:07:06 - mmengine - INFO - Iter(train) [12200/80000]  base_lr: 1.2000e-04 lr: 1.2000e-04  eta: 2:19:19  time: 0.1195  data_time: 0.0072  memory: 1092  grad_norm: 5.8932  loss: 0.2215  decode.loss_ce: 0.1458  decode.acc_seg: 97.0640  aux.loss_ce: 0.0757  aux.acc_seg: 95.3168
2025/06/15 18:07:13 - mmengine - INFO - Iter(train) [12250/80000]  base_lr: 1.2000e-04 lr: 1.2000e-04  eta: 2:19:13  time: 0.1228  data_time: 0.0074  memory: 1092  grad_norm: 4.6036  loss: 0.1767  decode.loss_ce: 0.1205  decode.acc_seg: 97.4361  aux.loss_ce: 0.0562  aux.acc_seg: 97.3998
2025/06/15 18:07:19 - mmengine - INFO - Iter(train) [12300/80000]  base_lr: 1.2000e-04 lr: 1.2000e-04  eta: 2:19:07  time: 0.1164  data_time: 0.0072  memory: 1092  grad_norm: 4.4886  loss: 0.2080  decode.loss_ce: 0.1449  decode.acc_seg: 98.2951  aux.loss_ce: 0.0630  aux.acc_seg: 95.9919
2025/06/15 18:07:25 - mmengine - INFO - Iter(train) [12350/80000]  base_lr: 1.2000e-04 lr: 1.2000e-04  eta: 2:19:02  time: 0.1237  data_time: 0.0074  memory: 1092  grad_norm: 3.8957  loss: 0.2203  decode.loss_ce: 0.1607  decode.acc_seg: 93.0334  aux.loss_ce: 0.0596  aux.acc_seg: 89.7012
2025/06/15 18:07:32 - mmengine - INFO - Iter(train) [12400/80000]  base_lr: 1.2000e-04 lr: 1.2000e-04  eta: 2:18:58  time: 0.1246  data_time: 0.0072  memory: 1092  grad_norm: 7.2651  loss: 0.2302  decode.loss_ce: 0.1532  decode.acc_seg: 92.9152  aux.loss_ce: 0.0770  aux.acc_seg: 93.3764
2025/06/15 18:07:38 - mmengine - INFO - Iter(train) [12450/80000]  base_lr: 1.2000e-04 lr: 1.2000e-04  eta: 2:18:52  time: 0.1233  data_time: 0.0071  memory: 1092  grad_norm: 2.2793  loss: 0.1359  decode.loss_ce: 0.0843  decode.acc_seg: 96.3635  aux.loss_ce: 0.0517  aux.acc_seg: 94.7179
2025/06/15 18:07:44 - mmengine - INFO - Iter(train) [12500/80000]  base_lr: 1.2000e-04 lr: 1.2000e-04  eta: 2:18:46  time: 0.1233  data_time: 0.0073  memory: 1092  grad_norm: 6.0212  loss: 0.3275  decode.loss_ce: 0.2249  decode.acc_seg: 91.8210  aux.loss_ce: 0.1027  aux.acc_seg: 92.6349
2025/06/15 18:07:50 - mmengine - INFO - Iter(train) [12550/80000]  base_lr: 1.2000e-04 lr: 1.2000e-04  eta: 2:18:40  time: 0.1239  data_time: 0.0070  memory: 1092  grad_norm: 4.7479  loss: 0.2242  decode.loss_ce: 0.1414  decode.acc_seg: 92.1913  aux.loss_ce: 0.0829  aux.acc_seg: 91.1463
2025/06/15 18:07:57 - mmengine - INFO - Iter(train) [12600/80000]  base_lr: 1.2000e-04 lr: 1.2000e-04  eta: 2:18:34  time: 0.1294  data_time: 0.0073  memory: 1092  grad_norm: 5.4076  loss: 0.2474  decode.loss_ce: 0.1628  decode.acc_seg: 89.1034  aux.loss_ce: 0.0846  aux.acc_seg: 89.5966
2025/06/15 18:08:03 - mmengine - INFO - Iter(train) [12650/80000]  base_lr: 1.2000e-04 lr: 1.2000e-04  eta: 2:18:29  time: 0.1226  data_time: 0.0074  memory: 1092  grad_norm: 4.8888  loss: 0.1610  decode.loss_ce: 0.1014  decode.acc_seg: 91.5385  aux.loss_ce: 0.0596  aux.acc_seg: 83.4805
2025/06/15 18:08:09 - mmengine - INFO - Iter(train) [12700/80000]  base_lr: 1.2000e-04 lr: 1.2000e-04  eta: 2:18:23  time: 0.1146  data_time: 0.0073  memory: 1092  grad_norm: 3.7109  loss: 0.2054  decode.loss_ce: 0.1403  decode.acc_seg: 95.7118  aux.loss_ce: 0.0650  aux.acc_seg: 95.1268
2025/06/15 18:08:15 - mmengine - INFO - Iter(train) [12750/80000]  base_lr: 1.2000e-04 lr: 1.2000e-04  eta: 2:18:17  time: 0.1251  data_time: 0.0074  memory: 1092  grad_norm: 3.8129  loss: 0.1771  decode.loss_ce: 0.1139  decode.acc_seg: 97.6124  aux.loss_ce: 0.0632  aux.acc_seg: 93.6665
2025/06/15 18:08:22 - mmengine - INFO - Iter(train) [12800/80000]  base_lr: 1.2000e-04 lr: 1.2000e-04  eta: 2:18:11  time: 0.1231  data_time: 0.0074  memory: 1092  grad_norm: 3.2340  loss: 0.1848  decode.loss_ce: 0.1175  decode.acc_seg: 98.3105  aux.loss_ce: 0.0673  aux.acc_seg: 98.1896
2025/06/15 18:08:28 - mmengine - INFO - Iter(train) [12850/80000]  base_lr: 1.2000e-04 lr: 1.2000e-04  eta: 2:18:05  time: 0.1231  data_time: 0.0071  memory: 1092  grad_norm: 6.1111  loss: 0.2680  decode.loss_ce: 0.1712  decode.acc_seg: 95.0985  aux.loss_ce: 0.0968  aux.acc_seg: 94.8390
2025/06/15 18:08:35 - mmengine - INFO - Iter(train) [12900/80000]  base_lr: 1.2000e-04 lr: 1.2000e-04  eta: 2:18:02  time: 0.1506  data_time: 0.0120  memory: 1092  grad_norm: 3.4688  loss: 0.1978  decode.loss_ce: 0.1309  decode.acc_seg: 94.2256  aux.loss_ce: 0.0669  aux.acc_seg: 95.5351
2025/06/15 18:08:41 - mmengine - INFO - Iter(train) [12950/80000]  base_lr: 1.2000e-04 lr: 1.2000e-04  eta: 2:17:56  time: 0.1123  data_time: 0.0070  memory: 1092  grad_norm: 2.3041  loss: 0.1709  decode.loss_ce: 0.1076  decode.acc_seg: 96.0670  aux.loss_ce: 0.0633  aux.acc_seg: 92.9968
2025/06/15 18:08:47 - mmengine - INFO - Exp name: U-Net_MobileMamba_20250615_174141
2025/06/15 18:08:47 - mmengine - INFO - Iter(train) [13000/80000]  base_lr: 1.2000e-04 lr: 1.2000e-04  eta: 2:17:49  time: 0.1256  data_time: 0.0074  memory: 1092  grad_norm: 3.4083  loss: 0.1840  decode.loss_ce: 0.1217  decode.acc_seg: 90.7360  aux.loss_ce: 0.0623  aux.acc_seg: 87.1351
2025/06/15 18:08:53 - mmengine - INFO - Iter(train) [13050/80000]  base_lr: 1.2000e-04 lr: 1.2000e-04  eta: 2:17:42  time: 0.1162  data_time: 0.0069  memory: 1092  grad_norm: 4.3247  loss: 0.2078  decode.loss_ce: 0.1327  decode.acc_seg: 92.6172  aux.loss_ce: 0.0751  aux.acc_seg: 92.3713
2025/06/15 18:08:59 - mmengine - INFO - Iter(train) [13100/80000]  base_lr: 1.2000e-04 lr: 1.2000e-04  eta: 2:17:36  time: 0.1245  data_time: 0.0073  memory: 1092  grad_norm: 3.5341  loss: 0.1473  decode.loss_ce: 0.0935  decode.acc_seg: 94.8566  aux.loss_ce: 0.0539  aux.acc_seg: 95.3156
2025/06/15 18:09:05 - mmengine - INFO - Iter(train) [13150/80000]  base_lr: 1.2000e-04 lr: 1.2000e-04  eta: 2:17:30  time: 0.1252  data_time: 0.0071  memory: 1092  grad_norm: 3.7396  loss: 0.1750  decode.loss_ce: 0.1080  decode.acc_seg: 98.5897  aux.loss_ce: 0.0670  aux.acc_seg: 97.7367
2025/06/15 18:09:11 - mmengine - INFO - Iter(train) [13200/80000]  base_lr: 1.2000e-04 lr: 1.2000e-04  eta: 2:17:24  time: 0.1242  data_time: 0.0073  memory: 1092  grad_norm: 3.8014  loss: 0.1718  decode.loss_ce: 0.1095  decode.acc_seg: 95.7747  aux.loss_ce: 0.0623  aux.acc_seg: 95.0416
2025/06/15 18:09:18 - mmengine - INFO - Iter(train) [13250/80000]  base_lr: 1.2000e-04 lr: 1.2000e-04  eta: 2:17:18  time: 0.1233  data_time: 0.0071  memory: 1092  grad_norm: 3.6463  loss: 0.2499  decode.loss_ce: 0.1901  decode.acc_seg: 95.9698  aux.loss_ce: 0.0598  aux.acc_seg: 96.8417
2025/06/15 18:09:24 - mmengine - INFO - Iter(train) [13300/80000]  base_lr: 1.2000e-04 lr: 1.2000e-04  eta: 2:17:12  time: 0.1231  data_time: 0.0072  memory: 1092  grad_norm: 3.9284  loss: 0.1794  decode.loss_ce: 0.1185  decode.acc_seg: 96.8290  aux.loss_ce: 0.0609  aux.acc_seg: 96.3666
2025/06/15 18:09:30 - mmengine - INFO - Iter(train) [13350/80000]  base_lr: 1.2000e-04 lr: 1.2000e-04  eta: 2:17:06  time: 0.1250  data_time: 0.0071  memory: 1092  grad_norm: 3.3247  loss: 0.1400  decode.loss_ce: 0.0853  decode.acc_seg: 97.7388  aux.loss_ce: 0.0547  aux.acc_seg: 94.8043
2025/06/15 18:09:36 - mmengine - INFO - Iter(train) [13400/80000]  base_lr: 1.2000e-04 lr: 1.2000e-04  eta: 2:17:00  time: 0.1143  data_time: 0.0072  memory: 1092  grad_norm: 5.0520  loss: 0.2406  decode.loss_ce: 0.1715  decode.acc_seg: 98.3070  aux.loss_ce: 0.0691  aux.acc_seg: 98.0150
2025/06/15 18:09:42 - mmengine - INFO - Iter(train) [13450/80000]  base_lr: 1.2000e-04 lr: 1.2000e-04  eta: 2:16:54  time: 0.1253  data_time: 0.0075  memory: 1092  grad_norm: 3.1056  loss: 0.1597  decode.loss_ce: 0.1061  decode.acc_seg: 95.2751  aux.loss_ce: 0.0535  aux.acc_seg: 93.8629
2025/06/15 18:09:49 - mmengine - INFO - Iter(train) [13500/80000]  base_lr: 1.2000e-04 lr: 1.2000e-04  eta: 2:16:49  time: 0.1555  data_time: 0.0102  memory: 1092  grad_norm: 5.6807  loss: 0.1989  decode.loss_ce: 0.1334  decode.acc_seg: 91.7187  aux.loss_ce: 0.0655  aux.acc_seg: 87.8228
2025/06/15 18:09:55 - mmengine - INFO - Iter(train) [13550/80000]  base_lr: 1.2000e-04 lr: 1.2000e-04  eta: 2:16:43  time: 0.1250  data_time: 0.0072  memory: 1092  grad_norm: 6.7765  loss: 0.2801  decode.loss_ce: 0.1908  decode.acc_seg: 91.6694  aux.loss_ce: 0.0893  aux.acc_seg: 85.2445
2025/06/15 18:10:01 - mmengine - INFO - Iter(train) [13600/80000]  base_lr: 1.2000e-04 lr: 1.2000e-04  eta: 2:16:37  time: 0.1252  data_time: 0.0073  memory: 1092  grad_norm: 3.2892  loss: 0.1458  decode.loss_ce: 0.0954  decode.acc_seg: 93.7472  aux.loss_ce: 0.0504  aux.acc_seg: 94.0629
2025/06/15 18:10:08 - mmengine - INFO - Iter(train) [13650/80000]  base_lr: 1.2000e-04 lr: 1.2000e-04  eta: 2:16:32  time: 0.1257  data_time: 0.0073  memory: 1092  grad_norm: 4.2445  loss: 0.2540  decode.loss_ce: 0.1753  decode.acc_seg: 98.0118  aux.loss_ce: 0.0787  aux.acc_seg: 96.7050
2025/06/15 18:10:14 - mmengine - INFO - Iter(train) [13700/80000]  base_lr: 1.2000e-04 lr: 1.2000e-04  eta: 2:16:25  time: 0.1180  data_time: 0.0072  memory: 1092  grad_norm: 4.3590  loss: 0.2062  decode.loss_ce: 0.1324  decode.acc_seg: 96.0434  aux.loss_ce: 0.0738  aux.acc_seg: 94.0733
2025/06/15 18:10:20 - mmengine - INFO - Iter(train) [13750/80000]  base_lr: 1.2000e-04 lr: 1.2000e-04  eta: 2:16:19  time: 0.1287  data_time: 0.0103  memory: 1092  grad_norm: 4.0820  loss: 0.2117  decode.loss_ce: 0.1310  decode.acc_seg: 80.1190  aux.loss_ce: 0.0807  aux.acc_seg: 74.5234
2025/06/15 18:10:26 - mmengine - INFO - Iter(train) [13800/80000]  base_lr: 1.2000e-04 lr: 1.2000e-04  eta: 2:16:14  time: 0.1273  data_time: 0.0089  memory: 1092  grad_norm: 5.7170  loss: 0.2428  decode.loss_ce: 0.1580  decode.acc_seg: 96.3009  aux.loss_ce: 0.0849  aux.acc_seg: 97.7887
2025/06/15 18:10:33 - mmengine - INFO - Iter(train) [13850/80000]  base_lr: 1.2000e-04 lr: 1.2000e-04  eta: 2:16:11  time: 0.1258  data_time: 0.0071  memory: 1092  grad_norm: 5.7052  loss: 0.2149  decode.loss_ce: 0.1416  decode.acc_seg: 89.4300  aux.loss_ce: 0.0733  aux.acc_seg: 89.4141
2025/06/15 18:10:39 - mmengine - INFO - Iter(train) [13900/80000]  base_lr: 1.2000e-04 lr: 1.2000e-04  eta: 2:16:05  time: 0.1216  data_time: 0.0072  memory: 1092  grad_norm: 3.8265  loss: 0.2072  decode.loss_ce: 0.1449  decode.acc_seg: 94.2858  aux.loss_ce: 0.0623  aux.acc_seg: 95.6643
2025/06/15 18:10:45 - mmengine - INFO - Iter(train) [13950/80000]  base_lr: 1.2000e-04 lr: 1.2000e-04  eta: 2:15:59  time: 0.1245  data_time: 0.0070  memory: 1092  grad_norm: 2.6582  loss: 0.1346  decode.loss_ce: 0.0866  decode.acc_seg: 96.3607  aux.loss_ce: 0.0481  aux.acc_seg: 89.4993
2025/06/15 18:10:51 - mmengine - INFO - Exp name: U-Net_MobileMamba_20250615_174141
2025/06/15 18:10:51 - mmengine - INFO - Iter(train) [14000/80000]  base_lr: 1.2000e-04 lr: 1.2000e-04  eta: 2:15:49  time: 0.1057  data_time: 0.0066  memory: 1092  grad_norm: 8.8576  loss: 0.2108  decode.loss_ce: 0.1383  decode.acc_seg: 95.0948  aux.loss_ce: 0.0725  aux.acc_seg: 97.9012
2025/06/15 18:10:57 - mmengine - INFO - Iter(train) [14050/80000]  base_lr: 1.2000e-04 lr: 1.2000e-04  eta: 2:15:40  time: 0.1056  data_time: 0.0068  memory: 1092  grad_norm: 3.7636  loss: 0.1635  decode.loss_ce: 0.1051  decode.acc_seg: 96.8710  aux.loss_ce: 0.0583  aux.acc_seg: 96.1152
2025/06/15 18:11:02 - mmengine - INFO - Iter(train) [14100/80000]  base_lr: 1.2000e-04 lr: 1.2000e-04  eta: 2:15:30  time: 0.1053  data_time: 0.0066  memory: 1092  grad_norm: 4.0728  loss: 0.1991  decode.loss_ce: 0.1316  decode.acc_seg: 92.7925  aux.loss_ce: 0.0676  aux.acc_seg: 92.9137
2025/06/15 18:11:07 - mmengine - INFO - Iter(train) [14150/80000]  base_lr: 1.2000e-04 lr: 1.2000e-04  eta: 2:15:20  time: 0.1067  data_time: 0.0072  memory: 1092  grad_norm: 3.5741  loss: 0.1571  decode.loss_ce: 0.1018  decode.acc_seg: 93.0597  aux.loss_ce: 0.0554  aux.acc_seg: 91.6190
2025/06/15 18:11:13 - mmengine - INFO - Iter(train) [14200/80000]  base_lr: 1.2000e-04 lr: 1.2000e-04  eta: 2:15:12  time: 0.1163  data_time: 0.0066  memory: 1092  grad_norm: 2.3131  loss: 0.1502  decode.loss_ce: 0.1021  decode.acc_seg: 89.6735  aux.loss_ce: 0.0481  aux.acc_seg: 84.0514
2025/06/15 18:11:19 - mmengine - INFO - Iter(train) [14250/80000]  base_lr: 1.2000e-04 lr: 1.2000e-04  eta: 2:15:06  time: 0.1235  data_time: 0.0067  memory: 1092  grad_norm: 3.4303  loss: 0.1899  decode.loss_ce: 0.1170  decode.acc_seg: 97.7220  aux.loss_ce: 0.0730  aux.acc_seg: 98.3913
2025/06/15 18:11:25 - mmengine - INFO - Iter(train) [14300/80000]  base_lr: 1.2000e-04 lr: 1.2000e-04  eta: 2:15:01  time: 0.1249  data_time: 0.0076  memory: 1092  grad_norm: 13.5719  loss: 0.2174  decode.loss_ce: 0.1383  decode.acc_seg: 93.0608  aux.loss_ce: 0.0791  aux.acc_seg: 92.9492
2025/06/15 18:11:32 - mmengine - INFO - Iter(train) [14350/80000]  base_lr: 1.2000e-04 lr: 1.2000e-04  eta: 2:14:56  time: 0.1224  data_time: 0.0071  memory: 1092  grad_norm: 6.0955  loss: 0.1759  decode.loss_ce: 0.1224  decode.acc_seg: 96.1383  aux.loss_ce: 0.0535  aux.acc_seg: 96.6967
2025/06/15 18:11:38 - mmengine - INFO - Iter(train) [14400/80000]  base_lr: 1.2000e-04 lr: 1.2000e-04  eta: 2:14:50  time: 0.1256  data_time: 0.0070  memory: 1092  grad_norm: 5.1957  loss: 0.2343  decode.loss_ce: 0.1619  decode.acc_seg: 93.8419  aux.loss_ce: 0.0724  aux.acc_seg: 91.3455
2025/06/15 18:11:44 - mmengine - INFO - Iter(train) [14450/80000]  base_lr: 1.2000e-04 lr: 1.2000e-04  eta: 2:14:44  time: 0.1237  data_time: 0.0073  memory: 1092  grad_norm: 5.8889  loss: 0.2166  decode.loss_ce: 0.1435  decode.acc_seg: 98.5085  aux.loss_ce: 0.0731  aux.acc_seg: 97.6508
2025/06/15 18:11:51 - mmengine - INFO - Iter(train) [14500/80000]  base_lr: 1.2000e-04 lr: 1.2000e-04  eta: 2:14:38  time: 0.1246  data_time: 0.0075  memory: 1092  grad_norm: 6.2723  loss: 0.2578  decode.loss_ce: 0.1639  decode.acc_seg: 95.9161  aux.loss_ce: 0.0938  aux.acc_seg: 95.7156
2025/06/15 18:11:56 - mmengine - INFO - Iter(train) [14550/80000]  base_lr: 1.2000e-04 lr: 1.2000e-04  eta: 2:14:30  time: 0.1225  data_time: 0.0072  memory: 1092  grad_norm: 3.4054  loss: 0.1671  decode.loss_ce: 0.1079  decode.acc_seg: 98.2706  aux.loss_ce: 0.0592  aux.acc_seg: 96.0635
2025/06/15 18:12:03 - mmengine - INFO - Iter(train) [14600/80000]  base_lr: 1.2000e-04 lr: 1.2000e-04  eta: 2:14:24  time: 0.1081  data_time: 0.0076  memory: 1092  grad_norm: 5.5601  loss: 0.2419  decode.loss_ce: 0.1715  decode.acc_seg: 97.4760  aux.loss_ce: 0.0704  aux.acc_seg: 94.6194
2025/06/15 18:12:08 - mmengine - INFO - Iter(train) [14650/80000]  base_lr: 1.2000e-04 lr: 1.2000e-04  eta: 2:14:15  time: 0.1074  data_time: 0.0071  memory: 1092  grad_norm: 9.3239  loss: 0.2701  decode.loss_ce: 0.1666  decode.acc_seg: 95.8256  aux.loss_ce: 0.1035  aux.acc_seg: 94.9617
2025/06/15 18:12:14 - mmengine - INFO - Iter(train) [14700/80000]  base_lr: 1.2000e-04 lr: 1.2000e-04  eta: 2:14:09  time: 0.1249  data_time: 0.0072  memory: 1092  grad_norm: 6.2218  loss: 0.2444  decode.loss_ce: 0.1730  decode.acc_seg: 95.7122  aux.loss_ce: 0.0714  aux.acc_seg: 95.4584
2025/06/15 18:12:20 - mmengine - INFO - Iter(train) [14750/80000]  base_lr: 1.2000e-04 lr: 1.2000e-04  eta: 2:14:03  time: 0.1090  data_time: 0.0075  memory: 1092  grad_norm: 6.2041  loss: 0.2361  decode.loss_ce: 0.1584  decode.acc_seg: 86.8861  aux.loss_ce: 0.0777  aux.acc_seg: 89.3044
2025/06/15 18:12:26 - mmengine - INFO - Iter(train) [14800/80000]  base_lr: 1.2000e-04 lr: 1.2000e-04  eta: 2:13:53  time: 0.1075  data_time: 0.0075  memory: 1092  grad_norm: 3.1436  loss: 0.1587  decode.loss_ce: 0.1051  decode.acc_seg: 91.7141  aux.loss_ce: 0.0536  aux.acc_seg: 91.6840
2025/06/15 18:12:32 - mmengine - INFO - Iter(train) [14850/80000]  base_lr: 1.2000e-04 lr: 1.2000e-04  eta: 2:13:48  time: 0.1251  data_time: 0.0075  memory: 1092  grad_norm: 4.5095  loss: 0.2274  decode.loss_ce: 0.1474  decode.acc_seg: 95.3413  aux.loss_ce: 0.0800  aux.acc_seg: 90.6983
2025/06/15 18:12:38 - mmengine - INFO - Iter(train) [14900/80000]  base_lr: 1.2000e-04 lr: 1.2000e-04  eta: 2:13:41  time: 0.1069  data_time: 0.0074  memory: 1092  grad_norm: 5.4612  loss: 0.1754  decode.loss_ce: 0.1133  decode.acc_seg: 93.7124  aux.loss_ce: 0.0621  aux.acc_seg: 92.0493
2025/06/15 18:12:44 - mmengine - INFO - Iter(train) [14950/80000]  base_lr: 1.2000e-04 lr: 1.2000e-04  eta: 2:13:33  time: 0.1240  data_time: 0.0074  memory: 1092  grad_norm: 5.0602  loss: 0.2677  decode.loss_ce: 0.1703  decode.acc_seg: 95.6459  aux.loss_ce: 0.0974  aux.acc_seg: 95.7238
2025/06/15 18:12:50 - mmengine - INFO - Exp name: U-Net_MobileMamba_20250615_174141
2025/06/15 18:12:50 - mmengine - INFO - Iter(train) [15000/80000]  base_lr: 1.2000e-04 lr: 1.2000e-04  eta: 2:13:27  time: 0.1246  data_time: 0.0075  memory: 1092  grad_norm: 1.6399  loss: 0.1151  decode.loss_ce: 0.0794  decode.acc_seg: 98.3966  aux.loss_ce: 0.0357  aux.acc_seg: 98.4607
2025/06/15 18:12:56 - mmengine - INFO - Iter(train) [15050/80000]  base_lr: 1.2000e-04 lr: 1.2000e-04  eta: 2:13:21  time: 0.1170  data_time: 0.0098  memory: 1092  grad_norm: 5.5199  loss: 0.2563  decode.loss_ce: 0.1672  decode.acc_seg: 90.8015  aux.loss_ce: 0.0891  aux.acc_seg: 90.1787
2025/06/15 18:13:03 - mmengine - INFO - Iter(train) [15100/80000]  base_lr: 1.2000e-04 lr: 1.2000e-04  eta: 2:13:17  time: 0.1298  data_time: 0.0078  memory: 1092  grad_norm: 4.9542  loss: 0.1901  decode.loss_ce: 0.1239  decode.acc_seg: 94.6401  aux.loss_ce: 0.0662  aux.acc_seg: 93.7849
2025/06/15 18:13:09 - mmengine - INFO - Iter(train) [15150/80000]  base_lr: 1.2000e-04 lr: 1.2000e-04  eta: 2:13:11  time: 0.1258  data_time: 0.0072  memory: 1092  grad_norm: 6.3530  loss: 0.1671  decode.loss_ce: 0.1096  decode.acc_seg: 94.0594  aux.loss_ce: 0.0575  aux.acc_seg: 92.3256
2025/06/15 18:13:15 - mmengine - INFO - Iter(train) [15200/80000]  base_lr: 1.2000e-04 lr: 1.2000e-04  eta: 2:13:05  time: 0.1214  data_time: 0.0073  memory: 1092  grad_norm: 2.5450  loss: 0.1465  decode.loss_ce: 0.0910  decode.acc_seg: 98.7343  aux.loss_ce: 0.0555  aux.acc_seg: 91.1216
2025/06/15 18:13:21 - mmengine - INFO - Iter(train) [15250/80000]  base_lr: 1.2000e-04 lr: 1.2000e-04  eta: 2:12:57  time: 0.1072  data_time: 0.0076  memory: 1092  grad_norm: 5.7228  loss: 0.2709  decode.loss_ce: 0.1762  decode.acc_seg: 95.1671  aux.loss_ce: 0.0947  aux.acc_seg: 94.5753
2025/06/15 18:13:27 - mmengine - INFO - Iter(train) [15300/80000]  base_lr: 1.2000e-04 lr: 1.2000e-04  eta: 2:12:48  time: 0.1069  data_time: 0.0073  memory: 1092  grad_norm: 4.2121  loss: 0.1919  decode.loss_ce: 0.1275  decode.acc_seg: 93.6292  aux.loss_ce: 0.0644  aux.acc_seg: 91.9879
2025/06/15 18:13:32 - mmengine - INFO - Iter(train) [15350/80000]  base_lr: 1.2000e-04 lr: 1.2000e-04  eta: 2:12:38  time: 0.1075  data_time: 0.0073  memory: 1092  grad_norm: 3.2632  loss: 0.1974  decode.loss_ce: 0.1334  decode.acc_seg: 97.2831  aux.loss_ce: 0.0640  aux.acc_seg: 96.6853
2025/06/15 18:13:38 - mmengine - INFO - Iter(train) [15400/80000]  base_lr: 1.2000e-04 lr: 1.2000e-04  eta: 2:12:32  time: 0.1241  data_time: 0.0070  memory: 1092  grad_norm: 5.7687  loss: 0.1846  decode.loss_ce: 0.1219  decode.acc_seg: 97.2529  aux.loss_ce: 0.0627  aux.acc_seg: 97.3544
2025/06/15 18:13:44 - mmengine - INFO - Iter(train) [15450/80000]  base_lr: 1.2000e-04 lr: 1.2000e-04  eta: 2:12:26  time: 0.1234  data_time: 0.0070  memory: 1092  grad_norm: 9.4998  loss: 0.3221  decode.loss_ce: 0.2298  decode.acc_seg: 86.9688  aux.loss_ce: 0.0923  aux.acc_seg: 85.9468
2025/06/15 18:13:51 - mmengine - INFO - Iter(train) [15500/80000]  base_lr: 1.2000e-04 lr: 1.2000e-04  eta: 2:12:20  time: 0.1247  data_time: 0.0071  memory: 1092  grad_norm: 5.3526  loss: 0.2422  decode.loss_ce: 0.1711  decode.acc_seg: 90.2316  aux.loss_ce: 0.0710  aux.acc_seg: 91.4815
2025/06/15 18:13:57 - mmengine - INFO - Iter(train) [15550/80000]  base_lr: 1.2000e-04 lr: 1.2000e-04  eta: 2:12:14  time: 0.1243  data_time: 0.0072  memory: 1092  grad_norm: 4.0907  loss: 0.1567  decode.loss_ce: 0.1001  decode.acc_seg: 97.2937  aux.loss_ce: 0.0566  aux.acc_seg: 96.9946
2025/06/15 18:14:03 - mmengine - INFO - Iter(train) [15600/80000]  base_lr: 1.2000e-04 lr: 1.2000e-04  eta: 2:12:08  time: 0.1217  data_time: 0.0070  memory: 1092  grad_norm: 4.6067  loss: 0.1281  decode.loss_ce: 0.0783  decode.acc_seg: 98.4007  aux.loss_ce: 0.0497  aux.acc_seg: 97.1629
2025/06/15 18:14:09 - mmengine - INFO - Iter(train) [15650/80000]  base_lr: 1.2000e-04 lr: 1.2000e-04  eta: 2:12:02  time: 0.1248  data_time: 0.0071  memory: 1092  grad_norm: 3.9193  loss: 0.2197  decode.loss_ce: 0.1368  decode.acc_seg: 91.2751  aux.loss_ce: 0.0828  aux.acc_seg: 84.0276
2025/06/15 18:14:15 - mmengine - INFO - Iter(train) [15700/80000]  base_lr: 1.2000e-04 lr: 1.2000e-04  eta: 2:11:56  time: 0.1199  data_time: 0.0072  memory: 1092  grad_norm: 5.0634  loss: 0.2296  decode.loss_ce: 0.1517  decode.acc_seg: 96.8468  aux.loss_ce: 0.0779  aux.acc_seg: 96.4453
2025/06/15 18:14:22 - mmengine - INFO - Iter(train) [15750/80000]  base_lr: 1.2000e-04 lr: 1.2000e-04  eta: 2:11:51  time: 0.1257  data_time: 0.0072  memory: 1092  grad_norm: 9.0142  loss: 0.1866  decode.loss_ce: 0.1219  decode.acc_seg: 95.2133  aux.loss_ce: 0.0646  aux.acc_seg: 94.8231
2025/06/15 18:14:28 - mmengine - INFO - Iter(train) [15800/80000]  base_lr: 1.2000e-04 lr: 1.2000e-04  eta: 2:11:45  time: 0.1140  data_time: 0.0073  memory: 1092  grad_norm: 5.4510  loss: 0.2305  decode.loss_ce: 0.1627  decode.acc_seg: 96.8596  aux.loss_ce: 0.0678  aux.acc_seg: 96.5704
2025/06/15 18:14:33 - mmengine - INFO - Iter(train) [15850/80000]  base_lr: 1.2000e-04 lr: 1.2000e-04  eta: 2:11:36  time: 0.1106  data_time: 0.0069  memory: 1092  grad_norm: 6.2174  loss: 0.1713  decode.loss_ce: 0.1144  decode.acc_seg: 98.3181  aux.loss_ce: 0.0569  aux.acc_seg: 97.0281
2025/06/15 18:14:39 - mmengine - INFO - Iter(train) [15900/80000]  base_lr: 1.2000e-04 lr: 1.2000e-04  eta: 2:11:29  time: 0.1242  data_time: 0.0071  memory: 1092  grad_norm: 3.7623  loss: 0.1515  decode.loss_ce: 0.0985  decode.acc_seg: 94.1951  aux.loss_ce: 0.0530  aux.acc_seg: 93.8626
2025/06/15 18:14:46 - mmengine - INFO - Iter(train) [15950/80000]  base_lr: 1.2000e-04 lr: 1.2000e-04  eta: 2:11:23  time: 0.1245  data_time: 0.0071  memory: 1092  grad_norm: 5.2477  loss: 0.2600  decode.loss_ce: 0.1818  decode.acc_seg: 88.6066  aux.loss_ce: 0.0782  aux.acc_seg: 75.5971
2025/06/15 18:14:52 - mmengine - INFO - Exp name: U-Net_MobileMamba_20250615_174141
2025/06/15 18:14:52 - mmengine - INFO - Iter(train) [16000/80000]  base_lr: 1.2000e-04 lr: 1.2000e-04  eta: 2:11:18  time: 0.1246  data_time: 0.0073  memory: 1092  grad_norm: 2.3349  loss: 0.1242  decode.loss_ce: 0.0793  decode.acc_seg: 97.7064  aux.loss_ce: 0.0449  aux.acc_seg: 96.3038
2025/06/15 18:14:52 - mmengine - INFO - Saving checkpoint at 16000 iterations
2025/06/15 18:14:54 - mmengine - INFO - Iter(val) [  50/1000]    eta: 0:00:23  time: 0.0219  data_time: 0.0016  memory: 369  
2025/06/15 18:14:55 - mmengine - INFO - Iter(val) [ 100/1000]    eta: 0:00:19  time: 0.0185  data_time: 0.0015  memory: 369  
2025/06/15 18:14:56 - mmengine - INFO - Iter(val) [ 150/1000]    eta: 0:00:17  time: 0.0179  data_time: 0.0015  memory: 369  
2025/06/15 18:14:56 - mmengine - INFO - Iter(val) [ 200/1000]    eta: 0:00:15  time: 0.0186  data_time: 0.0016  memory: 369  
2025/06/15 18:14:57 - mmengine - INFO - Iter(val) [ 250/1000]    eta: 0:00:14  time: 0.0187  data_time: 0.0017  memory: 369  
2025/06/15 18:14:58 - mmengine - INFO - Iter(val) [ 300/1000]    eta: 0:00:13  time: 0.0173  data_time: 0.0014  memory: 369  
2025/06/15 18:14:59 - mmengine - INFO - Iter(val) [ 350/1000]    eta: 0:00:12  time: 0.0181  data_time: 0.0015  memory: 368  
2025/06/15 18:15:00 - mmengine - INFO - Iter(val) [ 400/1000]    eta: 0:00:11  time: 0.0181  data_time: 0.0014  memory: 367  
2025/06/15 18:15:01 - mmengine - INFO - Iter(val) [ 450/1000]    eta: 0:00:10  time: 0.0190  data_time: 0.0018  memory: 369  
2025/06/15 18:15:02 - mmengine - INFO - Iter(val) [ 500/1000]    eta: 0:00:09  time: 0.0177  data_time: 0.0013  memory: 360  
2025/06/15 18:15:03 - mmengine - INFO - Iter(val) [ 550/1000]    eta: 0:00:08  time: 0.0178  data_time: 0.0014  memory: 360  
2025/06/15 18:15:04 - mmengine - INFO - Iter(val) [ 600/1000]    eta: 0:00:07  time: 0.0183  data_time: 0.0016  memory: 369  
2025/06/15 18:15:05 - mmengine - INFO - Iter(val) [ 650/1000]    eta: 0:00:06  time: 0.0177  data_time: 0.0013  memory: 360  
2025/06/15 18:15:05 - mmengine - INFO - Iter(val) [ 700/1000]    eta: 0:00:05  time: 0.0179  data_time: 0.0014  memory: 360  
2025/06/15 18:15:06 - mmengine - INFO - Iter(val) [ 750/1000]    eta: 0:00:04  time: 0.0180  data_time: 0.0015  memory: 360  
2025/06/15 18:15:07 - mmengine - INFO - Iter(val) [ 800/1000]    eta: 0:00:03  time: 0.0179  data_time: 0.0014  memory: 367  
2025/06/15 18:15:08 - mmengine - INFO - Iter(val) [ 850/1000]    eta: 0:00:02  time: 0.0183  data_time: 0.0017  memory: 369  
2025/06/15 18:15:09 - mmengine - INFO - Iter(val) [ 900/1000]    eta: 0:00:01  time: 0.0184  data_time: 0.0015  memory: 369  
2025/06/15 18:15:10 - mmengine - INFO - Iter(val) [ 950/1000]    eta: 0:00:00  time: 0.0178  data_time: 0.0015  memory: 367  
2025/06/15 18:15:11 - mmengine - INFO - Iter(val) [1000/1000]    eta: 0:00:00  time: 0.0173  data_time: 0.0013  memory: 373  
2025/06/15 18:15:11 - mmengine - INFO - per class results:
2025/06/15 18:15:11 - mmengine - INFO - 
+------------+-------+-------+
|   Class    |  IoU  |  Acc  |
+------------+-------+-------+
| background | 97.23 |  98.6 |
|   polyp    | 85.38 | 92.08 |
+------------+-------+-------+
2025/06/15 18:15:11 - mmengine - INFO - Iter(val) [1000/1000]    aAcc: 97.6200  mIoU: 91.3100  mAcc: 95.3400  data_time: 0.0016  time: 0.0184
2025/06/15 18:15:17 - mmengine - INFO - Iter(train) [16050/80000]  base_lr: 1.2000e-04 lr: 1.2000e-04  eta: 2:11:12  time: 0.1266  data_time: 0.0072  memory: 1092  grad_norm: 4.5084  loss: 0.1969  decode.loss_ce: 0.1278  decode.acc_seg: 98.1392  aux.loss_ce: 0.0691  aux.acc_seg: 97.9021
2025/06/15 18:15:23 - mmengine - INFO - Iter(train) [16100/80000]  base_lr: 1.2000e-04 lr: 1.2000e-04  eta: 2:11:05  time: 0.1249  data_time: 0.0070  memory: 1092  grad_norm: 3.5016  loss: 0.1848  decode.loss_ce: 0.1144  decode.acc_seg: 90.7751  aux.loss_ce: 0.0705  aux.acc_seg: 83.9087
2025/06/15 18:15:29 - mmengine - INFO - Iter(train) [16150/80000]  base_lr: 1.2000e-04 lr: 1.2000e-04  eta: 2:10:59  time: 0.1242  data_time: 0.0069  memory: 1092  grad_norm: 2.4466  loss: 0.1350  decode.loss_ce: 0.0819  decode.acc_seg: 97.0087  aux.loss_ce: 0.0531  aux.acc_seg: 96.1691
2025/06/15 18:15:36 - mmengine - INFO - Iter(train) [16200/80000]  base_lr: 1.2000e-04 lr: 1.2000e-04  eta: 2:10:54  time: 0.1277  data_time: 0.0082  memory: 1092  grad_norm: 4.5914  loss: 0.2638  decode.loss_ce: 0.1734  decode.acc_seg: 97.4673  aux.loss_ce: 0.0904  aux.acc_seg: 95.6408
2025/06/15 18:15:42 - mmengine - INFO - Iter(train) [16250/80000]  base_lr: 1.2000e-04 lr: 1.2000e-04  eta: 2:10:49  time: 0.1248  data_time: 0.0071  memory: 1092  grad_norm: 2.7269  loss: 0.1437  decode.loss_ce: 0.0896  decode.acc_seg: 95.5558  aux.loss_ce: 0.0541  aux.acc_seg: 91.5288
2025/06/15 18:15:48 - mmengine - INFO - Iter(train) [16300/80000]  base_lr: 1.2000e-04 lr: 1.2000e-04  eta: 2:10:43  time: 0.1233  data_time: 0.0074  memory: 1092  grad_norm: 4.5529  loss: 0.1783  decode.loss_ce: 0.1101  decode.acc_seg: 96.9908  aux.loss_ce: 0.0683  aux.acc_seg: 96.2220
2025/06/15 18:15:55 - mmengine - INFO - Iter(train) [16350/80000]  base_lr: 1.2000e-04 lr: 1.2000e-04  eta: 2:10:38  time: 0.1269  data_time: 0.0074  memory: 1092  grad_norm: 3.5130  loss: 0.1967  decode.loss_ce: 0.1285  decode.acc_seg: 95.2954  aux.loss_ce: 0.0682  aux.acc_seg: 92.1201
2025/06/15 18:16:01 - mmengine - INFO - Iter(train) [16400/80000]  base_lr: 1.2000e-04 lr: 1.2000e-04  eta: 2:10:32  time: 0.1253  data_time: 0.0072  memory: 1092  grad_norm: 4.0092  loss: 0.1799  decode.loss_ce: 0.1204  decode.acc_seg: 98.4727  aux.loss_ce: 0.0595  aux.acc_seg: 97.6076
2025/06/15 18:16:07 - mmengine - INFO - Iter(train) [16450/80000]  base_lr: 1.2000e-04 lr: 1.2000e-04  eta: 2:10:26  time: 0.1245  data_time: 0.0073  memory: 1092  grad_norm: 5.4927  loss: 0.2074  decode.loss_ce: 0.1356  decode.acc_seg: 95.7253  aux.loss_ce: 0.0718  aux.acc_seg: 95.4268
2025/06/15 18:16:14 - mmengine - INFO - Iter(train) [16500/80000]  base_lr: 1.2000e-04 lr: 1.2000e-04  eta: 2:10:20  time: 0.1249  data_time: 0.0070  memory: 1092  grad_norm: 5.4510  loss: 0.1844  decode.loss_ce: 0.1208  decode.acc_seg: 95.0873  aux.loss_ce: 0.0636  aux.acc_seg: 94.9781
2025/06/15 18:16:20 - mmengine - INFO - Iter(train) [16550/80000]  base_lr: 1.2000e-04 lr: 1.2000e-04  eta: 2:10:14  time: 0.1240  data_time: 0.0071  memory: 1092  grad_norm: 4.7437  loss: 0.2230  decode.loss_ce: 0.1484  decode.acc_seg: 97.4507  aux.loss_ce: 0.0745  aux.acc_seg: 97.2149
2025/06/15 18:16:26 - mmengine - INFO - Iter(train) [16600/80000]  base_lr: 1.2000e-04 lr: 1.2000e-04  eta: 2:10:09  time: 0.1244  data_time: 0.0075  memory: 1092  grad_norm: 4.5496  loss: 0.2707  decode.loss_ce: 0.1801  decode.acc_seg: 95.0370  aux.loss_ce: 0.0906  aux.acc_seg: 94.8730
2025/06/15 18:16:33 - mmengine - INFO - Iter(train) [16650/80000]  base_lr: 1.2000e-04 lr: 1.2000e-04  eta: 2:10:04  time: 0.1351  data_time: 0.0087  memory: 1092  grad_norm: 4.9003  loss: 0.2353  decode.loss_ce: 0.1626  decode.acc_seg: 96.7141  aux.loss_ce: 0.0727  aux.acc_seg: 94.6305
2025/06/15 18:16:39 - mmengine - INFO - Iter(train) [16700/80000]  base_lr: 1.2000e-04 lr: 1.2000e-04  eta: 2:09:58  time: 0.1248  data_time: 0.0072  memory: 1092  grad_norm: 4.6834  loss: 0.2082  decode.loss_ce: 0.1252  decode.acc_seg: 96.4080  aux.loss_ce: 0.0831  aux.acc_seg: 91.9436
2025/06/15 18:16:45 - mmengine - INFO - Iter(train) [16750/80000]  base_lr: 1.2000e-04 lr: 1.2000e-04  eta: 2:09:52  time: 0.1234  data_time: 0.0074  memory: 1092  grad_norm: 2.8241  loss: 0.1622  decode.loss_ce: 0.1073  decode.acc_seg: 96.2069  aux.loss_ce: 0.0549  aux.acc_seg: 94.0044
2025/06/15 18:16:51 - mmengine - INFO - Iter(train) [16800/80000]  base_lr: 1.2000e-04 lr: 1.2000e-04  eta: 2:09:45  time: 0.1139  data_time: 0.0076  memory: 1092  grad_norm: 4.9318  loss: 0.1739  decode.loss_ce: 0.1060  decode.acc_seg: 97.8881  aux.loss_ce: 0.0679  aux.acc_seg: 97.8775
2025/06/15 18:16:57 - mmengine - INFO - Iter(train) [16850/80000]  base_lr: 1.2000e-04 lr: 1.2000e-04  eta: 2:09:38  time: 0.1105  data_time: 0.0074  memory: 1092  grad_norm: 12.8100  loss: 0.2586  decode.loss_ce: 0.1774  decode.acc_seg: 97.3610  aux.loss_ce: 0.0812  aux.acc_seg: 96.4034
2025/06/15 18:17:03 - mmengine - INFO - Iter(train) [16900/80000]  base_lr: 1.2000e-04 lr: 1.2000e-04  eta: 2:09:33  time: 0.1257  data_time: 0.0077  memory: 1092  grad_norm: 6.1644  loss: 0.1765  decode.loss_ce: 0.1185  decode.acc_seg: 93.8504  aux.loss_ce: 0.0579  aux.acc_seg: 93.0864
2025/06/15 18:17:09 - mmengine - INFO - Iter(train) [16950/80000]  base_lr: 1.2000e-04 lr: 1.2000e-04  eta: 2:09:26  time: 0.1083  data_time: 0.0074  memory: 1092  grad_norm: 4.5159  loss: 0.2021  decode.loss_ce: 0.1292  decode.acc_seg: 97.4564  aux.loss_ce: 0.0729  aux.acc_seg: 97.2655
2025/06/15 18:17:15 - mmengine - INFO - Exp name: U-Net_MobileMamba_20250615_174141
2025/06/15 18:17:15 - mmengine - INFO - Iter(train) [17000/80000]  base_lr: 1.2000e-04 lr: 1.2000e-04  eta: 2:09:17  time: 0.1115  data_time: 0.0075  memory: 1092  grad_norm: 4.8383  loss: 0.2288  decode.loss_ce: 0.1544  decode.acc_seg: 98.0188  aux.loss_ce: 0.0744  aux.acc_seg: 98.1317
2025/06/15 18:17:20 - mmengine - INFO - Iter(train) [17050/80000]  base_lr: 1.2000e-04 lr: 1.2000e-04  eta: 2:09:09  time: 0.1080  data_time: 0.0072  memory: 1092  grad_norm: 4.8774  loss: 0.2039  decode.loss_ce: 0.1301  decode.acc_seg: 97.3145  aux.loss_ce: 0.0738  aux.acc_seg: 97.1739
2025/06/15 18:17:26 - mmengine - INFO - Iter(train) [17100/80000]  base_lr: 1.2000e-04 lr: 1.2000e-04  eta: 2:09:00  time: 0.1088  data_time: 0.0073  memory: 1092  grad_norm: 8.9249  loss: 0.2767  decode.loss_ce: 0.1808  decode.acc_seg: 93.2801  aux.loss_ce: 0.0959  aux.acc_seg: 87.8975
2025/06/15 18:17:32 - mmengine - INFO - Iter(train) [17150/80000]  base_lr: 1.2000e-04 lr: 1.2000e-04  eta: 2:08:53  time: 0.1160  data_time: 0.0076  memory: 1092  grad_norm: 3.0317  loss: 0.1627  decode.loss_ce: 0.1086  decode.acc_seg: 93.3437  aux.loss_ce: 0.0541  aux.acc_seg: 92.9406
2025/06/15 18:17:38 - mmengine - INFO - Iter(train) [17200/80000]  base_lr: 1.2000e-04 lr: 1.2000e-04  eta: 2:08:46  time: 0.1153  data_time: 0.0070  memory: 1092  grad_norm: 2.9291  loss: 0.1901  decode.loss_ce: 0.1204  decode.acc_seg: 91.9446  aux.loss_ce: 0.0697  aux.acc_seg: 91.3215
2025/06/15 18:17:44 - mmengine - INFO - Iter(train) [17250/80000]  base_lr: 1.2000e-04 lr: 1.2000e-04  eta: 2:08:39  time: 0.1080  data_time: 0.0074  memory: 1092  grad_norm: 2.1530  loss: 0.1477  decode.loss_ce: 0.0927  decode.acc_seg: 97.9713  aux.loss_ce: 0.0550  aux.acc_seg: 98.0520
2025/06/15 18:17:49 - mmengine - INFO - Iter(train) [17300/80000]  base_lr: 1.2000e-04 lr: 1.2000e-04  eta: 2:08:31  time: 0.1092  data_time: 0.0075  memory: 1092  grad_norm: 4.2541  loss: 0.1984  decode.loss_ce: 0.1410  decode.acc_seg: 98.2817  aux.loss_ce: 0.0574  aux.acc_seg: 98.3060
2025/06/15 18:17:55 - mmengine - INFO - Iter(train) [17350/80000]  base_lr: 1.2000e-04 lr: 1.2000e-04  eta: 2:08:23  time: 0.1229  data_time: 0.0073  memory: 1092  grad_norm: 2.9381  loss: 0.1996  decode.loss_ce: 0.1290  decode.acc_seg: 96.4789  aux.loss_ce: 0.0707  aux.acc_seg: 96.4915
2025/06/15 18:18:01 - mmengine - INFO - Iter(train) [17400/80000]  base_lr: 1.2000e-04 lr: 1.2000e-04  eta: 2:08:17  time: 0.1574  data_time: 0.0114  memory: 1092  grad_norm: 8.9783  loss: 0.2071  decode.loss_ce: 0.1368  decode.acc_seg: 96.6562  aux.loss_ce: 0.0703  aux.acc_seg: 95.8941
2025/06/15 18:18:07 - mmengine - INFO - Iter(train) [17450/80000]  base_lr: 1.2000e-04 lr: 1.2000e-04  eta: 2:08:11  time: 0.1257  data_time: 0.0074  memory: 1092  grad_norm: 4.7675  loss: 0.1420  decode.loss_ce: 0.0836  decode.acc_seg: 97.8141  aux.loss_ce: 0.0584  aux.acc_seg: 97.4164
2025/06/15 18:18:13 - mmengine - INFO - Iter(train) [17500/80000]  base_lr: 1.2000e-04 lr: 1.2000e-04  eta: 2:08:05  time: 0.1243  data_time: 0.0074  memory: 1092  grad_norm: 5.6431  loss: 0.1418  decode.loss_ce: 0.0888  decode.acc_seg: 97.8794  aux.loss_ce: 0.0529  aux.acc_seg: 98.0073
2025/06/15 18:18:19 - mmengine - INFO - Iter(train) [17550/80000]  base_lr: 1.2000e-04 lr: 1.2000e-04  eta: 2:07:59  time: 0.1239  data_time: 0.0074  memory: 1092  grad_norm: 3.5146  loss: 0.1208  decode.loss_ce: 0.0816  decode.acc_seg: 97.6636  aux.loss_ce: 0.0392  aux.acc_seg: 97.3906
2025/06/15 18:18:26 - mmengine - INFO - Iter(train) [17600/80000]  base_lr: 1.2000e-04 lr: 1.2000e-04  eta: 2:07:53  time: 0.1249  data_time: 0.0074  memory: 1092  grad_norm: 2.6883  loss: 0.1365  decode.loss_ce: 0.0977  decode.acc_seg: 96.6915  aux.loss_ce: 0.0388  aux.acc_seg: 96.0087
2025/06/15 18:18:32 - mmengine - INFO - Iter(train) [17650/80000]  base_lr: 1.2000e-04 lr: 1.2000e-04  eta: 2:07:48  time: 0.1250  data_time: 0.0078  memory: 1092  grad_norm: 2.6670  loss: 0.1292  decode.loss_ce: 0.0870  decode.acc_seg: 95.7894  aux.loss_ce: 0.0422  aux.acc_seg: 94.9817
2025/06/15 18:18:38 - mmengine - INFO - Iter(train) [17700/80000]  base_lr: 1.2000e-04 lr: 1.2000e-04  eta: 2:07:42  time: 0.1248  data_time: 0.0069  memory: 1092  grad_norm: 4.2752  loss: 0.1498  decode.loss_ce: 0.1043  decode.acc_seg: 97.2345  aux.loss_ce: 0.0455  aux.acc_seg: 98.0225
2025/06/15 18:18:45 - mmengine - INFO - Iter(train) [17750/80000]  base_lr: 1.2000e-04 lr: 1.2000e-04  eta: 2:07:37  time: 0.1253  data_time: 0.0073  memory: 1092  grad_norm: 6.5873  loss: 0.1927  decode.loss_ce: 0.1164  decode.acc_seg: 95.5981  aux.loss_ce: 0.0763  aux.acc_seg: 88.5538
2025/06/15 18:18:51 - mmengine - INFO - Iter(train) [17800/80000]  base_lr: 1.2000e-04 lr: 1.2000e-04  eta: 2:07:31  time: 0.1260  data_time: 0.0073  memory: 1092  grad_norm: 8.6625  loss: 0.2024  decode.loss_ce: 0.1388  decode.acc_seg: 96.6221  aux.loss_ce: 0.0636  aux.acc_seg: 95.8707
2025/06/15 18:18:57 - mmengine - INFO - Iter(train) [17850/80000]  base_lr: 1.2000e-04 lr: 1.2000e-04  eta: 2:07:25  time: 0.1252  data_time: 0.0075  memory: 1092  grad_norm: 5.5698  loss: 0.2254  decode.loss_ce: 0.1427  decode.acc_seg: 96.6646  aux.loss_ce: 0.0827  aux.acc_seg: 92.2408
2025/06/15 18:19:04 - mmengine - INFO - Iter(train) [17900/80000]  base_lr: 1.2000e-04 lr: 1.2000e-04  eta: 2:07:20  time: 0.1271  data_time: 0.0078  memory: 1092  grad_norm: 6.3025  loss: 0.1722  decode.loss_ce: 0.1244  decode.acc_seg: 97.3025  aux.loss_ce: 0.0478  aux.acc_seg: 97.3125
2025/06/15 18:19:10 - mmengine - INFO - Iter(train) [17950/80000]  base_lr: 1.2000e-04 lr: 1.2000e-04  eta: 2:07:14  time: 0.1257  data_time: 0.0073  memory: 1092  grad_norm: 5.2123  loss: 0.2122  decode.loss_ce: 0.1481  decode.acc_seg: 98.2443  aux.loss_ce: 0.0641  aux.acc_seg: 97.5207
2025/06/15 18:19:16 - mmengine - INFO - Exp name: U-Net_MobileMamba_20250615_174141
2025/06/15 18:19:16 - mmengine - INFO - Iter(train) [18000/80000]  base_lr: 1.2000e-04 lr: 1.2000e-04  eta: 2:07:08  time: 0.1227  data_time: 0.0070  memory: 1092  grad_norm: 5.0037  loss: 0.2192  decode.loss_ce: 0.1377  decode.acc_seg: 96.5593  aux.loss_ce: 0.0815  aux.acc_seg: 96.9562
2025/06/15 18:19:22 - mmengine - INFO - Iter(train) [18050/80000]  base_lr: 1.2000e-04 lr: 1.2000e-04  eta: 2:07:02  time: 0.1244  data_time: 0.0075  memory: 1092  grad_norm: 6.0027  loss: 0.1208  decode.loss_ce: 0.0810  decode.acc_seg: 97.3963  aux.loss_ce: 0.0398  aux.acc_seg: 98.0030
2025/06/15 18:19:28 - mmengine - INFO - Iter(train) [18100/80000]  base_lr: 1.2000e-04 lr: 1.2000e-04  eta: 2:06:56  time: 0.1183  data_time: 0.0076  memory: 1092  grad_norm: 8.2348  loss: 0.2922  decode.loss_ce: 0.1944  decode.acc_seg: 97.5226  aux.loss_ce: 0.0978  aux.acc_seg: 97.8328
2025/06/15 18:19:35 - mmengine - INFO - Iter(train) [18150/80000]  base_lr: 1.2000e-04 lr: 1.2000e-04  eta: 2:06:52  time: 0.1426  data_time: 0.0073  memory: 1092  grad_norm: 7.1297  loss: 0.3158  decode.loss_ce: 0.2216  decode.acc_seg: 83.1254  aux.loss_ce: 0.0942  aux.acc_seg: 82.8281
2025/06/15 18:19:42 - mmengine - INFO - Iter(train) [18200/80000]  base_lr: 1.2000e-04 lr: 1.2000e-04  eta: 2:06:46  time: 0.1262  data_time: 0.0072  memory: 1092  grad_norm: 6.4591  loss: 0.2397  decode.loss_ce: 0.1663  decode.acc_seg: 97.1038  aux.loss_ce: 0.0734  aux.acc_seg: 94.0614
2025/06/15 18:19:48 - mmengine - INFO - Iter(train) [18250/80000]  base_lr: 1.2000e-04 lr: 1.2000e-04  eta: 2:06:40  time: 0.1186  data_time: 0.0073  memory: 1092  grad_norm: 3.5007  loss: 0.1361  decode.loss_ce: 0.0902  decode.acc_seg: 97.3883  aux.loss_ce: 0.0459  aux.acc_seg: 96.2392
2025/06/15 18:19:54 - mmengine - INFO - Iter(train) [18300/80000]  base_lr: 1.2000e-04 lr: 1.2000e-04  eta: 2:06:33  time: 0.1190  data_time: 0.0075  memory: 1092  grad_norm: 4.0485  loss: 0.1392  decode.loss_ce: 0.0892  decode.acc_seg: 95.2014  aux.loss_ce: 0.0500  aux.acc_seg: 92.9984
2025/06/15 18:20:00 - mmengine - INFO - Iter(train) [18350/80000]  base_lr: 1.2000e-04 lr: 1.2000e-04  eta: 2:06:26  time: 0.1254  data_time: 0.0075  memory: 1092  grad_norm: 1.9619  loss: 0.1253  decode.loss_ce: 0.0783  decode.acc_seg: 97.6409  aux.loss_ce: 0.0470  aux.acc_seg: 96.1277
2025/06/15 18:20:06 - mmengine - INFO - Iter(train) [18400/80000]  base_lr: 1.2000e-04 lr: 1.2000e-04  eta: 2:06:22  time: 0.1244  data_time: 0.0072  memory: 1092  grad_norm: 8.4436  loss: 0.2156  decode.loss_ce: 0.1521  decode.acc_seg: 85.9892  aux.loss_ce: 0.0635  aux.acc_seg: 88.9688
2025/06/15 18:20:13 - mmengine - INFO - Iter(train) [18450/80000]  base_lr: 1.2000e-04 lr: 1.2000e-04  eta: 2:06:16  time: 0.1242  data_time: 0.0074  memory: 1092  grad_norm: 5.3571  loss: 0.1821  decode.loss_ce: 0.1198  decode.acc_seg: 94.6887  aux.loss_ce: 0.0623  aux.acc_seg: 92.1061
2025/06/15 18:20:19 - mmengine - INFO - Iter(train) [18500/80000]  base_lr: 1.2000e-04 lr: 1.2000e-04  eta: 2:06:10  time: 0.1253  data_time: 0.0075  memory: 1092  grad_norm: 2.5925  loss: 0.1104  decode.loss_ce: 0.0727  decode.acc_seg: 98.2904  aux.loss_ce: 0.0378  aux.acc_seg: 97.9895
2025/06/15 18:20:25 - mmengine - INFO - Iter(train) [18550/80000]  base_lr: 1.2000e-04 lr: 1.2000e-04  eta: 2:06:04  time: 0.1266  data_time: 0.0076  memory: 1092  grad_norm: 8.6274  loss: 0.1687  decode.loss_ce: 0.1065  decode.acc_seg: 98.1152  aux.loss_ce: 0.0622  aux.acc_seg: 97.7539
2025/06/15 18:20:31 - mmengine - INFO - Iter(train) [18600/80000]  base_lr: 1.2000e-04 lr: 1.2000e-04  eta: 2:05:59  time: 0.1255  data_time: 0.0072  memory: 1092  grad_norm: 2.8742  loss: 0.1164  decode.loss_ce: 0.0736  decode.acc_seg: 96.9308  aux.loss_ce: 0.0428  aux.acc_seg: 93.8317
2025/06/15 18:20:38 - mmengine - INFO - Iter(train) [18650/80000]  base_lr: 1.2000e-04 lr: 1.2000e-04  eta: 2:05:54  time: 0.1237  data_time: 0.0072  memory: 1092  grad_norm: 4.2992  loss: 0.2350  decode.loss_ce: 0.1651  decode.acc_seg: 98.5799  aux.loss_ce: 0.0699  aux.acc_seg: 98.2038
2025/06/15 18:20:44 - mmengine - INFO - Iter(train) [18700/80000]  base_lr: 1.2000e-04 lr: 1.2000e-04  eta: 2:05:48  time: 0.1251  data_time: 0.0073  memory: 1092  grad_norm: 2.8939  loss: 0.1484  decode.loss_ce: 0.0980  decode.acc_seg: 97.7246  aux.loss_ce: 0.0503  aux.acc_seg: 97.7020
2025/06/15 18:20:50 - mmengine - INFO - Iter(train) [18750/80000]  base_lr: 1.2000e-04 lr: 1.2000e-04  eta: 2:05:42  time: 0.1273  data_time: 0.0077  memory: 1092  grad_norm: 2.2061  loss: 0.1530  decode.loss_ce: 0.0957  decode.acc_seg: 97.4781  aux.loss_ce: 0.0573  aux.acc_seg: 97.4423
2025/06/15 18:20:57 - mmengine - INFO - Iter(train) [18800/80000]  base_lr: 1.2000e-04 lr: 1.2000e-04  eta: 2:05:36  time: 0.1239  data_time: 0.0074  memory: 1092  grad_norm: 3.2011  loss: 0.1524  decode.loss_ce: 0.1048  decode.acc_seg: 96.6146  aux.loss_ce: 0.0476  aux.acc_seg: 97.7031
2025/06/15 18:21:03 - mmengine - INFO - Iter(train) [18850/80000]  base_lr: 1.2000e-04 lr: 1.2000e-04  eta: 2:05:31  time: 0.1338  data_time: 0.0075  memory: 1092  grad_norm: 9.5029  loss: 0.2154  decode.loss_ce: 0.1383  decode.acc_seg: 89.2879  aux.loss_ce: 0.0771  aux.acc_seg: 82.7539
2025/06/15 18:21:09 - mmengine - INFO - Iter(train) [18900/80000]  base_lr: 1.2000e-04 lr: 1.2000e-04  eta: 2:05:25  time: 0.1247  data_time: 0.0073  memory: 1092  grad_norm: 4.4503  loss: 0.1302  decode.loss_ce: 0.0841  decode.acc_seg: 96.1865  aux.loss_ce: 0.0461  aux.acc_seg: 95.6417
2025/06/15 18:21:16 - mmengine - INFO - Iter(train) [18950/80000]  base_lr: 1.2000e-04 lr: 1.2000e-04  eta: 2:05:19  time: 0.1151  data_time: 0.0067  memory: 1092  grad_norm: 4.7208  loss: 0.2069  decode.loss_ce: 0.1376  decode.acc_seg: 97.7775  aux.loss_ce: 0.0693  aux.acc_seg: 95.8099
2025/06/15 18:21:22 - mmengine - INFO - Exp name: U-Net_MobileMamba_20250615_174141
2025/06/15 18:21:22 - mmengine - INFO - Iter(train) [19000/80000]  base_lr: 1.2000e-04 lr: 1.2000e-04  eta: 2:05:13  time: 0.1260  data_time: 0.0073  memory: 1092  grad_norm: 3.9978  loss: 0.1632  decode.loss_ce: 0.1048  decode.acc_seg: 98.0557  aux.loss_ce: 0.0584  aux.acc_seg: 98.5296
2025/06/15 18:21:28 - mmengine - INFO - Iter(train) [19050/80000]  base_lr: 1.2000e-04 lr: 1.2000e-04  eta: 2:05:07  time: 0.1248  data_time: 0.0073  memory: 1092  grad_norm: 3.0558  loss: 0.1365  decode.loss_ce: 0.0966  decode.acc_seg: 97.4771  aux.loss_ce: 0.0400  aux.acc_seg: 97.1146
2025/06/15 18:21:34 - mmengine - INFO - Iter(train) [19100/80000]  base_lr: 1.2000e-04 lr: 1.2000e-04  eta: 2:05:02  time: 0.1175  data_time: 0.0074  memory: 1092  grad_norm: 4.8756  loss: 0.2435  decode.loss_ce: 0.1600  decode.acc_seg: 91.5137  aux.loss_ce: 0.0835  aux.acc_seg: 90.9697
2025/06/15 18:21:41 - mmengine - INFO - Iter(train) [19150/80000]  base_lr: 1.2000e-04 lr: 1.2000e-04  eta: 2:04:56  time: 0.1270  data_time: 0.0074  memory: 1092  grad_norm: 6.7545  loss: 0.1508  decode.loss_ce: 0.1006  decode.acc_seg: 94.5228  aux.loss_ce: 0.0502  aux.acc_seg: 94.5527
2025/06/15 18:21:47 - mmengine - INFO - Iter(train) [19200/80000]  base_lr: 1.2000e-04 lr: 1.2000e-04  eta: 2:04:50  time: 0.1242  data_time: 0.0067  memory: 1092  grad_norm: 6.5964  loss: 0.2017  decode.loss_ce: 0.1315  decode.acc_seg: 95.9370  aux.loss_ce: 0.0701  aux.acc_seg: 93.9738
2025/06/15 18:21:53 - mmengine - INFO - Iter(train) [19250/80000]  base_lr: 1.2000e-04 lr: 1.2000e-04  eta: 2:04:45  time: 0.1245  data_time: 0.0067  memory: 1092  grad_norm: 2.3172  loss: 0.1151  decode.loss_ce: 0.0841  decode.acc_seg: 98.1742  aux.loss_ce: 0.0311  aux.acc_seg: 98.1250
2025/06/15 18:22:00 - mmengine - INFO - Iter(train) [19300/80000]  base_lr: 1.2000e-04 lr: 1.2000e-04  eta: 2:04:39  time: 0.1227  data_time: 0.0069  memory: 1092  grad_norm: 9.2274  loss: 0.1680  decode.loss_ce: 0.1142  decode.acc_seg: 98.5142  aux.loss_ce: 0.0538  aux.acc_seg: 97.4697
2025/06/15 18:22:06 - mmengine - INFO - Iter(train) [19350/80000]  base_lr: 1.2000e-04 lr: 1.2000e-04  eta: 2:04:33  time: 0.1233  data_time: 0.0067  memory: 1092  grad_norm: 3.7591  loss: 0.1194  decode.loss_ce: 0.0771  decode.acc_seg: 96.4969  aux.loss_ce: 0.0422  aux.acc_seg: 94.4568
2025/06/15 18:22:12 - mmengine - INFO - Iter(train) [19400/80000]  base_lr: 1.2000e-04 lr: 1.2000e-04  eta: 2:04:27  time: 0.1256  data_time: 0.0070  memory: 1092  grad_norm: 11.5014  loss: 0.1735  decode.loss_ce: 0.1152  decode.acc_seg: 98.1082  aux.loss_ce: 0.0583  aux.acc_seg: 98.4608
2025/06/15 18:22:18 - mmengine - INFO - Iter(train) [19450/80000]  base_lr: 1.2000e-04 lr: 1.2000e-04  eta: 2:04:21  time: 0.1201  data_time: 0.0070  memory: 1092  grad_norm: 2.7117  loss: 0.1820  decode.loss_ce: 0.1265  decode.acc_seg: 94.3591  aux.loss_ce: 0.0555  aux.acc_seg: 88.2483
2025/06/15 18:22:24 - mmengine - INFO - Iter(train) [19500/80000]  base_lr: 1.2000e-04 lr: 1.2000e-04  eta: 2:04:15  time: 0.1188  data_time: 0.0069  memory: 1092  grad_norm: 5.1169  loss: 0.1747  decode.loss_ce: 0.1169  decode.acc_seg: 94.7507  aux.loss_ce: 0.0578  aux.acc_seg: 93.2523
2025/06/15 18:22:31 - mmengine - INFO - Iter(train) [19550/80000]  base_lr: 1.2000e-04 lr: 1.2000e-04  eta: 2:04:09  time: 0.1316  data_time: 0.0098  memory: 1092  grad_norm: 2.5454  loss: 0.1291  decode.loss_ce: 0.0783  decode.acc_seg: 97.8993  aux.loss_ce: 0.0508  aux.acc_seg: 97.9262
2025/06/15 18:22:37 - mmengine - INFO - Iter(train) [19600/80000]  base_lr: 1.2000e-04 lr: 1.2000e-04  eta: 2:04:03  time: 0.1251  data_time: 0.0073  memory: 1092  grad_norm: 5.3339  loss: 0.2239  decode.loss_ce: 0.1488  decode.acc_seg: 98.1049  aux.loss_ce: 0.0751  aux.acc_seg: 98.2187
2025/06/15 18:22:43 - mmengine - INFO - Iter(train) [19650/80000]  base_lr: 1.2000e-04 lr: 1.2000e-04  eta: 2:03:57  time: 0.1231  data_time: 0.0068  memory: 1092  grad_norm: 2.5027  loss: 0.1524  decode.loss_ce: 0.0948  decode.acc_seg: 97.3807  aux.loss_ce: 0.0577  aux.acc_seg: 96.0443
2025/06/15 18:22:49 - mmengine - INFO - Iter(train) [19700/80000]  base_lr: 1.2000e-04 lr: 1.2000e-04  eta: 2:03:51  time: 0.1240  data_time: 0.0067  memory: 1092  grad_norm: 2.9689  loss: 0.1030  decode.loss_ce: 0.0714  decode.acc_seg: 94.3500  aux.loss_ce: 0.0316  aux.acc_seg: 96.2163
2025/06/15 18:22:55 - mmengine - INFO - Iter(train) [19750/80000]  base_lr: 1.2000e-04 lr: 1.2000e-04  eta: 2:03:45  time: 0.1235  data_time: 0.0068  memory: 1092  grad_norm: 4.0826  loss: 0.1593  decode.loss_ce: 0.1054  decode.acc_seg: 95.4635  aux.loss_ce: 0.0539  aux.acc_seg: 95.2959
2025/06/15 18:23:02 - mmengine - INFO - Iter(train) [19800/80000]  base_lr: 1.2000e-04 lr: 1.2000e-04  eta: 2:03:40  time: 0.1230  data_time: 0.0066  memory: 1092  grad_norm: 5.8173  loss: 0.1694  decode.loss_ce: 0.1133  decode.acc_seg: 98.1225  aux.loss_ce: 0.0561  aux.acc_seg: 95.6262
2025/06/15 18:23:08 - mmengine - INFO - Iter(train) [19850/80000]  base_lr: 1.2000e-04 lr: 1.2000e-04  eta: 2:03:34  time: 0.1232  data_time: 0.0069  memory: 1092  grad_norm: 5.1251  loss: 0.1160  decode.loss_ce: 0.0744  decode.acc_seg: 98.6954  aux.loss_ce: 0.0416  aux.acc_seg: 98.4292
2025/06/15 18:23:14 - mmengine - INFO - Iter(train) [19900/80000]  base_lr: 1.2000e-04 lr: 1.2000e-04  eta: 2:03:27  time: 0.1256  data_time: 0.0073  memory: 1092  grad_norm: 3.7288  loss: 0.1684  decode.loss_ce: 0.1092  decode.acc_seg: 97.6549  aux.loss_ce: 0.0592  aux.acc_seg: 96.9791
2025/06/15 18:23:20 - mmengine - INFO - Iter(train) [19950/80000]  base_lr: 1.2000e-04 lr: 1.2000e-04  eta: 2:03:21  time: 0.1206  data_time: 0.0070  memory: 1092  grad_norm: 3.4166  loss: 0.1524  decode.loss_ce: 0.0991  decode.acc_seg: 92.6628  aux.loss_ce: 0.0533  aux.acc_seg: 91.4339
2025/06/15 18:23:27 - mmengine - INFO - Exp name: U-Net_MobileMamba_20250615_174141
2025/06/15 18:23:27 - mmengine - INFO - Iter(train) [20000/80000]  base_lr: 1.2000e-04 lr: 1.2000e-04  eta: 2:03:15  time: 0.1223  data_time: 0.0074  memory: 1092  grad_norm: 3.7944  loss: 0.1568  decode.loss_ce: 0.1033  decode.acc_seg: 94.4147  aux.loss_ce: 0.0535  aux.acc_seg: 93.9427
2025/06/15 18:23:33 - mmengine - INFO - Iter(train) [20050/80000]  base_lr: 1.2000e-04 lr: 1.2000e-04  eta: 2:03:10  time: 0.1263  data_time: 0.0075  memory: 1092  grad_norm: 2.2957  loss: 0.1298  decode.loss_ce: 0.0877  decode.acc_seg: 88.8378  aux.loss_ce: 0.0422  aux.acc_seg: 88.6251
2025/06/15 18:23:39 - mmengine - INFO - Iter(train) [20100/80000]  base_lr: 1.2000e-04 lr: 1.2000e-04  eta: 2:03:04  time: 0.1221  data_time: 0.0073  memory: 1092  grad_norm: 5.3242  loss: 0.1617  decode.loss_ce: 0.1178  decode.acc_seg: 97.5127  aux.loss_ce: 0.0439  aux.acc_seg: 95.6428
2025/06/15 18:23:46 - mmengine - INFO - Iter(train) [20150/80000]  base_lr: 1.2000e-04 lr: 1.2000e-04  eta: 2:02:58  time: 0.1171  data_time: 0.0072  memory: 1092  grad_norm: 9.2792  loss: 0.4978  decode.loss_ce: 0.3473  decode.acc_seg: 98.3395  aux.loss_ce: 0.1505  aux.acc_seg: 98.1195
2025/06/15 18:23:52 - mmengine - INFO - Iter(train) [20200/80000]  base_lr: 1.2000e-04 lr: 1.2000e-04  eta: 2:02:52  time: 0.1247  data_time: 0.0074  memory: 1092  grad_norm: 10.6310  loss: 0.2043  decode.loss_ce: 0.1476  decode.acc_seg: 98.8135  aux.loss_ce: 0.0567  aux.acc_seg: 98.5432
2025/06/15 18:23:58 - mmengine - INFO - Iter(train) [20250/80000]  base_lr: 1.2000e-04 lr: 1.2000e-04  eta: 2:02:45  time: 0.1240  data_time: 0.0071  memory: 1092  grad_norm: 9.3210  loss: 0.2538  decode.loss_ce: 0.1704  decode.acc_seg: 89.0049  aux.loss_ce: 0.0834  aux.acc_seg: 86.8483
2025/06/15 18:24:05 - mmengine - INFO - Iter(train) [20300/80000]  base_lr: 1.2000e-04 lr: 1.2000e-04  eta: 2:02:41  time: 0.1270  data_time: 0.0075  memory: 1092  grad_norm: 6.0789  loss: 0.1951  decode.loss_ce: 0.1299  decode.acc_seg: 90.3082  aux.loss_ce: 0.0653  aux.acc_seg: 90.6042
2025/06/15 18:24:11 - mmengine - INFO - Iter(train) [20350/80000]  base_lr: 1.2000e-04 lr: 1.2000e-04  eta: 2:02:35  time: 0.1247  data_time: 0.0073  memory: 1092  grad_norm: 3.9476  loss: 0.1872  decode.loss_ce: 0.1286  decode.acc_seg: 97.6533  aux.loss_ce: 0.0586  aux.acc_seg: 96.3531
2025/06/15 18:24:17 - mmengine - INFO - Iter(train) [20400/80000]  base_lr: 1.2000e-04 lr: 1.2000e-04  eta: 2:02:29  time: 0.1264  data_time: 0.0071  memory: 1092  grad_norm: 2.7516  loss: 0.1086  decode.loss_ce: 0.0700  decode.acc_seg: 97.7980  aux.loss_ce: 0.0386  aux.acc_seg: 95.8662
2025/06/15 18:24:23 - mmengine - INFO - Iter(train) [20450/80000]  base_lr: 1.2000e-04 lr: 1.2000e-04  eta: 2:02:23  time: 0.1262  data_time: 0.0073  memory: 1092  grad_norm: 5.8473  loss: 0.1792  decode.loss_ce: 0.1168  decode.acc_seg: 97.9935  aux.loss_ce: 0.0624  aux.acc_seg: 98.0539
2025/06/15 18:24:30 - mmengine - INFO - Iter(train) [20500/80000]  base_lr: 1.2000e-04 lr: 1.2000e-04  eta: 2:02:18  time: 0.1467  data_time: 0.0078  memory: 1092  grad_norm: 3.7626  loss: 0.2209  decode.loss_ce: 0.1444  decode.acc_seg: 86.9009  aux.loss_ce: 0.0766  aux.acc_seg: 80.2010
2025/06/15 18:24:36 - mmengine - INFO - Iter(train) [20550/80000]  base_lr: 1.2000e-04 lr: 1.2000e-04  eta: 2:02:12  time: 0.1263  data_time: 0.0076  memory: 1092  grad_norm: 4.1359  loss: 0.1332  decode.loss_ce: 0.0917  decode.acc_seg: 98.4535  aux.loss_ce: 0.0415  aux.acc_seg: 97.9858
2025/06/15 18:24:42 - mmengine - INFO - Iter(train) [20600/80000]  base_lr: 1.2000e-04 lr: 1.2000e-04  eta: 2:02:06  time: 0.1246  data_time: 0.0077  memory: 1092  grad_norm: 5.9969  loss: 0.1882  decode.loss_ce: 0.1223  decode.acc_seg: 95.8159  aux.loss_ce: 0.0659  aux.acc_seg: 93.9487
2025/06/15 18:24:49 - mmengine - INFO - Iter(train) [20650/80000]  base_lr: 1.2000e-04 lr: 1.2000e-04  eta: 2:02:01  time: 0.1252  data_time: 0.0075  memory: 1092  grad_norm: 2.1789  loss: 0.0981  decode.loss_ce: 0.0634  decode.acc_seg: 97.6399  aux.loss_ce: 0.0347  aux.acc_seg: 97.8061
2025/06/15 18:24:55 - mmengine - INFO - Iter(train) [20700/80000]  base_lr: 1.2000e-04 lr: 1.2000e-04  eta: 2:01:55  time: 0.1197  data_time: 0.0075  memory: 1092  grad_norm: 5.8392  loss: 0.1978  decode.loss_ce: 0.1127  decode.acc_seg: 93.0284  aux.loss_ce: 0.0851  aux.acc_seg: 82.5246
2025/06/15 18:25:01 - mmengine - INFO - Iter(train) [20750/80000]  base_lr: 1.2000e-04 lr: 1.2000e-04  eta: 2:01:48  time: 0.1484  data_time: 0.0129  memory: 1092  grad_norm: 3.5488  loss: 0.1587  decode.loss_ce: 0.0969  decode.acc_seg: 96.5251  aux.loss_ce: 0.0618  aux.acc_seg: 94.6275
2025/06/15 18:25:07 - mmengine - INFO - Iter(train) [20800/80000]  base_lr: 1.2000e-04 lr: 1.2000e-04  eta: 2:01:42  time: 0.1274  data_time: 0.0077  memory: 1092  grad_norm: 4.1725  loss: 0.1832  decode.loss_ce: 0.1178  decode.acc_seg: 95.5739  aux.loss_ce: 0.0653  aux.acc_seg: 94.4563
2025/06/15 18:25:14 - mmengine - INFO - Iter(train) [20850/80000]  base_lr: 1.2000e-04 lr: 1.2000e-04  eta: 2:01:37  time: 0.1256  data_time: 0.0071  memory: 1092  grad_norm: 6.4334  loss: 0.2069  decode.loss_ce: 0.1422  decode.acc_seg: 88.4546  aux.loss_ce: 0.0647  aux.acc_seg: 87.8622
2025/06/15 18:25:20 - mmengine - INFO - Iter(train) [20900/80000]  base_lr: 1.2000e-04 lr: 1.2000e-04  eta: 2:01:31  time: 0.1257  data_time: 0.0074  memory: 1092  grad_norm: 4.3038  loss: 0.1657  decode.loss_ce: 0.1135  decode.acc_seg: 96.7710  aux.loss_ce: 0.0522  aux.acc_seg: 95.1588
2025/06/15 18:25:26 - mmengine - INFO - Iter(train) [20950/80000]  base_lr: 1.2000e-04 lr: 1.2000e-04  eta: 2:01:25  time: 0.1156  data_time: 0.0069  memory: 1092  grad_norm: 5.0523  loss: 0.1659  decode.loss_ce: 0.1124  decode.acc_seg: 87.1633  aux.loss_ce: 0.0535  aux.acc_seg: 88.5009
2025/06/15 18:25:32 - mmengine - INFO - Exp name: U-Net_MobileMamba_20250615_174141
2025/06/15 18:25:32 - mmengine - INFO - Iter(train) [21000/80000]  base_lr: 1.2000e-04 lr: 1.2000e-04  eta: 2:01:19  time: 0.1259  data_time: 0.0076  memory: 1092  grad_norm: 3.6138  loss: 0.2053  decode.loss_ce: 0.1388  decode.acc_seg: 95.8542  aux.loss_ce: 0.0665  aux.acc_seg: 95.4356
2025/06/15 18:25:39 - mmengine - INFO - Iter(train) [21050/80000]  base_lr: 1.2000e-04 lr: 1.2000e-04  eta: 2:01:13  time: 0.1196  data_time: 0.0074  memory: 1092  grad_norm: 4.6842  loss: 0.1738  decode.loss_ce: 0.1230  decode.acc_seg: 97.7793  aux.loss_ce: 0.0508  aux.acc_seg: 98.1457
2025/06/15 18:25:45 - mmengine - INFO - Iter(train) [21100/80000]  base_lr: 1.2000e-04 lr: 1.2000e-04  eta: 2:01:07  time: 0.1260  data_time: 0.0077  memory: 1092  grad_norm: 3.7389  loss: 0.1312  decode.loss_ce: 0.0892  decode.acc_seg: 91.0512  aux.loss_ce: 0.0420  aux.acc_seg: 90.3130
2025/06/15 18:25:51 - mmengine - INFO - Iter(train) [21150/80000]  base_lr: 1.2000e-04 lr: 1.2000e-04  eta: 2:01:01  time: 0.1196  data_time: 0.0075  memory: 1092  grad_norm: 2.0815  loss: 0.1358  decode.loss_ce: 0.0933  decode.acc_seg: 98.2321  aux.loss_ce: 0.0425  aux.acc_seg: 98.1814
2025/06/15 18:25:57 - mmengine - INFO - Iter(train) [21200/80000]  base_lr: 1.2000e-04 lr: 1.2000e-04  eta: 2:00:54  time: 0.1189  data_time: 0.0069  memory: 1092  grad_norm: 5.0077  loss: 0.1342  decode.loss_ce: 0.0928  decode.acc_seg: 98.2878  aux.loss_ce: 0.0414  aux.acc_seg: 97.9835
2025/06/15 18:26:03 - mmengine - INFO - Iter(train) [21250/80000]  base_lr: 1.2000e-04 lr: 1.2000e-04  eta: 2:00:47  time: 0.1071  data_time: 0.0073  memory: 1092  grad_norm: 5.0942  loss: 0.1876  decode.loss_ce: 0.1282  decode.acc_seg: 98.3577  aux.loss_ce: 0.0595  aux.acc_seg: 96.4061
2025/06/15 18:26:08 - mmengine - INFO - Iter(train) [21300/80000]  base_lr: 1.2000e-04 lr: 1.2000e-04  eta: 2:00:39  time: 0.1253  data_time: 0.0077  memory: 1092  grad_norm: 4.8351  loss: 0.1809  decode.loss_ce: 0.1211  decode.acc_seg: 97.6671  aux.loss_ce: 0.0598  aux.acc_seg: 97.4249
2025/06/15 18:26:14 - mmengine - INFO - Iter(train) [21350/80000]  base_lr: 1.2000e-04 lr: 1.2000e-04  eta: 2:00:31  time: 0.1069  data_time: 0.0071  memory: 1092  grad_norm: 3.8080  loss: 0.1600  decode.loss_ce: 0.1091  decode.acc_seg: 94.8360  aux.loss_ce: 0.0509  aux.acc_seg: 93.4606
2025/06/15 18:26:19 - mmengine - INFO - Iter(train) [21400/80000]  base_lr: 1.2000e-04 lr: 1.2000e-04  eta: 2:00:22  time: 0.1070  data_time: 0.0074  memory: 1092  grad_norm: 8.6040  loss: 0.1935  decode.loss_ce: 0.1312  decode.acc_seg: 92.7407  aux.loss_ce: 0.0623  aux.acc_seg: 91.0035
2025/06/15 18:26:25 - mmengine - INFO - Iter(train) [21450/80000]  base_lr: 1.2000e-04 lr: 1.2000e-04  eta: 2:00:14  time: 0.1070  data_time: 0.0074  memory: 1092  grad_norm: 3.6672  loss: 0.1845  decode.loss_ce: 0.1148  decode.acc_seg: 95.9668  aux.loss_ce: 0.0697  aux.acc_seg: 95.6467
2025/06/15 18:26:30 - mmengine - INFO - Iter(train) [21500/80000]  base_lr: 1.2000e-04 lr: 1.2000e-04  eta: 2:00:06  time: 0.1070  data_time: 0.0074  memory: 1092  grad_norm: 3.1019  loss: 0.1446  decode.loss_ce: 0.0974  decode.acc_seg: 97.3643  aux.loss_ce: 0.0472  aux.acc_seg: 97.6601
2025/06/15 18:26:35 - mmengine - INFO - Iter(train) [21550/80000]  base_lr: 1.2000e-04 lr: 1.2000e-04  eta: 1:59:57  time: 0.1063  data_time: 0.0072  memory: 1092  grad_norm: 4.5793  loss: 0.3136  decode.loss_ce: 0.2187  decode.acc_seg: 98.8091  aux.loss_ce: 0.0949  aux.acc_seg: 95.8076
2025/06/15 18:26:41 - mmengine - INFO - Iter(train) [21600/80000]  base_lr: 1.2000e-04 lr: 1.2000e-04  eta: 1:59:49  time: 0.1066  data_time: 0.0072  memory: 1092  grad_norm: 2.9153  loss: 0.1333  decode.loss_ce: 0.0826  decode.acc_seg: 98.8956  aux.loss_ce: 0.0507  aux.acc_seg: 98.6993
2025/06/15 18:26:46 - mmengine - INFO - Iter(train) [21650/80000]  base_lr: 1.2000e-04 lr: 1.2000e-04  eta: 1:59:41  time: 0.1077  data_time: 0.0076  memory: 1092  grad_norm: 2.8557  loss: 0.1018  decode.loss_ce: 0.0689  decode.acc_seg: 97.2504  aux.loss_ce: 0.0329  aux.acc_seg: 97.3241
2025/06/15 18:26:52 - mmengine - INFO - Iter(train) [21700/80000]  base_lr: 1.2000e-04 lr: 1.2000e-04  eta: 1:59:33  time: 0.1226  data_time: 0.0077  memory: 1092  grad_norm: 3.9034  loss: 0.1515  decode.loss_ce: 0.0957  decode.acc_seg: 98.0493  aux.loss_ce: 0.0558  aux.acc_seg: 97.4048
2025/06/15 18:26:58 - mmengine - INFO - Iter(train) [21750/80000]  base_lr: 1.2000e-04 lr: 1.2000e-04  eta: 1:59:27  time: 0.1243  data_time: 0.0074  memory: 1092  grad_norm: 5.1996  loss: 0.2440  decode.loss_ce: 0.1646  decode.acc_seg: 93.1146  aux.loss_ce: 0.0794  aux.acc_seg: 96.5431
2025/06/15 18:27:04 - mmengine - INFO - Iter(train) [21800/80000]  base_lr: 1.2000e-04 lr: 1.2000e-04  eta: 1:59:21  time: 0.1181  data_time: 0.0074  memory: 1092  grad_norm: 4.1204  loss: 0.1628  decode.loss_ce: 0.1110  decode.acc_seg: 98.6878  aux.loss_ce: 0.0518  aux.acc_seg: 98.8150
2025/06/15 18:27:10 - mmengine - INFO - Iter(train) [21850/80000]  base_lr: 1.2000e-04 lr: 1.2000e-04  eta: 1:59:14  time: 0.1254  data_time: 0.0075  memory: 1092  grad_norm: 1.8729  loss: 0.1159  decode.loss_ce: 0.0798  decode.acc_seg: 95.2868  aux.loss_ce: 0.0361  aux.acc_seg: 95.4069
2025/06/15 18:27:16 - mmengine - INFO - Iter(train) [21900/80000]  base_lr: 1.2000e-04 lr: 1.2000e-04  eta: 1:59:08  time: 0.1497  data_time: 0.0099  memory: 1092  grad_norm: 4.8192  loss: 0.1639  decode.loss_ce: 0.1043  decode.acc_seg: 96.6939  aux.loss_ce: 0.0596  aux.acc_seg: 96.0873
2025/06/15 18:27:22 - mmengine - INFO - Iter(train) [21950/80000]  base_lr: 1.2000e-04 lr: 1.2000e-04  eta: 1:59:02  time: 0.1078  data_time: 0.0074  memory: 1092  grad_norm: 8.1883  loss: 0.1820  decode.loss_ce: 0.1252  decode.acc_seg: 95.9096  aux.loss_ce: 0.0568  aux.acc_seg: 96.7140
2025/06/15 18:27:28 - mmengine - INFO - Exp name: U-Net_MobileMamba_20250615_174141
2025/06/15 18:27:28 - mmengine - INFO - Iter(train) [22000/80000]  base_lr: 1.2000e-04 lr: 1.2000e-04  eta: 1:58:56  time: 0.1247  data_time: 0.0073  memory: 1092  grad_norm: 3.0975  loss: 0.1679  decode.loss_ce: 0.1147  decode.acc_seg: 98.0180  aux.loss_ce: 0.0532  aux.acc_seg: 98.1517
2025/06/15 18:27:35 - mmengine - INFO - Iter(train) [22050/80000]  base_lr: 1.2000e-04 lr: 1.2000e-04  eta: 1:58:50  time: 0.1246  data_time: 0.0073  memory: 1092  grad_norm: 1.8203  loss: 0.1027  decode.loss_ce: 0.0658  decode.acc_seg: 96.1683  aux.loss_ce: 0.0369  aux.acc_seg: 91.7154
2025/06/15 18:27:41 - mmengine - INFO - Iter(train) [22100/80000]  base_lr: 1.2000e-04 lr: 1.2000e-04  eta: 1:58:44  time: 0.1253  data_time: 0.0071  memory: 1092  grad_norm: 4.4283  loss: 0.2102  decode.loss_ce: 0.1435  decode.acc_seg: 96.9442  aux.loss_ce: 0.0667  aux.acc_seg: 97.2080
2025/06/15 18:27:47 - mmengine - INFO - Iter(train) [22150/80000]  base_lr: 1.2000e-04 lr: 1.2000e-04  eta: 1:58:38  time: 0.1242  data_time: 0.0072  memory: 1092  grad_norm: 2.5798  loss: 0.1677  decode.loss_ce: 0.1099  decode.acc_seg: 91.0480  aux.loss_ce: 0.0578  aux.acc_seg: 90.5747
2025/06/15 18:27:54 - mmengine - INFO - Iter(train) [22200/80000]  base_lr: 1.2000e-04 lr: 1.2000e-04  eta: 1:58:33  time: 0.1282  data_time: 0.0093  memory: 1092  grad_norm: 5.7761  loss: 0.2282  decode.loss_ce: 0.1523  decode.acc_seg: 93.3789  aux.loss_ce: 0.0759  aux.acc_seg: 92.5037
2025/06/15 18:28:00 - mmengine - INFO - Iter(train) [22250/80000]  base_lr: 1.2000e-04 lr: 1.2000e-04  eta: 1:58:27  time: 0.1234  data_time: 0.0073  memory: 1092  grad_norm: 3.9250  loss: 0.1448  decode.loss_ce: 0.1025  decode.acc_seg: 97.6063  aux.loss_ce: 0.0423  aux.acc_seg: 97.2557
2025/06/15 18:28:06 - mmengine - INFO - Iter(train) [22300/80000]  base_lr: 1.2000e-04 lr: 1.2000e-04  eta: 1:58:21  time: 0.1256  data_time: 0.0072  memory: 1092  grad_norm: 3.5031  loss: 0.1202  decode.loss_ce: 0.0801  decode.acc_seg: 98.5383  aux.loss_ce: 0.0400  aux.acc_seg: 98.4701
2025/06/15 18:28:13 - mmengine - INFO - Iter(train) [22350/80000]  base_lr: 1.2000e-04 lr: 1.2000e-04  eta: 1:58:15  time: 0.1141  data_time: 0.0073  memory: 1092  grad_norm: 6.3166  loss: 0.2048  decode.loss_ce: 0.1323  decode.acc_seg: 93.5142  aux.loss_ce: 0.0725  aux.acc_seg: 86.7652
2025/06/15 18:28:19 - mmengine - INFO - Iter(train) [22400/80000]  base_lr: 1.2000e-04 lr: 1.2000e-04  eta: 1:58:10  time: 0.1274  data_time: 0.0072  memory: 1092  grad_norm: 2.2413  loss: 0.1462  decode.loss_ce: 0.0943  decode.acc_seg: 98.0039  aux.loss_ce: 0.0519  aux.acc_seg: 92.9586
2025/06/15 18:28:25 - mmengine - INFO - Iter(train) [22450/80000]  base_lr: 1.2000e-04 lr: 1.2000e-04  eta: 1:58:04  time: 0.1253  data_time: 0.0075  memory: 1092  grad_norm: 3.2621  loss: 0.1337  decode.loss_ce: 0.0874  decode.acc_seg: 98.4358  aux.loss_ce: 0.0463  aux.acc_seg: 97.8818
2025/06/15 18:28:32 - mmengine - INFO - Iter(train) [22500/80000]  base_lr: 1.2000e-04 lr: 1.2000e-04  eta: 1:57:58  time: 0.1256  data_time: 0.0076  memory: 1092  grad_norm: 4.2964  loss: 0.1832  decode.loss_ce: 0.1251  decode.acc_seg: 96.8970  aux.loss_ce: 0.0581  aux.acc_seg: 95.4946
2025/06/15 18:28:38 - mmengine - INFO - Iter(train) [22550/80000]  base_lr: 1.2000e-04 lr: 1.2000e-04  eta: 1:57:53  time: 0.1230  data_time: 0.0079  memory: 1092  grad_norm: 5.2415  loss: 0.1775  decode.loss_ce: 0.1282  decode.acc_seg: 97.8352  aux.loss_ce: 0.0493  aux.acc_seg: 98.5049
2025/06/15 18:28:44 - mmengine - INFO - Iter(train) [22600/80000]  base_lr: 1.2000e-04 lr: 1.2000e-04  eta: 1:57:47  time: 0.1246  data_time: 0.0074  memory: 1092  grad_norm: 4.0944  loss: 0.1707  decode.loss_ce: 0.1204  decode.acc_seg: 98.4695  aux.loss_ce: 0.0503  aux.acc_seg: 97.7837
2025/06/15 18:28:50 - mmengine - INFO - Iter(train) [22650/80000]  base_lr: 1.2000e-04 lr: 1.2000e-04  eta: 1:57:40  time: 0.1207  data_time: 0.0075  memory: 1092  grad_norm: 4.9777  loss: 0.1665  decode.loss_ce: 0.1171  decode.acc_seg: 97.0076  aux.loss_ce: 0.0494  aux.acc_seg: 96.5063
2025/06/15 18:28:57 - mmengine - INFO - Iter(train) [22700/80000]  base_lr: 1.2000e-04 lr: 1.2000e-04  eta: 1:57:35  time: 0.1251  data_time: 0.0075  memory: 1092  grad_norm: 2.2905  loss: 0.1055  decode.loss_ce: 0.0709  decode.acc_seg: 97.5143  aux.loss_ce: 0.0345  aux.acc_seg: 96.2898
2025/06/15 18:29:03 - mmengine - INFO - Iter(train) [22750/80000]  base_lr: 1.2000e-04 lr: 1.2000e-04  eta: 1:57:29  time: 0.1204  data_time: 0.0073  memory: 1092  grad_norm: 5.9439  loss: 0.1918  decode.loss_ce: 0.1310  decode.acc_seg: 97.6659  aux.loss_ce: 0.0608  aux.acc_seg: 97.0312
2025/06/15 18:29:09 - mmengine - INFO - Iter(train) [22800/80000]  base_lr: 1.2000e-04 lr: 1.2000e-04  eta: 1:57:23  time: 0.1225  data_time: 0.0074  memory: 1092  grad_norm: 6.0914  loss: 0.1390  decode.loss_ce: 0.0943  decode.acc_seg: 97.7333  aux.loss_ce: 0.0447  aux.acc_seg: 97.6566
2025/06/15 18:29:15 - mmengine - INFO - Iter(train) [22850/80000]  base_lr: 1.2000e-04 lr: 1.2000e-04  eta: 1:57:17  time: 0.1264  data_time: 0.0076  memory: 1092  grad_norm: 4.6437  loss: 0.1325  decode.loss_ce: 0.0913  decode.acc_seg: 87.9593  aux.loss_ce: 0.0412  aux.acc_seg: 91.5859
2025/06/15 18:29:21 - mmengine - INFO - Iter(train) [22900/80000]  base_lr: 1.2000e-04 lr: 1.2000e-04  eta: 1:57:11  time: 0.1248  data_time: 0.0073  memory: 1092  grad_norm: 4.8145  loss: 0.1806  decode.loss_ce: 0.1262  decode.acc_seg: 96.6845  aux.loss_ce: 0.0544  aux.acc_seg: 91.6019
2025/06/15 18:29:28 - mmengine - INFO - Iter(train) [22950/80000]  base_lr: 1.2000e-04 lr: 1.2000e-04  eta: 1:57:05  time: 0.1323  data_time: 0.0068  memory: 1092  grad_norm: 3.5603  loss: 0.1898  decode.loss_ce: 0.1393  decode.acc_seg: 90.4262  aux.loss_ce: 0.0506  aux.acc_seg: 88.8004
2025/06/15 18:29:34 - mmengine - INFO - Exp name: U-Net_MobileMamba_20250615_174141
2025/06/15 18:29:34 - mmengine - INFO - Iter(train) [23000/80000]  base_lr: 1.2000e-04 lr: 1.2000e-04  eta: 1:56:59  time: 0.1221  data_time: 0.0075  memory: 1092  grad_norm: 6.2247  loss: 0.1370  decode.loss_ce: 0.0950  decode.acc_seg: 97.6154  aux.loss_ce: 0.0421  aux.acc_seg: 97.6171
2025/06/15 18:29:40 - mmengine - INFO - Iter(train) [23050/80000]  base_lr: 1.2000e-04 lr: 1.2000e-04  eta: 1:56:54  time: 0.1228  data_time: 0.0098  memory: 1092  grad_norm: 3.3341  loss: 0.1048  decode.loss_ce: 0.0716  decode.acc_seg: 96.9166  aux.loss_ce: 0.0333  aux.acc_seg: 97.3077
2025/06/15 18:29:47 - mmengine - INFO - Iter(train) [23100/80000]  base_lr: 1.2000e-04 lr: 1.2000e-04  eta: 1:56:48  time: 0.1258  data_time: 0.0073  memory: 1092  grad_norm: 3.2249  loss: 0.1248  decode.loss_ce: 0.0790  decode.acc_seg: 96.7216  aux.loss_ce: 0.0458  aux.acc_seg: 95.2047
2025/06/15 18:29:53 - mmengine - INFO - Iter(train) [23150/80000]  base_lr: 1.2000e-04 lr: 1.2000e-04  eta: 1:56:41  time: 0.1238  data_time: 0.0074  memory: 1092  grad_norm: 9.8027  loss: 0.3009  decode.loss_ce: 0.2124  decode.acc_seg: 97.1897  aux.loss_ce: 0.0885  aux.acc_seg: 97.0948
2025/06/15 18:29:59 - mmengine - INFO - Iter(train) [23200/80000]  base_lr: 1.2000e-04 lr: 1.2000e-04  eta: 1:56:36  time: 0.1251  data_time: 0.0073  memory: 1092  grad_norm: 3.4490  loss: 0.1390  decode.loss_ce: 0.1014  decode.acc_seg: 97.2773  aux.loss_ce: 0.0376  aux.acc_seg: 96.3315
2025/06/15 18:30:05 - mmengine - INFO - Iter(train) [23250/80000]  base_lr: 1.2000e-04 lr: 1.2000e-04  eta: 1:56:29  time: 0.1248  data_time: 0.0076  memory: 1092  grad_norm: 5.9683  loss: 0.2887  decode.loss_ce: 0.2023  decode.acc_seg: 98.1240  aux.loss_ce: 0.0865  aux.acc_seg: 97.4990
2025/06/15 18:30:11 - mmengine - INFO - Iter(train) [23300/80000]  base_lr: 1.2000e-04 lr: 1.2000e-04  eta: 1:56:23  time: 0.1260  data_time: 0.0076  memory: 1092  grad_norm: 2.5693  loss: 0.1266  decode.loss_ce: 0.0768  decode.acc_seg: 92.7628  aux.loss_ce: 0.0498  aux.acc_seg: 81.9049
2025/06/15 18:30:18 - mmengine - INFO - Iter(train) [23350/80000]  base_lr: 1.2000e-04 lr: 1.2000e-04  eta: 1:56:17  time: 0.1257  data_time: 0.0077  memory: 1092  grad_norm: 2.8711  loss: 0.1201  decode.loss_ce: 0.0813  decode.acc_seg: 95.7846  aux.loss_ce: 0.0388  aux.acc_seg: 94.7946
2025/06/15 18:30:24 - mmengine - INFO - Iter(train) [23400/80000]  base_lr: 1.2000e-04 lr: 1.2000e-04  eta: 1:56:11  time: 0.1252  data_time: 0.0078  memory: 1092  grad_norm: 7.6909  loss: 0.1961  decode.loss_ce: 0.1284  decode.acc_seg: 86.2104  aux.loss_ce: 0.0678  aux.acc_seg: 81.8313
2025/06/15 18:30:30 - mmengine - INFO - Iter(train) [23450/80000]  base_lr: 1.2000e-04 lr: 1.2000e-04  eta: 1:56:06  time: 0.1259  data_time: 0.0077  memory: 1092  grad_norm: 3.2941  loss: 0.2653  decode.loss_ce: 0.1830  decode.acc_seg: 97.2921  aux.loss_ce: 0.0823  aux.acc_seg: 97.7800
2025/06/15 18:30:37 - mmengine - INFO - Iter(train) [23500/80000]  base_lr: 1.2000e-04 lr: 1.2000e-04  eta: 1:56:00  time: 0.1468  data_time: 0.0100  memory: 1092  grad_norm: 3.8881  loss: 0.2223  decode.loss_ce: 0.1387  decode.acc_seg: 98.1787  aux.loss_ce: 0.0836  aux.acc_seg: 97.7103
2025/06/15 18:30:43 - mmengine - INFO - Iter(train) [23550/80000]  base_lr: 1.2000e-04 lr: 1.2000e-04  eta: 1:55:55  time: 0.1243  data_time: 0.0073  memory: 1092  grad_norm: 4.3565  loss: 0.1454  decode.loss_ce: 0.0954  decode.acc_seg: 96.4005  aux.loss_ce: 0.0500  aux.acc_seg: 95.0307
2025/06/15 18:30:49 - mmengine - INFO - Iter(train) [23600/80000]  base_lr: 1.2000e-04 lr: 1.2000e-04  eta: 1:55:49  time: 0.1242  data_time: 0.0075  memory: 1092  grad_norm: 6.5923  loss: 0.1463  decode.loss_ce: 0.0902  decode.acc_seg: 93.9537  aux.loss_ce: 0.0561  aux.acc_seg: 91.5553
2025/06/15 18:30:56 - mmengine - INFO - Iter(train) [23650/80000]  base_lr: 1.2000e-04 lr: 1.2000e-04  eta: 1:55:43  time: 0.1211  data_time: 0.0076  memory: 1092  grad_norm: 4.8250  loss: 0.1639  decode.loss_ce: 0.1170  decode.acc_seg: 97.5695  aux.loss_ce: 0.0469  aux.acc_seg: 95.4925
2025/06/15 18:31:02 - mmengine - INFO - Iter(train) [23700/80000]  base_lr: 1.2000e-04 lr: 1.2000e-04  eta: 1:55:36  time: 0.1260  data_time: 0.0074  memory: 1092  grad_norm: 2.5462  loss: 0.1005  decode.loss_ce: 0.0661  decode.acc_seg: 96.7926  aux.loss_ce: 0.0344  aux.acc_seg: 96.9274
2025/06/15 18:31:08 - mmengine - INFO - Iter(train) [23750/80000]  base_lr: 1.2000e-04 lr: 1.2000e-04  eta: 1:55:30  time: 0.1268  data_time: 0.0076  memory: 1092  grad_norm: 10.5536  loss: 0.1606  decode.loss_ce: 0.1075  decode.acc_seg: 89.1788  aux.loss_ce: 0.0531  aux.acc_seg: 95.7662
2025/06/15 18:31:14 - mmengine - INFO - Iter(train) [23800/80000]  base_lr: 1.2000e-04 lr: 1.2000e-04  eta: 1:55:25  time: 0.1255  data_time: 0.0074  memory: 1092  grad_norm: 5.5681  loss: 0.1564  decode.loss_ce: 0.1089  decode.acc_seg: 96.6126  aux.loss_ce: 0.0475  aux.acc_seg: 95.9010
2025/06/15 18:31:21 - mmengine - INFO - Iter(train) [23850/80000]  base_lr: 1.2000e-04 lr: 1.2000e-04  eta: 1:55:19  time: 0.1240  data_time: 0.0076  memory: 1092  grad_norm: 6.1190  loss: 0.1596  decode.loss_ce: 0.1053  decode.acc_seg: 96.0772  aux.loss_ce: 0.0543  aux.acc_seg: 95.4588
2025/06/15 18:31:27 - mmengine - INFO - Iter(train) [23900/80000]  base_lr: 1.2000e-04 lr: 1.2000e-04  eta: 1:55:13  time: 0.1299  data_time: 0.0083  memory: 1092  grad_norm: 4.3021  loss: 0.1424  decode.loss_ce: 0.0986  decode.acc_seg: 95.0080  aux.loss_ce: 0.0439  aux.acc_seg: 94.6125
2025/06/15 18:31:33 - mmengine - INFO - Iter(train) [23950/80000]  base_lr: 1.2000e-04 lr: 1.2000e-04  eta: 1:55:07  time: 0.1244  data_time: 0.0075  memory: 1092  grad_norm: 8.3614  loss: 0.1631  decode.loss_ce: 0.1103  decode.acc_seg: 96.1465  aux.loss_ce: 0.0528  aux.acc_seg: 96.4366
2025/06/15 18:31:39 - mmengine - INFO - Exp name: U-Net_MobileMamba_20250615_174141
2025/06/15 18:31:39 - mmengine - INFO - Iter(train) [24000/80000]  base_lr: 1.2000e-04 lr: 1.2000e-04  eta: 1:55:01  time: 0.1250  data_time: 0.0074  memory: 1092  grad_norm: 2.7214  loss: 0.0928  decode.loss_ce: 0.0601  decode.acc_seg: 98.1167  aux.loss_ce: 0.0327  aux.acc_seg: 98.3566
2025/06/15 18:31:39 - mmengine - INFO - Saving checkpoint at 24000 iterations
2025/06/15 18:31:41 - mmengine - INFO - Iter(val) [  50/1000]    eta: 0:00:21  time: 0.0176  data_time: 0.0013  memory: 369  
2025/06/15 18:31:42 - mmengine - INFO - Iter(val) [ 100/1000]    eta: 0:00:18  time: 0.0182  data_time: 0.0016  memory: 369  
2025/06/15 18:31:43 - mmengine - INFO - Iter(val) [ 150/1000]    eta: 0:00:16  time: 0.0178  data_time: 0.0014  memory: 369  
2025/06/15 18:31:44 - mmengine - INFO - Iter(val) [ 200/1000]    eta: 0:00:15  time: 0.0184  data_time: 0.0014  memory: 369  
2025/06/15 18:31:45 - mmengine - INFO - Iter(val) [ 250/1000]    eta: 0:00:14  time: 0.0185  data_time: 0.0015  memory: 369  
2025/06/15 18:31:46 - mmengine - INFO - Iter(val) [ 300/1000]    eta: 0:00:13  time: 0.0179  data_time: 0.0014  memory: 369  
2025/06/15 18:31:47 - mmengine - INFO - Iter(val) [ 350/1000]    eta: 0:00:12  time: 0.0178  data_time: 0.0014  memory: 368  
2025/06/15 18:31:48 - mmengine - INFO - Iter(val) [ 400/1000]    eta: 0:00:11  time: 0.0181  data_time: 0.0015  memory: 367  
2025/06/15 18:31:49 - mmengine - INFO - Iter(val) [ 450/1000]    eta: 0:00:10  time: 0.0191  data_time: 0.0018  memory: 369  
2025/06/15 18:31:49 - mmengine - INFO - Iter(val) [ 500/1000]    eta: 0:00:09  time: 0.0171  data_time: 0.0013  memory: 360  
2025/06/15 18:31:50 - mmengine - INFO - Iter(val) [ 550/1000]    eta: 0:00:08  time: 0.0175  data_time: 0.0015  memory: 360  
2025/06/15 18:31:51 - mmengine - INFO - Iter(val) [ 600/1000]    eta: 0:00:07  time: 0.0181  data_time: 0.0016  memory: 369  
2025/06/15 18:31:52 - mmengine - INFO - Iter(val) [ 650/1000]    eta: 0:00:06  time: 0.0178  data_time: 0.0014  memory: 360  
2025/06/15 18:31:53 - mmengine - INFO - Iter(val) [ 700/1000]    eta: 0:00:05  time: 0.0179  data_time: 0.0015  memory: 360  
2025/06/15 18:31:54 - mmengine - INFO - Iter(val) [ 750/1000]    eta: 0:00:04  time: 0.0178  data_time: 0.0014  memory: 360  
2025/06/15 18:31:55 - mmengine - INFO - Iter(val) [ 800/1000]    eta: 0:00:03  time: 0.0181  data_time: 0.0015  memory: 367  
2025/06/15 18:31:56 - mmengine - INFO - Iter(val) [ 850/1000]    eta: 0:00:02  time: 0.0182  data_time: 0.0017  memory: 369  
2025/06/15 18:31:57 - mmengine - INFO - Iter(val) [ 900/1000]    eta: 0:00:01  time: 0.0186  data_time: 0.0016  memory: 369  
2025/06/15 18:31:57 - mmengine - INFO - Iter(val) [ 950/1000]    eta: 0:00:00  time: 0.0178  data_time: 0.0015  memory: 367  
2025/06/15 18:31:58 - mmengine - INFO - Iter(val) [1000/1000]    eta: 0:00:00  time: 0.0179  data_time: 0.0012  memory: 373  
2025/06/15 18:31:58 - mmengine - INFO - per class results:
2025/06/15 18:31:58 - mmengine - INFO - 
+------------+-------+-------+
|   Class    |  IoU  |  Acc  |
+------------+-------+-------+
| background | 97.83 | 99.02 |
|   polyp    | 88.31 | 93.17 |
+------------+-------+-------+
2025/06/15 18:31:58 - mmengine - INFO - Iter(val) [1000/1000]    aAcc: 98.1300  mIoU: 93.0700  mAcc: 96.0900  data_time: 0.0016  time: 0.0182
2025/06/15 18:32:05 - mmengine - INFO - Iter(train) [24050/80000]  base_lr: 1.2000e-04 lr: 1.2000e-04  eta: 1:54:56  time: 0.1262  data_time: 0.0076  memory: 1092  grad_norm: 5.7416  loss: 0.1850  decode.loss_ce: 0.1280  decode.acc_seg: 97.6118  aux.loss_ce: 0.0570  aux.acc_seg: 95.9292
2025/06/15 18:32:11 - mmengine - INFO - Iter(train) [24100/80000]  base_lr: 1.2000e-04 lr: 1.2000e-04  eta: 1:54:50  time: 0.1364  data_time: 0.0089  memory: 1092  grad_norm: 3.3035  loss: 0.1265  decode.loss_ce: 0.0878  decode.acc_seg: 96.3583  aux.loss_ce: 0.0387  aux.acc_seg: 93.9116
2025/06/15 18:32:18 - mmengine - INFO - Iter(train) [24150/80000]  base_lr: 1.2000e-04 lr: 1.2000e-04  eta: 1:54:45  time: 0.1199  data_time: 0.0073  memory: 1092  grad_norm: 3.7016  loss: 0.1636  decode.loss_ce: 0.1215  decode.acc_seg: 98.0433  aux.loss_ce: 0.0421  aux.acc_seg: 98.1314
2025/06/15 18:32:24 - mmengine - INFO - Iter(train) [24200/80000]  base_lr: 1.2000e-04 lr: 1.2000e-04  eta: 1:54:39  time: 0.1255  data_time: 0.0073  memory: 1092  grad_norm: 2.0775  loss: 0.0946  decode.loss_ce: 0.0607  decode.acc_seg: 98.7385  aux.loss_ce: 0.0340  aux.acc_seg: 97.7417
2025/06/15 18:32:30 - mmengine - INFO - Iter(train) [24250/80000]  base_lr: 1.2000e-04 lr: 1.2000e-04  eta: 1:54:33  time: 0.1264  data_time: 0.0076  memory: 1092  grad_norm: 4.6933  loss: 0.1101  decode.loss_ce: 0.0749  decode.acc_seg: 97.8903  aux.loss_ce: 0.0352  aux.acc_seg: 97.6835
2025/06/15 18:32:37 - mmengine - INFO - Iter(train) [24300/80000]  base_lr: 1.2000e-04 lr: 1.2000e-04  eta: 1:54:27  time: 0.1250  data_time: 0.0073  memory: 1092  grad_norm: 2.5826  loss: 0.1123  decode.loss_ce: 0.0735  decode.acc_seg: 96.5160  aux.loss_ce: 0.0388  aux.acc_seg: 95.9518
2025/06/15 18:32:43 - mmengine - INFO - Iter(train) [24350/80000]  base_lr: 1.2000e-04 lr: 1.2000e-04  eta: 1:54:21  time: 0.1251  data_time: 0.0077  memory: 1092  grad_norm: 7.7066  loss: 0.1505  decode.loss_ce: 0.1020  decode.acc_seg: 94.9997  aux.loss_ce: 0.0485  aux.acc_seg: 96.4355
2025/06/15 18:32:49 - mmengine - INFO - Iter(train) [24400/80000]  base_lr: 1.2000e-04 lr: 1.2000e-04  eta: 1:54:16  time: 0.1189  data_time: 0.0071  memory: 1092  grad_norm: 4.7654  loss: 0.1591  decode.loss_ce: 0.1032  decode.acc_seg: 91.5920  aux.loss_ce: 0.0559  aux.acc_seg: 87.4735
2025/06/15 18:32:55 - mmengine - INFO - Iter(train) [24450/80000]  base_lr: 1.2000e-04 lr: 1.2000e-04  eta: 1:54:09  time: 0.1210  data_time: 0.0077  memory: 1092  grad_norm: 2.3489  loss: 0.1223  decode.loss_ce: 0.0853  decode.acc_seg: 95.4069  aux.loss_ce: 0.0371  aux.acc_seg: 94.9014
2025/06/15 18:33:02 - mmengine - INFO - Iter(train) [24500/80000]  base_lr: 1.2000e-04 lr: 1.2000e-04  eta: 1:54:03  time: 0.1247  data_time: 0.0076  memory: 1092  grad_norm: 6.6845  loss: 0.2346  decode.loss_ce: 0.1576  decode.acc_seg: 97.7839  aux.loss_ce: 0.0770  aux.acc_seg: 97.7574
2025/06/15 18:33:08 - mmengine - INFO - Iter(train) [24550/80000]  base_lr: 1.2000e-04 lr: 1.2000e-04  eta: 1:53:57  time: 0.1245  data_time: 0.0073  memory: 1092  grad_norm: 5.5369  loss: 0.2318  decode.loss_ce: 0.1617  decode.acc_seg: 93.2452  aux.loss_ce: 0.0700  aux.acc_seg: 93.8690
2025/06/15 18:33:14 - mmengine - INFO - Iter(train) [24600/80000]  base_lr: 1.2000e-04 lr: 1.2000e-04  eta: 1:53:51  time: 0.1258  data_time: 0.0077  memory: 1092  grad_norm: 3.5896  loss: 0.1144  decode.loss_ce: 0.0762  decode.acc_seg: 98.0536  aux.loss_ce: 0.0382  aux.acc_seg: 97.9465
2025/06/15 18:33:21 - mmengine - INFO - Iter(train) [24650/80000]  base_lr: 1.2000e-04 lr: 1.2000e-04  eta: 1:53:46  time: 0.1259  data_time: 0.0076  memory: 1092  grad_norm: 3.1231  loss: 0.1098  decode.loss_ce: 0.0693  decode.acc_seg: 96.7324  aux.loss_ce: 0.0404  aux.acc_seg: 93.7131
2025/06/15 18:33:27 - mmengine - INFO - Iter(train) [24700/80000]  base_lr: 1.2000e-04 lr: 1.2000e-04  eta: 1:53:40  time: 0.1258  data_time: 0.0078  memory: 1092  grad_norm: 1.7258  loss: 0.1013  decode.loss_ce: 0.0667  decode.acc_seg: 96.6800  aux.loss_ce: 0.0347  aux.acc_seg: 96.3067
2025/06/15 18:33:33 - mmengine - INFO - Iter(train) [24750/80000]  base_lr: 1.2000e-04 lr: 1.2000e-04  eta: 1:53:34  time: 0.1260  data_time: 0.0076  memory: 1092  grad_norm: 8.1439  loss: 0.2143  decode.loss_ce: 0.1518  decode.acc_seg: 96.5314  aux.loss_ce: 0.0625  aux.acc_seg: 96.1120
2025/06/15 18:33:40 - mmengine - INFO - Iter(train) [24800/80000]  base_lr: 1.2000e-04 lr: 1.2000e-04  eta: 1:53:28  time: 0.1262  data_time: 0.0075  memory: 1092  grad_norm: 1.7914  loss: 0.1022  decode.loss_ce: 0.0712  decode.acc_seg: 98.8485  aux.loss_ce: 0.0310  aux.acc_seg: 99.0408
2025/06/15 18:33:46 - mmengine - INFO - Iter(train) [24850/80000]  base_lr: 1.2000e-04 lr: 1.2000e-04  eta: 1:53:22  time: 0.1254  data_time: 0.0072  memory: 1092  grad_norm: 3.5915  loss: 0.1353  decode.loss_ce: 0.0775  decode.acc_seg: 97.6991  aux.loss_ce: 0.0578  aux.acc_seg: 97.1302
2025/06/15 18:33:52 - mmengine - INFO - Iter(train) [24900/80000]  base_lr: 1.2000e-04 lr: 1.2000e-04  eta: 1:53:17  time: 0.1203  data_time: 0.0078  memory: 1092  grad_norm: 2.6081  loss: 0.1019  decode.loss_ce: 0.0638  decode.acc_seg: 96.1119  aux.loss_ce: 0.0380  aux.acc_seg: 92.7666
2025/06/15 18:33:59 - mmengine - INFO - Iter(train) [24950/80000]  base_lr: 1.2000e-04 lr: 1.2000e-04  eta: 1:53:11  time: 0.1246  data_time: 0.0074  memory: 1092  grad_norm: 1.9187  loss: 0.0930  decode.loss_ce: 0.0638  decode.acc_seg: 98.2318  aux.loss_ce: 0.0292  aux.acc_seg: 98.2568
2025/06/15 18:34:05 - mmengine - INFO - Exp name: U-Net_MobileMamba_20250615_174141
2025/06/15 18:34:05 - mmengine - INFO - Iter(train) [25000/80000]  base_lr: 1.2000e-04 lr: 1.2000e-04  eta: 1:53:05  time: 0.1244  data_time: 0.0070  memory: 1092  grad_norm: 3.1691  loss: 0.1248  decode.loss_ce: 0.0758  decode.acc_seg: 98.4724  aux.loss_ce: 0.0490  aux.acc_seg: 97.8423
2025/06/15 18:34:11 - mmengine - INFO - Iter(train) [25050/80000]  base_lr: 1.2000e-04 lr: 1.2000e-04  eta: 1:52:59  time: 0.1248  data_time: 0.0075  memory: 1092  grad_norm: 6.9205  loss: 0.2470  decode.loss_ce: 0.1648  decode.acc_seg: 93.3413  aux.loss_ce: 0.0821  aux.acc_seg: 90.9446
2025/06/15 18:34:17 - mmengine - INFO - Iter(train) [25100/80000]  base_lr: 1.2000e-04 lr: 1.2000e-04  eta: 1:52:53  time: 0.1254  data_time: 0.0076  memory: 1092  grad_norm: 10.4917  loss: 0.2627  decode.loss_ce: 0.1788  decode.acc_seg: 97.4031  aux.loss_ce: 0.0839  aux.acc_seg: 97.4840
2025/06/15 18:34:24 - mmengine - INFO - Iter(train) [25150/80000]  base_lr: 1.2000e-04 lr: 1.2000e-04  eta: 1:52:47  time: 0.1270  data_time: 0.0079  memory: 1092  grad_norm: 2.1087  loss: 0.1009  decode.loss_ce: 0.0632  decode.acc_seg: 97.2980  aux.loss_ce: 0.0376  aux.acc_seg: 95.9146
2025/06/15 18:34:30 - mmengine - INFO - Iter(train) [25200/80000]  base_lr: 1.2000e-04 lr: 1.2000e-04  eta: 1:52:41  time: 0.1258  data_time: 0.0076  memory: 1092  grad_norm: 2.3357  loss: 0.0998  decode.loss_ce: 0.0705  decode.acc_seg: 98.3212  aux.loss_ce: 0.0292  aux.acc_seg: 98.0342
2025/06/15 18:34:36 - mmengine - INFO - Iter(train) [25250/80000]  base_lr: 1.2000e-04 lr: 1.2000e-04  eta: 1:52:35  time: 0.1255  data_time: 0.0080  memory: 1092  grad_norm: 14.4296  loss: 0.3068  decode.loss_ce: 0.2069  decode.acc_seg: 96.6830  aux.loss_ce: 0.0999  aux.acc_seg: 93.0626
2025/06/15 18:34:43 - mmengine - INFO - Iter(train) [25300/80000]  base_lr: 1.2000e-04 lr: 1.2000e-04  eta: 1:52:29  time: 0.1278  data_time: 0.0077  memory: 1092  grad_norm: 5.7031  loss: 0.1238  decode.loss_ce: 0.0818  decode.acc_seg: 97.4316  aux.loss_ce: 0.0420  aux.acc_seg: 90.0962
2025/06/15 18:34:49 - mmengine - INFO - Iter(train) [25350/80000]  base_lr: 1.2000e-04 lr: 1.2000e-04  eta: 1:52:23  time: 0.1266  data_time: 0.0076  memory: 1092  grad_norm: 2.7938  loss: 0.1220  decode.loss_ce: 0.0864  decode.acc_seg: 98.2524  aux.loss_ce: 0.0355  aux.acc_seg: 98.5107
2025/06/15 18:34:55 - mmengine - INFO - Iter(train) [25400/80000]  base_lr: 1.2000e-04 lr: 1.2000e-04  eta: 1:52:18  time: 0.1177  data_time: 0.0077  memory: 1092  grad_norm: 4.2641  loss: 0.1227  decode.loss_ce: 0.0753  decode.acc_seg: 97.7073  aux.loss_ce: 0.0474  aux.acc_seg: 96.7473
2025/06/15 18:35:01 - mmengine - INFO - Iter(train) [25450/80000]  base_lr: 1.2000e-04 lr: 1.2000e-04  eta: 1:52:11  time: 0.1244  data_time: 0.0075  memory: 1092  grad_norm: 2.4293  loss: 0.1130  decode.loss_ce: 0.0831  decode.acc_seg: 97.3402  aux.loss_ce: 0.0299  aux.acc_seg: 96.5759
2025/06/15 18:35:08 - mmengine - INFO - Iter(train) [25500/80000]  base_lr: 1.2000e-04 lr: 1.2000e-04  eta: 1:52:05  time: 0.1257  data_time: 0.0076  memory: 1092  grad_norm: 13.2280  loss: 0.2668  decode.loss_ce: 0.1852  decode.acc_seg: 97.6149  aux.loss_ce: 0.0816  aux.acc_seg: 95.3474
2025/06/15 18:35:14 - mmengine - INFO - Iter(train) [25550/80000]  base_lr: 1.2000e-04 lr: 1.2000e-04  eta: 1:51:59  time: 0.1251  data_time: 0.0076  memory: 1092  grad_norm: 4.9362  loss: 0.1749  decode.loss_ce: 0.1164  decode.acc_seg: 91.6998  aux.loss_ce: 0.0584  aux.acc_seg: 93.4447
2025/06/15 18:35:20 - mmengine - INFO - Iter(train) [25600/80000]  base_lr: 1.2000e-04 lr: 1.2000e-04  eta: 1:51:53  time: 0.1231  data_time: 0.0076  memory: 1092  grad_norm: 6.7214  loss: 0.1359  decode.loss_ce: 0.0804  decode.acc_seg: 95.9168  aux.loss_ce: 0.0555  aux.acc_seg: 93.9256
2025/06/15 18:35:26 - mmengine - INFO - Iter(train) [25650/80000]  base_lr: 1.2000e-04 lr: 1.2000e-04  eta: 1:51:47  time: 0.1255  data_time: 0.0075  memory: 1092  grad_norm: 9.8242  loss: 0.1982  decode.loss_ce: 0.1424  decode.acc_seg: 98.3600  aux.loss_ce: 0.0558  aux.acc_seg: 98.0552
2025/06/15 18:35:33 - mmengine - INFO - Iter(train) [25700/80000]  base_lr: 1.2000e-04 lr: 1.2000e-04  eta: 1:51:41  time: 0.1255  data_time: 0.0076  memory: 1092  grad_norm: 3.3186  loss: 0.1641  decode.loss_ce: 0.1211  decode.acc_seg: 96.0676  aux.loss_ce: 0.0430  aux.acc_seg: 95.4148
2025/06/15 18:35:39 - mmengine - INFO - Iter(train) [25750/80000]  base_lr: 1.2000e-04 lr: 1.2000e-04  eta: 1:51:35  time: 0.1235  data_time: 0.0072  memory: 1092  grad_norm: 4.3586  loss: 0.2027  decode.loss_ce: 0.1350  decode.acc_seg: 97.2066  aux.loss_ce: 0.0677  aux.acc_seg: 94.5619
2025/06/15 18:35:45 - mmengine - INFO - Iter(train) [25800/80000]  base_lr: 1.2000e-04 lr: 1.2000e-04  eta: 1:51:29  time: 0.1235  data_time: 0.0078  memory: 1092  grad_norm: 4.2844  loss: 0.1797  decode.loss_ce: 0.1223  decode.acc_seg: 93.0519  aux.loss_ce: 0.0574  aux.acc_seg: 91.8241
2025/06/15 18:35:51 - mmengine - INFO - Iter(train) [25850/80000]  base_lr: 1.2000e-04 lr: 1.2000e-04  eta: 1:51:23  time: 0.1246  data_time: 0.0077  memory: 1092  grad_norm: 3.9222  loss: 0.1042  decode.loss_ce: 0.0715  decode.acc_seg: 96.9211  aux.loss_ce: 0.0327  aux.acc_seg: 96.2071
2025/06/15 18:35:57 - mmengine - INFO - Iter(train) [25900/80000]  base_lr: 1.2000e-04 lr: 1.2000e-04  eta: 1:51:17  time: 0.1252  data_time: 0.0076  memory: 1092  grad_norm: 6.4778  loss: 0.1860  decode.loss_ce: 0.1138  decode.acc_seg: 96.0361  aux.loss_ce: 0.0723  aux.acc_seg: 90.1637
2025/06/15 18:36:04 - mmengine - INFO - Iter(train) [25950/80000]  base_lr: 1.2000e-04 lr: 1.2000e-04  eta: 1:51:11  time: 0.1328  data_time: 0.0079  memory: 1092  grad_norm: 7.2330  loss: 0.2181  decode.loss_ce: 0.1454  decode.acc_seg: 98.4432  aux.loss_ce: 0.0727  aux.acc_seg: 98.1607
2025/06/15 18:36:10 - mmengine - INFO - Exp name: U-Net_MobileMamba_20250615_174141
2025/06/15 18:36:10 - mmengine - INFO - Iter(train) [26000/80000]  base_lr: 1.2000e-04 lr: 1.2000e-04  eta: 1:51:06  time: 0.1238  data_time: 0.0075  memory: 1092  grad_norm: 3.1166  loss: 0.1277  decode.loss_ce: 0.0879  decode.acc_seg: 96.4187  aux.loss_ce: 0.0398  aux.acc_seg: 96.7161
2025/06/15 18:36:17 - mmengine - INFO - Iter(train) [26050/80000]  base_lr: 1.2000e-04 lr: 1.2000e-04  eta: 1:51:00  time: 0.1255  data_time: 0.0075  memory: 1092  grad_norm: 7.1289  loss: 0.1251  decode.loss_ce: 0.0787  decode.acc_seg: 97.8575  aux.loss_ce: 0.0464  aux.acc_seg: 97.2569
2025/06/15 18:36:23 - mmengine - INFO - Iter(train) [26100/80000]  base_lr: 1.2000e-04 lr: 1.2000e-04  eta: 1:50:54  time: 0.1358  data_time: 0.0068  memory: 1092  grad_norm: 4.7112  loss: 0.1973  decode.loss_ce: 0.1383  decode.acc_seg: 98.7011  aux.loss_ce: 0.0590  aux.acc_seg: 98.8868
2025/06/15 18:36:29 - mmengine - INFO - Iter(train) [26150/80000]  base_lr: 1.2000e-04 lr: 1.2000e-04  eta: 1:50:48  time: 0.1170  data_time: 0.0075  memory: 1092  grad_norm: 10.6676  loss: 0.3185  decode.loss_ce: 0.2247  decode.acc_seg: 93.1235  aux.loss_ce: 0.0938  aux.acc_seg: 90.3962
2025/06/15 18:36:35 - mmengine - INFO - Iter(train) [26200/80000]  base_lr: 1.2000e-04 lr: 1.2000e-04  eta: 1:50:42  time: 0.1235  data_time: 0.0074  memory: 1092  grad_norm: 10.1226  loss: 0.2120  decode.loss_ce: 0.1250  decode.acc_seg: 96.0622  aux.loss_ce: 0.0870  aux.acc_seg: 94.9060
2025/06/15 18:36:42 - mmengine - INFO - Iter(train) [26250/80000]  base_lr: 1.2000e-04 lr: 1.2000e-04  eta: 1:50:36  time: 0.1229  data_time: 0.0066  memory: 1092  grad_norm: 2.6943  loss: 0.1376  decode.loss_ce: 0.0873  decode.acc_seg: 97.7385  aux.loss_ce: 0.0503  aux.acc_seg: 97.0978
2025/06/15 18:36:48 - mmengine - INFO - Iter(train) [26300/80000]  base_lr: 1.2000e-04 lr: 1.2000e-04  eta: 1:50:30  time: 0.1233  data_time: 0.0066  memory: 1092  grad_norm: 4.7656  loss: 0.1529  decode.loss_ce: 0.1018  decode.acc_seg: 95.9918  aux.loss_ce: 0.0511  aux.acc_seg: 95.4146
2025/06/15 18:36:54 - mmengine - INFO - Iter(train) [26350/80000]  base_lr: 1.2000e-04 lr: 1.2000e-04  eta: 1:50:24  time: 0.1171  data_time: 0.0066  memory: 1092  grad_norm: 1.2606  loss: 0.0850  decode.loss_ce: 0.0566  decode.acc_seg: 98.3017  aux.loss_ce: 0.0284  aux.acc_seg: 97.5029
2025/06/15 18:37:00 - mmengine - INFO - Iter(train) [26400/80000]  base_lr: 1.2000e-04 lr: 1.2000e-04  eta: 1:50:17  time: 0.1244  data_time: 0.0068  memory: 1092  grad_norm: 7.9880  loss: 0.2005  decode.loss_ce: 0.1292  decode.acc_seg: 95.3261  aux.loss_ce: 0.0713  aux.acc_seg: 90.5358
2025/06/15 18:37:06 - mmengine - INFO - Iter(train) [26450/80000]  base_lr: 1.2000e-04 lr: 1.2000e-04  eta: 1:50:11  time: 0.1256  data_time: 0.0071  memory: 1092  grad_norm: 6.7862  loss: 0.1459  decode.loss_ce: 0.0942  decode.acc_seg: 93.4387  aux.loss_ce: 0.0516  aux.acc_seg: 89.7465
2025/06/15 18:37:13 - mmengine - INFO - Iter(train) [26500/80000]  base_lr: 1.2000e-04 lr: 1.2000e-04  eta: 1:50:06  time: 0.1251  data_time: 0.0076  memory: 1092  grad_norm: 5.2437  loss: 0.1478  decode.loss_ce: 0.1000  decode.acc_seg: 98.0183  aux.loss_ce: 0.0478  aux.acc_seg: 97.4006
2025/06/15 18:37:19 - mmengine - INFO - Iter(train) [26550/80000]  base_lr: 1.2000e-04 lr: 1.2000e-04  eta: 1:50:00  time: 0.1262  data_time: 0.0077  memory: 1092  grad_norm: 8.8117  loss: 0.1720  decode.loss_ce: 0.1097  decode.acc_seg: 90.1831  aux.loss_ce: 0.0623  aux.acc_seg: 86.1120
2025/06/15 18:37:26 - mmengine - INFO - Iter(train) [26600/80000]  base_lr: 1.2000e-04 lr: 1.2000e-04  eta: 1:49:54  time: 0.1275  data_time: 0.0099  memory: 1092  grad_norm: 4.1450  loss: 0.1341  decode.loss_ce: 0.0884  decode.acc_seg: 86.4066  aux.loss_ce: 0.0457  aux.acc_seg: 86.1221
2025/06/15 18:37:32 - mmengine - INFO - Iter(train) [26650/80000]  base_lr: 1.2000e-04 lr: 1.2000e-04  eta: 1:49:48  time: 0.1189  data_time: 0.0077  memory: 1092  grad_norm: 3.1227  loss: 0.1273  decode.loss_ce: 0.0873  decode.acc_seg: 98.5943  aux.loss_ce: 0.0400  aux.acc_seg: 98.5835
2025/06/15 18:37:38 - mmengine - INFO - Iter(train) [26700/80000]  base_lr: 1.2000e-04 lr: 1.2000e-04  eta: 1:49:42  time: 0.1259  data_time: 0.0075  memory: 1092  grad_norm: 5.7567  loss: 0.1377  decode.loss_ce: 0.0880  decode.acc_seg: 97.4181  aux.loss_ce: 0.0497  aux.acc_seg: 94.6525
2025/06/15 18:37:44 - mmengine - INFO - Iter(train) [26750/80000]  base_lr: 1.2000e-04 lr: 1.2000e-04  eta: 1:49:36  time: 0.1229  data_time: 0.0073  memory: 1092  grad_norm: 2.4681  loss: 0.0998  decode.loss_ce: 0.0680  decode.acc_seg: 97.2003  aux.loss_ce: 0.0317  aux.acc_seg: 97.1372
2025/06/15 18:37:51 - mmengine - INFO - Iter(train) [26800/80000]  base_lr: 1.2000e-04 lr: 1.2000e-04  eta: 1:49:30  time: 0.1259  data_time: 0.0073  memory: 1092  grad_norm: 7.4431  loss: 0.2485  decode.loss_ce: 0.1705  decode.acc_seg: 97.8200  aux.loss_ce: 0.0779  aux.acc_seg: 92.8963
2025/06/15 18:37:57 - mmengine - INFO - Iter(train) [26850/80000]  base_lr: 1.2000e-04 lr: 1.2000e-04  eta: 1:49:24  time: 0.1241  data_time: 0.0072  memory: 1092  grad_norm: 2.1855  loss: 0.0919  decode.loss_ce: 0.0625  decode.acc_seg: 97.2008  aux.loss_ce: 0.0294  aux.acc_seg: 97.1712
2025/06/15 18:38:03 - mmengine - INFO - Iter(train) [26900/80000]  base_lr: 1.2000e-04 lr: 1.2000e-04  eta: 1:49:18  time: 0.1266  data_time: 0.0077  memory: 1092  grad_norm: 2.4538  loss: 0.1189  decode.loss_ce: 0.0792  decode.acc_seg: 98.7312  aux.loss_ce: 0.0397  aux.acc_seg: 98.7960
2025/06/15 18:38:10 - mmengine - INFO - Iter(train) [26950/80000]  base_lr: 1.2000e-04 lr: 1.2000e-04  eta: 1:49:13  time: 0.1270  data_time: 0.0076  memory: 1092  grad_norm: 4.4736  loss: 0.1437  decode.loss_ce: 0.0892  decode.acc_seg: 96.0426  aux.loss_ce: 0.0545  aux.acc_seg: 95.6482
2025/06/15 18:38:16 - mmengine - INFO - Exp name: U-Net_MobileMamba_20250615_174141
2025/06/15 18:38:16 - mmengine - INFO - Iter(train) [27000/80000]  base_lr: 1.2000e-04 lr: 1.2000e-04  eta: 1:49:06  time: 0.1230  data_time: 0.0071  memory: 1092  grad_norm: 6.0152  loss: 0.1507  decode.loss_ce: 0.1059  decode.acc_seg: 99.0776  aux.loss_ce: 0.0448  aux.acc_seg: 98.6185
2025/06/15 18:38:23 - mmengine - INFO - Iter(train) [27050/80000]  base_lr: 1.2000e-04 lr: 1.2000e-04  eta: 1:49:01  time: 0.1254  data_time: 0.0075  memory: 1092  grad_norm: 2.1466  loss: 0.0857  decode.loss_ce: 0.0550  decode.acc_seg: 97.5406  aux.loss_ce: 0.0308  aux.acc_seg: 95.6264
2025/06/15 18:38:29 - mmengine - INFO - Iter(train) [27100/80000]  base_lr: 1.2000e-04 lr: 1.2000e-04  eta: 1:48:55  time: 0.1260  data_time: 0.0076  memory: 1092  grad_norm: 10.6494  loss: 0.1910  decode.loss_ce: 0.1418  decode.acc_seg: 96.5816  aux.loss_ce: 0.0492  aux.acc_seg: 96.6106
2025/06/15 18:38:35 - mmengine - INFO - Iter(train) [27150/80000]  base_lr: 1.2000e-04 lr: 1.2000e-04  eta: 1:48:49  time: 0.1331  data_time: 0.0084  memory: 1092  grad_norm: 5.8886  loss: 0.1501  decode.loss_ce: 0.1025  decode.acc_seg: 96.5784  aux.loss_ce: 0.0477  aux.acc_seg: 95.5688
2025/06/15 18:38:42 - mmengine - INFO - Iter(train) [27200/80000]  base_lr: 1.2000e-04 lr: 1.2000e-04  eta: 1:48:44  time: 0.1302  data_time: 0.0079  memory: 1092  grad_norm: 6.2900  loss: 0.1394  decode.loss_ce: 0.0931  decode.acc_seg: 96.7153  aux.loss_ce: 0.0463  aux.acc_seg: 96.6841
2025/06/15 18:38:48 - mmengine - INFO - Iter(train) [27250/80000]  base_lr: 1.2000e-04 lr: 1.2000e-04  eta: 1:48:38  time: 0.1291  data_time: 0.0076  memory: 1092  grad_norm: 8.4247  loss: 0.1963  decode.loss_ce: 0.1264  decode.acc_seg: 98.7453  aux.loss_ce: 0.0699  aux.acc_seg: 97.9342
2025/06/15 18:38:55 - mmengine - INFO - Iter(train) [27300/80000]  base_lr: 1.2000e-04 lr: 1.2000e-04  eta: 1:48:34  time: 0.1559  data_time: 0.0092  memory: 1092  grad_norm: 8.6253  loss: 0.2033  decode.loss_ce: 0.1312  decode.acc_seg: 97.6596  aux.loss_ce: 0.0722  aux.acc_seg: 95.7762
2025/06/15 18:39:02 - mmengine - INFO - Iter(train) [27350/80000]  base_lr: 1.2000e-04 lr: 1.2000e-04  eta: 1:48:28  time: 0.1267  data_time: 0.0076  memory: 1092  grad_norm: 6.6887  loss: 0.2130  decode.loss_ce: 0.1481  decode.acc_seg: 94.3787  aux.loss_ce: 0.0650  aux.acc_seg: 94.7755
2025/06/15 18:39:08 - mmengine - INFO - Iter(train) [27400/80000]  base_lr: 1.2000e-04 lr: 1.2000e-04  eta: 1:48:22  time: 0.1266  data_time: 0.0078  memory: 1092  grad_norm: 3.4770  loss: 0.1306  decode.loss_ce: 0.0898  decode.acc_seg: 93.9159  aux.loss_ce: 0.0407  aux.acc_seg: 93.5895
2025/06/15 18:39:15 - mmengine - INFO - Iter(train) [27450/80000]  base_lr: 1.2000e-04 lr: 1.2000e-04  eta: 1:48:17  time: 0.1294  data_time: 0.0073  memory: 1092  grad_norm: 2.8986  loss: 0.1722  decode.loss_ce: 0.1228  decode.acc_seg: 96.9957  aux.loss_ce: 0.0494  aux.acc_seg: 97.3777
2025/06/15 18:39:21 - mmengine - INFO - Iter(train) [27500/80000]  base_lr: 1.2000e-04 lr: 1.2000e-04  eta: 1:48:11  time: 0.1270  data_time: 0.0074  memory: 1092  grad_norm: 6.7773  loss: 0.2273  decode.loss_ce: 0.1706  decode.acc_seg: 97.9873  aux.loss_ce: 0.0568  aux.acc_seg: 97.9234
2025/06/15 18:39:27 - mmengine - INFO - Iter(train) [27550/80000]  base_lr: 1.2000e-04 lr: 1.2000e-04  eta: 1:48:05  time: 0.1264  data_time: 0.0080  memory: 1092  grad_norm: 7.5770  loss: 0.2852  decode.loss_ce: 0.2010  decode.acc_seg: 98.0556  aux.loss_ce: 0.0842  aux.acc_seg: 95.6218
2025/06/15 18:39:34 - mmengine - INFO - Iter(train) [27600/80000]  base_lr: 1.2000e-04 lr: 1.2000e-04  eta: 1:47:59  time: 0.1252  data_time: 0.0075  memory: 1092  grad_norm: 4.4649  loss: 0.1156  decode.loss_ce: 0.0820  decode.acc_seg: 92.7214  aux.loss_ce: 0.0336  aux.acc_seg: 94.5164
2025/06/15 18:39:40 - mmengine - INFO - Iter(train) [27650/80000]  base_lr: 1.2000e-04 lr: 1.2000e-04  eta: 1:47:53  time: 0.1376  data_time: 0.0075  memory: 1092  grad_norm: 3.9752  loss: 0.1368  decode.loss_ce: 0.0949  decode.acc_seg: 96.1879  aux.loss_ce: 0.0419  aux.acc_seg: 95.0142
2025/06/15 18:39:47 - mmengine - INFO - Iter(train) [27700/80000]  base_lr: 1.2000e-04 lr: 1.2000e-04  eta: 1:47:48  time: 0.1240  data_time: 0.0074  memory: 1092  grad_norm: 5.3317  loss: 0.2172  decode.loss_ce: 0.1519  decode.acc_seg: 97.0124  aux.loss_ce: 0.0653  aux.acc_seg: 96.9234
2025/06/15 18:39:53 - mmengine - INFO - Iter(train) [27750/80000]  base_lr: 1.2000e-04 lr: 1.2000e-04  eta: 1:47:42  time: 0.1266  data_time: 0.0074  memory: 1092  grad_norm: 7.1209  loss: 0.1855  decode.loss_ce: 0.1272  decode.acc_seg: 94.5002  aux.loss_ce: 0.0583  aux.acc_seg: 94.2967
2025/06/15 18:39:59 - mmengine - INFO - Iter(train) [27800/80000]  base_lr: 1.2000e-04 lr: 1.2000e-04  eta: 1:47:36  time: 0.1259  data_time: 0.0074  memory: 1092  grad_norm: 2.2241  loss: 0.1023  decode.loss_ce: 0.0656  decode.acc_seg: 98.2221  aux.loss_ce: 0.0367  aux.acc_seg: 97.2274
2025/06/15 18:40:06 - mmengine - INFO - Iter(train) [27850/80000]  base_lr: 1.2000e-04 lr: 1.2000e-04  eta: 1:47:30  time: 0.1258  data_time: 0.0073  memory: 1092  grad_norm: 2.4500  loss: 0.1393  decode.loss_ce: 0.0940  decode.acc_seg: 98.1509  aux.loss_ce: 0.0452  aux.acc_seg: 98.3107
2025/06/15 18:40:12 - mmengine - INFO - Iter(train) [27900/80000]  base_lr: 1.2000e-04 lr: 1.2000e-04  eta: 1:47:24  time: 0.1219  data_time: 0.0077  memory: 1092  grad_norm: 5.4708  loss: 0.1250  decode.loss_ce: 0.0830  decode.acc_seg: 97.5455  aux.loss_ce: 0.0419  aux.acc_seg: 97.5347
2025/06/15 18:40:18 - mmengine - INFO - Iter(train) [27950/80000]  base_lr: 1.2000e-04 lr: 1.2000e-04  eta: 1:47:18  time: 0.1183  data_time: 0.0070  memory: 1092  grad_norm: 5.4225  loss: 0.1770  decode.loss_ce: 0.1248  decode.acc_seg: 96.6889  aux.loss_ce: 0.0522  aux.acc_seg: 93.6295
2025/06/15 18:40:24 - mmengine - INFO - Exp name: U-Net_MobileMamba_20250615_174141
2025/06/15 18:40:24 - mmengine - INFO - Iter(train) [28000/80000]  base_lr: 1.2000e-04 lr: 1.2000e-04  eta: 1:47:12  time: 0.1211  data_time: 0.0070  memory: 1092  grad_norm: 2.4536  loss: 0.1178  decode.loss_ce: 0.0735  decode.acc_seg: 97.6342  aux.loss_ce: 0.0444  aux.acc_seg: 97.7209
2025/06/15 18:40:30 - mmengine - INFO - Iter(train) [28050/80000]  base_lr: 1.2000e-04 lr: 1.2000e-04  eta: 1:47:05  time: 0.1233  data_time: 0.0072  memory: 1092  grad_norm: 16.5991  loss: 0.2004  decode.loss_ce: 0.1413  decode.acc_seg: 96.0852  aux.loss_ce: 0.0591  aux.acc_seg: 95.2617
2025/06/15 18:40:36 - mmengine - INFO - Iter(train) [28100/80000]  base_lr: 1.2000e-04 lr: 1.2000e-04  eta: 1:46:59  time: 0.1225  data_time: 0.0071  memory: 1092  grad_norm: 13.1839  loss: 0.1630  decode.loss_ce: 0.1142  decode.acc_seg: 98.6980  aux.loss_ce: 0.0489  aux.acc_seg: 98.1387
2025/06/15 18:40:43 - mmengine - INFO - Iter(train) [28150/80000]  base_lr: 1.2000e-04 lr: 1.2000e-04  eta: 1:46:53  time: 0.1255  data_time: 0.0073  memory: 1092  grad_norm: 2.2779  loss: 0.0848  decode.loss_ce: 0.0573  decode.acc_seg: 97.3510  aux.loss_ce: 0.0275  aux.acc_seg: 97.5144
2025/06/15 18:40:49 - mmengine - INFO - Iter(train) [28200/80000]  base_lr: 1.2000e-04 lr: 1.2000e-04  eta: 1:46:47  time: 0.1251  data_time: 0.0075  memory: 1092  grad_norm: 14.4983  loss: 0.2763  decode.loss_ce: 0.1896  decode.acc_seg: 88.9832  aux.loss_ce: 0.0867  aux.acc_seg: 86.6797
2025/06/15 18:40:56 - mmengine - INFO - Iter(train) [28250/80000]  base_lr: 1.2000e-04 lr: 1.2000e-04  eta: 1:46:41  time: 0.1262  data_time: 0.0076  memory: 1092  grad_norm: 4.0284  loss: 0.1836  decode.loss_ce: 0.1270  decode.acc_seg: 94.8439  aux.loss_ce: 0.0566  aux.acc_seg: 95.2453
2025/06/15 18:41:02 - mmengine - INFO - Iter(train) [28300/80000]  base_lr: 1.2000e-04 lr: 1.2000e-04  eta: 1:46:35  time: 0.1250  data_time: 0.0072  memory: 1092  grad_norm: 4.2878  loss: 0.1443  decode.loss_ce: 0.1002  decode.acc_seg: 98.2760  aux.loss_ce: 0.0441  aux.acc_seg: 96.9234
2025/06/15 18:41:08 - mmengine - INFO - Iter(train) [28350/80000]  base_lr: 1.2000e-04 lr: 1.2000e-04  eta: 1:46:29  time: 0.1234  data_time: 0.0070  memory: 1092  grad_norm: 5.5452  loss: 0.1496  decode.loss_ce: 0.0923  decode.acc_seg: 95.9189  aux.loss_ce: 0.0572  aux.acc_seg: 92.7100
2025/06/15 18:41:14 - mmengine - INFO - Iter(train) [28400/80000]  base_lr: 1.2000e-04 lr: 1.2000e-04  eta: 1:46:23  time: 0.1255  data_time: 0.0072  memory: 1092  grad_norm: 9.9558  loss: 0.1582  decode.loss_ce: 0.1057  decode.acc_seg: 98.9249  aux.loss_ce: 0.0526  aux.acc_seg: 98.9802
2025/06/15 18:41:21 - mmengine - INFO - Iter(train) [28450/80000]  base_lr: 1.2000e-04 lr: 1.2000e-04  eta: 1:46:18  time: 0.1248  data_time: 0.0069  memory: 1092  grad_norm: 3.4803  loss: 0.1441  decode.loss_ce: 0.0968  decode.acc_seg: 95.7045  aux.loss_ce: 0.0473  aux.acc_seg: 95.0417
2025/06/15 18:41:27 - mmengine - INFO - Iter(train) [28500/80000]  base_lr: 1.2000e-04 lr: 1.2000e-04  eta: 1:46:11  time: 0.1234  data_time: 0.0066  memory: 1092  grad_norm: 5.8497  loss: 0.1525  decode.loss_ce: 0.1082  decode.acc_seg: 85.6197  aux.loss_ce: 0.0443  aux.acc_seg: 89.2366
2025/06/15 18:41:33 - mmengine - INFO - Iter(train) [28550/80000]  base_lr: 1.2000e-04 lr: 1.2000e-04  eta: 1:46:05  time: 0.1243  data_time: 0.0077  memory: 1092  grad_norm: 12.1323  loss: 0.2983  decode.loss_ce: 0.2089  decode.acc_seg: 85.0382  aux.loss_ce: 0.0893  aux.acc_seg: 83.6921
2025/06/15 18:41:39 - mmengine - INFO - Iter(train) [28600/80000]  base_lr: 1.2000e-04 lr: 1.2000e-04  eta: 1:45:59  time: 0.1248  data_time: 0.0078  memory: 1092  grad_norm: 2.1536  loss: 0.0994  decode.loss_ce: 0.0652  decode.acc_seg: 95.2008  aux.loss_ce: 0.0342  aux.acc_seg: 95.8711
2025/06/15 18:41:46 - mmengine - INFO - Iter(train) [28650/80000]  base_lr: 1.2000e-04 lr: 1.2000e-04  eta: 1:45:54  time: 0.1511  data_time: 0.0099  memory: 1092  grad_norm: 4.2881  loss: 0.1483  decode.loss_ce: 0.1019  decode.acc_seg: 96.9652  aux.loss_ce: 0.0465  aux.acc_seg: 96.1309
2025/06/15 18:41:52 - mmengine - INFO - Iter(train) [28700/80000]  base_lr: 1.2000e-04 lr: 1.2000e-04  eta: 1:45:47  time: 0.1267  data_time: 0.0077  memory: 1092  grad_norm: 3.5977  loss: 0.1407  decode.loss_ce: 0.0951  decode.acc_seg: 97.9759  aux.loss_ce: 0.0455  aux.acc_seg: 97.6370
2025/06/15 18:41:58 - mmengine - INFO - Iter(train) [28750/80000]  base_lr: 1.2000e-04 lr: 1.2000e-04  eta: 1:45:41  time: 0.1139  data_time: 0.0077  memory: 1092  grad_norm: 2.9839  loss: 0.1653  decode.loss_ce: 0.1129  decode.acc_seg: 97.8519  aux.loss_ce: 0.0524  aux.acc_seg: 94.3970
2025/06/15 18:42:05 - mmengine - INFO - Iter(train) [28800/80000]  base_lr: 1.2000e-04 lr: 1.2000e-04  eta: 1:45:35  time: 0.1254  data_time: 0.0075  memory: 1092  grad_norm: 4.0761  loss: 0.1512  decode.loss_ce: 0.1073  decode.acc_seg: 97.8997  aux.loss_ce: 0.0439  aux.acc_seg: 95.1129
2025/06/15 18:42:11 - mmengine - INFO - Iter(train) [28850/80000]  base_lr: 1.2000e-04 lr: 1.2000e-04  eta: 1:45:29  time: 0.1243  data_time: 0.0074  memory: 1092  grad_norm: 2.7864  loss: 0.1037  decode.loss_ce: 0.0716  decode.acc_seg: 98.6733  aux.loss_ce: 0.0321  aux.acc_seg: 98.7401
2025/06/15 18:42:18 - mmengine - INFO - Iter(train) [28900/80000]  base_lr: 1.2000e-04 lr: 1.2000e-04  eta: 1:45:24  time: 0.1264  data_time: 0.0074  memory: 1092  grad_norm: 2.3867  loss: 0.0994  decode.loss_ce: 0.0706  decode.acc_seg: 98.1053  aux.loss_ce: 0.0288  aux.acc_seg: 98.1214
2025/06/15 18:42:24 - mmengine - INFO - Iter(train) [28950/80000]  base_lr: 1.2000e-04 lr: 1.2000e-04  eta: 1:45:18  time: 0.1256  data_time: 0.0070  memory: 1092  grad_norm: 2.9408  loss: 0.0976  decode.loss_ce: 0.0693  decode.acc_seg: 97.9083  aux.loss_ce: 0.0283  aux.acc_seg: 98.1086
2025/06/15 18:42:30 - mmengine - INFO - Exp name: U-Net_MobileMamba_20250615_174141
2025/06/15 18:42:30 - mmengine - INFO - Iter(train) [29000/80000]  base_lr: 1.2000e-04 lr: 1.2000e-04  eta: 1:45:12  time: 0.1225  data_time: 0.0069  memory: 1092  grad_norm: 3.5822  loss: 0.0889  decode.loss_ce: 0.0593  decode.acc_seg: 97.7442  aux.loss_ce: 0.0295  aux.acc_seg: 98.2023
2025/06/15 18:42:36 - mmengine - INFO - Iter(train) [29050/80000]  base_lr: 1.2000e-04 lr: 1.2000e-04  eta: 1:45:06  time: 0.1244  data_time: 0.0075  memory: 1092  grad_norm: 3.0624  loss: 0.1075  decode.loss_ce: 0.0653  decode.acc_seg: 97.3813  aux.loss_ce: 0.0422  aux.acc_seg: 97.7090
2025/06/15 18:42:43 - mmengine - INFO - Iter(train) [29100/80000]  base_lr: 1.2000e-04 lr: 1.2000e-04  eta: 1:45:00  time: 0.1256  data_time: 0.0072  memory: 1092  grad_norm: 4.9526  loss: 0.1956  decode.loss_ce: 0.1346  decode.acc_seg: 93.1874  aux.loss_ce: 0.0609  aux.acc_seg: 92.0999
2025/06/15 18:42:49 - mmengine - INFO - Iter(train) [29150/80000]  base_lr: 1.2000e-04 lr: 1.2000e-04  eta: 1:44:54  time: 0.1579  data_time: 0.0097  memory: 1092  grad_norm: 2.7664  loss: 0.0970  decode.loss_ce: 0.0605  decode.acc_seg: 98.4893  aux.loss_ce: 0.0365  aux.acc_seg: 98.4046
2025/06/15 18:42:56 - mmengine - INFO - Iter(train) [29200/80000]  base_lr: 1.2000e-04 lr: 1.2000e-04  eta: 1:44:48  time: 0.1138  data_time: 0.0072  memory: 1092  grad_norm: 7.3326  loss: 0.1831  decode.loss_ce: 0.1252  decode.acc_seg: 97.5415  aux.loss_ce: 0.0579  aux.acc_seg: 97.0837
2025/06/15 18:43:02 - mmengine - INFO - Iter(train) [29250/80000]  base_lr: 1.2000e-04 lr: 1.2000e-04  eta: 1:44:42  time: 0.1240  data_time: 0.0072  memory: 1092  grad_norm: 5.2518  loss: 0.1334  decode.loss_ce: 0.0897  decode.acc_seg: 93.1363  aux.loss_ce: 0.0436  aux.acc_seg: 91.8840
2025/06/15 18:43:08 - mmengine - INFO - Iter(train) [29300/80000]  base_lr: 1.2000e-04 lr: 1.2000e-04  eta: 1:44:36  time: 0.1206  data_time: 0.0068  memory: 1092  grad_norm: 8.7386  loss: 0.1651  decode.loss_ce: 0.1154  decode.acc_seg: 87.9127  aux.loss_ce: 0.0497  aux.acc_seg: 87.5609
2025/06/15 18:43:14 - mmengine - INFO - Iter(train) [29350/80000]  base_lr: 1.2000e-04 lr: 1.2000e-04  eta: 1:44:30  time: 0.1238  data_time: 0.0070  memory: 1092  grad_norm: 6.3520  loss: 0.1127  decode.loss_ce: 0.0730  decode.acc_seg: 97.4745  aux.loss_ce: 0.0397  aux.acc_seg: 98.1684
2025/06/15 18:43:20 - mmengine - INFO - Iter(train) [29400/80000]  base_lr: 1.2000e-04 lr: 1.2000e-04  eta: 1:44:24  time: 0.1239  data_time: 0.0074  memory: 1092  grad_norm: 7.4925  loss: 0.1339  decode.loss_ce: 0.0963  decode.acc_seg: 90.3303  aux.loss_ce: 0.0376  aux.acc_seg: 90.7935
2025/06/15 18:43:27 - mmengine - INFO - Iter(train) [29450/80000]  base_lr: 1.2000e-04 lr: 1.2000e-04  eta: 1:44:18  time: 0.1242  data_time: 0.0071  memory: 1092  grad_norm: 4.7201  loss: 0.1394  decode.loss_ce: 0.0908  decode.acc_seg: 97.8920  aux.loss_ce: 0.0486  aux.acc_seg: 97.5266
2025/06/15 18:43:33 - mmengine - INFO - Iter(train) [29500/80000]  base_lr: 1.2000e-04 lr: 1.2000e-04  eta: 1:44:12  time: 0.1151  data_time: 0.0068  memory: 1092  grad_norm: 3.0807  loss: 0.1010  decode.loss_ce: 0.0644  decode.acc_seg: 98.3101  aux.loss_ce: 0.0366  aux.acc_seg: 98.7361
2025/06/15 18:43:39 - mmengine - INFO - Iter(train) [29550/80000]  base_lr: 1.2000e-04 lr: 1.2000e-04  eta: 1:44:04  time: 0.1085  data_time: 0.0069  memory: 1092  grad_norm: 3.0820  loss: 0.1130  decode.loss_ce: 0.0756  decode.acc_seg: 96.9616  aux.loss_ce: 0.0374  aux.acc_seg: 96.5611
2025/06/15 18:43:44 - mmengine - INFO - Iter(train) [29600/80000]  base_lr: 1.2000e-04 lr: 1.2000e-04  eta: 1:43:57  time: 0.1239  data_time: 0.0069  memory: 1092  grad_norm: 6.5913  loss: 0.2784  decode.loss_ce: 0.1896  decode.acc_seg: 97.5306  aux.loss_ce: 0.0888  aux.acc_seg: 96.9951
2025/06/15 18:43:51 - mmengine - INFO - Iter(train) [29650/80000]  base_lr: 1.2000e-04 lr: 1.2000e-04  eta: 1:43:51  time: 0.1235  data_time: 0.0072  memory: 1092  grad_norm: 2.6193  loss: 0.0909  decode.loss_ce: 0.0657  decode.acc_seg: 95.1546  aux.loss_ce: 0.0253  aux.acc_seg: 96.8981
2025/06/15 18:43:57 - mmengine - INFO - Iter(train) [29700/80000]  base_lr: 1.2000e-04 lr: 1.2000e-04  eta: 1:43:45  time: 0.1252  data_time: 0.0073  memory: 1092  grad_norm: 3.5212  loss: 0.1507  decode.loss_ce: 0.0991  decode.acc_seg: 95.1819  aux.loss_ce: 0.0516  aux.acc_seg: 97.1345
2025/06/15 18:44:03 - mmengine - INFO - Iter(train) [29750/80000]  base_lr: 1.2000e-04 lr: 1.2000e-04  eta: 1:43:39  time: 0.1251  data_time: 0.0069  memory: 1092  grad_norm: 2.7197  loss: 0.0710  decode.loss_ce: 0.0484  decode.acc_seg: 98.2559  aux.loss_ce: 0.0226  aux.acc_seg: 97.2861
2025/06/15 18:44:09 - mmengine - INFO - Iter(train) [29800/80000]  base_lr: 1.2000e-04 lr: 1.2000e-04  eta: 1:43:33  time: 0.1214  data_time: 0.0072  memory: 1092  grad_norm: 4.6504  loss: 0.1110  decode.loss_ce: 0.0688  decode.acc_seg: 94.7297  aux.loss_ce: 0.0422  aux.acc_seg: 90.4754
2025/06/15 18:44:16 - mmengine - INFO - Iter(train) [29850/80000]  base_lr: 1.2000e-04 lr: 1.2000e-04  eta: 1:43:27  time: 0.1232  data_time: 0.0069  memory: 1092  grad_norm: 3.5553  loss: 0.0914  decode.loss_ce: 0.0604  decode.acc_seg: 97.7063  aux.loss_ce: 0.0310  aux.acc_seg: 97.5852
2025/06/15 18:44:21 - mmengine - INFO - Iter(train) [29900/80000]  base_lr: 1.2000e-04 lr: 1.2000e-04  eta: 1:43:20  time: 0.1098  data_time: 0.0069  memory: 1092  grad_norm: 4.4344  loss: 0.1306  decode.loss_ce: 0.0874  decode.acc_seg: 98.8820  aux.loss_ce: 0.0433  aux.acc_seg: 98.8521
2025/06/15 18:44:27 - mmengine - INFO - Iter(train) [29950/80000]  base_lr: 1.2000e-04 lr: 1.2000e-04  eta: 1:43:12  time: 0.1097  data_time: 0.0071  memory: 1092  grad_norm: 1.4530  loss: 0.0813  decode.loss_ce: 0.0569  decode.acc_seg: 98.2307  aux.loss_ce: 0.0243  aux.acc_seg: 98.5291
2025/06/15 18:44:33 - mmengine - INFO - Exp name: U-Net_MobileMamba_20250615_174141
2025/06/15 18:44:33 - mmengine - INFO - Iter(train) [30000/80000]  base_lr: 1.2000e-04 lr: 1.2000e-04  eta: 1:43:06  time: 0.1101  data_time: 0.0068  memory: 1092  grad_norm: 2.6852  loss: 0.1078  decode.loss_ce: 0.0743  decode.acc_seg: 95.9999  aux.loss_ce: 0.0335  aux.acc_seg: 95.8300
2025/06/15 18:44:38 - mmengine - INFO - Iter(train) [30050/80000]  base_lr: 1.2000e-04 lr: 1.2000e-04  eta: 1:42:59  time: 0.1231  data_time: 0.0071  memory: 1092  grad_norm: 2.9498  loss: 0.1509  decode.loss_ce: 0.1013  decode.acc_seg: 97.1384  aux.loss_ce: 0.0496  aux.acc_seg: 96.1528
2025/06/15 18:44:45 - mmengine - INFO - Iter(train) [30100/80000]  base_lr: 1.2000e-04 lr: 1.2000e-04  eta: 1:42:53  time: 0.1276  data_time: 0.0073  memory: 1092  grad_norm: 12.1446  loss: 0.3307  decode.loss_ce: 0.2329  decode.acc_seg: 90.6044  aux.loss_ce: 0.0978  aux.acc_seg: 91.2225
2025/06/15 18:44:51 - mmengine - INFO - Iter(train) [30150/80000]  base_lr: 1.2000e-04 lr: 1.2000e-04  eta: 1:42:47  time: 0.1248  data_time: 0.0069  memory: 1092  grad_norm: 8.4139  loss: 0.1682  decode.loss_ce: 0.1135  decode.acc_seg: 98.1244  aux.loss_ce: 0.0547  aux.acc_seg: 98.2545
2025/06/15 18:44:57 - mmengine - INFO - Iter(train) [30200/80000]  base_lr: 1.2000e-04 lr: 1.2000e-04  eta: 1:42:41  time: 0.1420  data_time: 0.0072  memory: 1092  grad_norm: 4.5426  loss: 0.1814  decode.loss_ce: 0.1273  decode.acc_seg: 90.2158  aux.loss_ce: 0.0541  aux.acc_seg: 89.6329
2025/06/15 18:45:04 - mmengine - INFO - Iter(train) [30250/80000]  base_lr: 1.2000e-04 lr: 1.2000e-04  eta: 1:42:35  time: 0.1246  data_time: 0.0065  memory: 1092  grad_norm: 2.1192  loss: 0.0958  decode.loss_ce: 0.0643  decode.acc_seg: 98.1136  aux.loss_ce: 0.0315  aux.acc_seg: 97.8884
2025/06/15 18:45:10 - mmengine - INFO - Iter(train) [30300/80000]  base_lr: 1.2000e-04 lr: 1.2000e-04  eta: 1:42:29  time: 0.1236  data_time: 0.0067  memory: 1092  grad_norm: 3.3479  loss: 0.1141  decode.loss_ce: 0.0755  decode.acc_seg: 97.4327  aux.loss_ce: 0.0386  aux.acc_seg: 97.6835
2025/06/15 18:45:16 - mmengine - INFO - Iter(train) [30350/80000]  base_lr: 1.2000e-04 lr: 1.2000e-04  eta: 1:42:23  time: 0.1242  data_time: 0.0069  memory: 1092  grad_norm: 1.3849  loss: 0.0825  decode.loss_ce: 0.0562  decode.acc_seg: 98.2224  aux.loss_ce: 0.0264  aux.acc_seg: 98.2085
2025/06/15 18:45:22 - mmengine - INFO - Iter(train) [30400/80000]  base_lr: 1.2000e-04 lr: 1.2000e-04  eta: 1:42:16  time: 0.1273  data_time: 0.0068  memory: 1092  grad_norm: 8.5748  loss: 0.1761  decode.loss_ce: 0.1261  decode.acc_seg: 97.5112  aux.loss_ce: 0.0500  aux.acc_seg: 97.4206
2025/06/15 18:45:28 - mmengine - INFO - Iter(train) [30450/80000]  base_lr: 1.2000e-04 lr: 1.2000e-04  eta: 1:42:10  time: 0.1284  data_time: 0.0070  memory: 1092  grad_norm: 5.4395  loss: 0.1815  decode.loss_ce: 0.1154  decode.acc_seg: 92.7496  aux.loss_ce: 0.0662  aux.acc_seg: 87.0604
2025/06/15 18:45:35 - mmengine - INFO - Iter(train) [30500/80000]  base_lr: 1.2000e-04 lr: 1.2000e-04  eta: 1:42:05  time: 0.1294  data_time: 0.0070  memory: 1092  grad_norm: 3.7453  loss: 0.1250  decode.loss_ce: 0.0798  decode.acc_seg: 97.9278  aux.loss_ce: 0.0451  aux.acc_seg: 97.3010
2025/06/15 18:45:42 - mmengine - INFO - Iter(train) [30550/80000]  base_lr: 1.2000e-04 lr: 1.2000e-04  eta: 1:41:59  time: 0.1251  data_time: 0.0068  memory: 1092  grad_norm: 4.0497  loss: 0.1359  decode.loss_ce: 0.0957  decode.acc_seg: 97.8547  aux.loss_ce: 0.0402  aux.acc_seg: 98.0872
2025/06/15 18:45:48 - mmengine - INFO - Iter(train) [30600/80000]  base_lr: 1.2000e-04 lr: 1.2000e-04  eta: 1:41:53  time: 0.1248  data_time: 0.0066  memory: 1092  grad_norm: 4.7062  loss: 0.1938  decode.loss_ce: 0.1307  decode.acc_seg: 98.4851  aux.loss_ce: 0.0631  aux.acc_seg: 97.5739
2025/06/15 18:45:54 - mmengine - INFO - Iter(train) [30650/80000]  base_lr: 1.2000e-04 lr: 1.2000e-04  eta: 1:41:47  time: 0.1223  data_time: 0.0069  memory: 1092  grad_norm: 5.5241  loss: 0.1404  decode.loss_ce: 0.0885  decode.acc_seg: 98.4691  aux.loss_ce: 0.0520  aux.acc_seg: 98.3432
2025/06/15 18:46:00 - mmengine - INFO - Iter(train) [30700/80000]  base_lr: 1.2000e-04 lr: 1.2000e-04  eta: 1:41:41  time: 0.1241  data_time: 0.0069  memory: 1092  grad_norm: 4.0961  loss: 0.1081  decode.loss_ce: 0.0700  decode.acc_seg: 97.2074  aux.loss_ce: 0.0382  aux.acc_seg: 97.2934
2025/06/15 18:46:07 - mmengine - INFO - Iter(train) [30750/80000]  base_lr: 1.2000e-04 lr: 1.2000e-04  eta: 1:41:35  time: 0.1186  data_time: 0.0068  memory: 1092  grad_norm: 3.7220  loss: 0.1432  decode.loss_ce: 0.0921  decode.acc_seg: 97.4774  aux.loss_ce: 0.0511  aux.acc_seg: 97.5464
2025/06/15 18:46:13 - mmengine - INFO - Iter(train) [30800/80000]  base_lr: 1.2000e-04 lr: 1.2000e-04  eta: 1:41:29  time: 0.1221  data_time: 0.0075  memory: 1092  grad_norm: 3.3252  loss: 0.1081  decode.loss_ce: 0.0753  decode.acc_seg: 97.8182  aux.loss_ce: 0.0328  aux.acc_seg: 97.1488
2025/06/15 18:46:19 - mmengine - INFO - Iter(train) [30850/80000]  base_lr: 1.2000e-04 lr: 1.2000e-04  eta: 1:41:23  time: 0.1298  data_time: 0.0080  memory: 1092  grad_norm: 2.2131  loss: 0.1859  decode.loss_ce: 0.1289  decode.acc_seg: 97.2925  aux.loss_ce: 0.0570  aux.acc_seg: 97.3763
2025/06/15 18:46:25 - mmengine - INFO - Iter(train) [30900/80000]  base_lr: 1.2000e-04 lr: 1.2000e-04  eta: 1:41:16  time: 0.1253  data_time: 0.0069  memory: 1092  grad_norm: 3.5539  loss: 0.0941  decode.loss_ce: 0.0612  decode.acc_seg: 95.7145  aux.loss_ce: 0.0329  aux.acc_seg: 96.1030
2025/06/15 18:46:31 - mmengine - INFO - Iter(train) [30950/80000]  base_lr: 1.2000e-04 lr: 1.2000e-04  eta: 1:41:10  time: 0.1144  data_time: 0.0069  memory: 1092  grad_norm: 6.8906  loss: 0.1689  decode.loss_ce: 0.1200  decode.acc_seg: 96.6066  aux.loss_ce: 0.0489  aux.acc_seg: 95.3587
2025/06/15 18:46:38 - mmengine - INFO - Exp name: U-Net_MobileMamba_20250615_174141
2025/06/15 18:46:38 - mmengine - INFO - Iter(train) [31000/80000]  base_lr: 1.2000e-04 lr: 1.2000e-04  eta: 1:41:04  time: 0.1232  data_time: 0.0069  memory: 1092  grad_norm: 4.2118  loss: 0.1144  decode.loss_ce: 0.0773  decode.acc_seg: 95.2792  aux.loss_ce: 0.0371  aux.acc_seg: 94.6616
2025/06/15 18:46:44 - mmengine - INFO - Iter(train) [31050/80000]  base_lr: 1.2000e-04 lr: 1.2000e-04  eta: 1:40:58  time: 0.1220  data_time: 0.0069  memory: 1092  grad_norm: 4.1675  loss: 0.1465  decode.loss_ce: 0.0886  decode.acc_seg: 97.7348  aux.loss_ce: 0.0579  aux.acc_seg: 98.0501
2025/06/15 18:46:50 - mmengine - INFO - Iter(train) [31100/80000]  base_lr: 1.2000e-04 lr: 1.2000e-04  eta: 1:40:51  time: 0.1200  data_time: 0.0068  memory: 1092  grad_norm: 1.9979  loss: 0.1109  decode.loss_ce: 0.0722  decode.acc_seg: 97.2929  aux.loss_ce: 0.0387  aux.acc_seg: 95.9538
2025/06/15 18:46:56 - mmengine - INFO - Iter(train) [31150/80000]  base_lr: 1.2000e-04 lr: 1.2000e-04  eta: 1:40:45  time: 0.1239  data_time: 0.0070  memory: 1092  grad_norm: 2.8814  loss: 0.0836  decode.loss_ce: 0.0557  decode.acc_seg: 97.8241  aux.loss_ce: 0.0279  aux.acc_seg: 97.7108
2025/06/15 18:47:02 - mmengine - INFO - Iter(train) [31200/80000]  base_lr: 1.2000e-04 lr: 1.2000e-04  eta: 1:40:39  time: 0.1273  data_time: 0.0075  memory: 1092  grad_norm: 2.8010  loss: 0.0987  decode.loss_ce: 0.0695  decode.acc_seg: 98.0181  aux.loss_ce: 0.0292  aux.acc_seg: 98.0560
2025/06/15 18:47:08 - mmengine - INFO - Iter(train) [31250/80000]  base_lr: 1.2000e-04 lr: 1.2000e-04  eta: 1:40:33  time: 0.1229  data_time: 0.0075  memory: 1092  grad_norm: 3.9814  loss: 0.2025  decode.loss_ce: 0.1407  decode.acc_seg: 90.2671  aux.loss_ce: 0.0618  aux.acc_seg: 89.6449
2025/06/15 18:47:14 - mmengine - INFO - Iter(train) [31300/80000]  base_lr: 1.2000e-04 lr: 1.2000e-04  eta: 1:40:26  time: 0.1249  data_time: 0.0074  memory: 1092  grad_norm: 5.0863  loss: 0.1526  decode.loss_ce: 0.1098  decode.acc_seg: 97.7657  aux.loss_ce: 0.0427  aux.acc_seg: 97.8389
2025/06/15 18:47:21 - mmengine - INFO - Iter(train) [31350/80000]  base_lr: 1.2000e-04 lr: 1.2000e-04  eta: 1:40:20  time: 0.1221  data_time: 0.0072  memory: 1092  grad_norm: 5.8980  loss: 0.1647  decode.loss_ce: 0.1204  decode.acc_seg: 98.2644  aux.loss_ce: 0.0442  aux.acc_seg: 98.4377
2025/06/15 18:47:27 - mmengine - INFO - Iter(train) [31400/80000]  base_lr: 1.2000e-04 lr: 1.2000e-04  eta: 1:40:14  time: 0.1260  data_time: 0.0079  memory: 1092  grad_norm: 3.3699  loss: 0.1173  decode.loss_ce: 0.0705  decode.acc_seg: 96.4195  aux.loss_ce: 0.0467  aux.acc_seg: 96.3301
2025/06/15 18:47:33 - mmengine - INFO - Iter(train) [31450/80000]  base_lr: 1.2000e-04 lr: 1.2000e-04  eta: 1:40:08  time: 0.1228  data_time: 0.0072  memory: 1092  grad_norm: 2.4908  loss: 0.1153  decode.loss_ce: 0.0761  decode.acc_seg: 96.9297  aux.loss_ce: 0.0392  aux.acc_seg: 97.1776
2025/06/15 18:47:40 - mmengine - INFO - Iter(train) [31500/80000]  base_lr: 1.2000e-04 lr: 1.2000e-04  eta: 1:40:02  time: 0.1261  data_time: 0.0078  memory: 1092  grad_norm: 3.2283  loss: 0.1441  decode.loss_ce: 0.1003  decode.acc_seg: 91.7815  aux.loss_ce: 0.0438  aux.acc_seg: 90.8203
2025/06/15 18:47:46 - mmengine - INFO - Iter(train) [31550/80000]  base_lr: 1.2000e-04 lr: 1.2000e-04  eta: 1:39:56  time: 0.1256  data_time: 0.0076  memory: 1092  grad_norm: 6.9949  loss: 0.1983  decode.loss_ce: 0.1352  decode.acc_seg: 98.4181  aux.loss_ce: 0.0631  aux.acc_seg: 98.4915
2025/06/15 18:47:52 - mmengine - INFO - Iter(train) [31600/80000]  base_lr: 1.2000e-04 lr: 1.2000e-04  eta: 1:39:50  time: 0.1195  data_time: 0.0076  memory: 1092  grad_norm: 4.6034  loss: 0.1946  decode.loss_ce: 0.1312  decode.acc_seg: 98.1489  aux.loss_ce: 0.0634  aux.acc_seg: 97.4438
2025/06/15 18:47:58 - mmengine - INFO - Iter(train) [31650/80000]  base_lr: 1.2000e-04 lr: 1.2000e-04  eta: 1:39:44  time: 0.1253  data_time: 0.0076  memory: 1092  grad_norm: 8.0988  loss: 0.2464  decode.loss_ce: 0.1579  decode.acc_seg: 87.2881  aux.loss_ce: 0.0885  aux.acc_seg: 84.6976
2025/06/15 18:48:05 - mmengine - INFO - Iter(train) [31700/80000]  base_lr: 1.2000e-04 lr: 1.2000e-04  eta: 1:39:38  time: 0.1325  data_time: 0.0081  memory: 1092  grad_norm: 1.3564  loss: 0.0793  decode.loss_ce: 0.0529  decode.acc_seg: 98.4985  aux.loss_ce: 0.0264  aux.acc_seg: 98.5586
2025/06/15 18:48:11 - mmengine - INFO - Iter(train) [31750/80000]  base_lr: 1.2000e-04 lr: 1.2000e-04  eta: 1:39:32  time: 0.1257  data_time: 0.0078  memory: 1092  grad_norm: 3.3431  loss: 0.1349  decode.loss_ce: 0.0899  decode.acc_seg: 96.7754  aux.loss_ce: 0.0450  aux.acc_seg: 95.8800
2025/06/15 18:48:17 - mmengine - INFO - Iter(train) [31800/80000]  base_lr: 1.2000e-04 lr: 1.2000e-04  eta: 1:39:25  time: 0.1240  data_time: 0.0077  memory: 1092  grad_norm: 2.4846  loss: 0.1382  decode.loss_ce: 0.0920  decode.acc_seg: 90.4046  aux.loss_ce: 0.0463  aux.acc_seg: 89.9259
2025/06/15 18:48:23 - mmengine - INFO - Iter(train) [31850/80000]  base_lr: 1.2000e-04 lr: 1.2000e-04  eta: 1:39:19  time: 0.1229  data_time: 0.0078  memory: 1092  grad_norm: 7.8475  loss: 0.2009  decode.loss_ce: 0.1351  decode.acc_seg: 98.4174  aux.loss_ce: 0.0658  aux.acc_seg: 98.5166
2025/06/15 18:48:29 - mmengine - INFO - Iter(train) [31900/80000]  base_lr: 1.2000e-04 lr: 1.2000e-04  eta: 1:39:12  time: 0.1105  data_time: 0.0076  memory: 1092  grad_norm: 5.2896  loss: 0.1589  decode.loss_ce: 0.1014  decode.acc_seg: 97.9335  aux.loss_ce: 0.0575  aux.acc_seg: 96.8907
2025/06/15 18:48:35 - mmengine - INFO - Iter(train) [31950/80000]  base_lr: 1.2000e-04 lr: 1.2000e-04  eta: 1:39:06  time: 0.1254  data_time: 0.0076  memory: 1092  grad_norm: 2.5176  loss: 0.1382  decode.loss_ce: 0.0944  decode.acc_seg: 97.8042  aux.loss_ce: 0.0439  aux.acc_seg: 97.0207
2025/06/15 18:48:42 - mmengine - INFO - Exp name: U-Net_MobileMamba_20250615_174141
2025/06/15 18:48:42 - mmengine - INFO - Iter(train) [32000/80000]  base_lr: 1.2000e-04 lr: 1.2000e-04  eta: 1:39:00  time: 0.1297  data_time: 0.0075  memory: 1092  grad_norm: 1.3649  loss: 0.0995  decode.loss_ce: 0.0673  decode.acc_seg: 98.3590  aux.loss_ce: 0.0322  aux.acc_seg: 98.5022
2025/06/15 18:48:42 - mmengine - INFO - Saving checkpoint at 32000 iterations
2025/06/15 18:48:43 - mmengine - INFO - Iter(val) [  50/1000]    eta: 0:00:18  time: 0.0173  data_time: 0.0012  memory: 369  
2025/06/15 18:48:44 - mmengine - INFO - Iter(val) [ 100/1000]    eta: 0:00:16  time: 0.0174  data_time: 0.0013  memory: 369  
2025/06/15 18:48:45 - mmengine - INFO - Iter(val) [ 150/1000]    eta: 0:00:15  time: 0.0174  data_time: 0.0013  memory: 369  
2025/06/15 18:48:46 - mmengine - INFO - Iter(val) [ 200/1000]    eta: 0:00:14  time: 0.0178  data_time: 0.0014  memory: 369  
2025/06/15 18:48:47 - mmengine - INFO - Iter(val) [ 250/1000]    eta: 0:00:13  time: 0.0180  data_time: 0.0015  memory: 369  
2025/06/15 18:48:48 - mmengine - INFO - Iter(val) [ 300/1000]    eta: 0:00:12  time: 0.0174  data_time: 0.0013  memory: 369  
2025/06/15 18:48:49 - mmengine - INFO - Iter(val) [ 350/1000]    eta: 0:00:11  time: 0.0174  data_time: 0.0013  memory: 368  
2025/06/15 18:48:50 - mmengine - INFO - Iter(val) [ 400/1000]    eta: 0:00:10  time: 0.0177  data_time: 0.0013  memory: 367  
2025/06/15 18:48:50 - mmengine - INFO - Iter(val) [ 450/1000]    eta: 0:00:09  time: 0.0184  data_time: 0.0016  memory: 369  
2025/06/15 18:48:51 - mmengine - INFO - Iter(val) [ 500/1000]    eta: 0:00:08  time: 0.0178  data_time: 0.0014  memory: 360  
2025/06/15 18:48:52 - mmengine - INFO - Iter(val) [ 550/1000]    eta: 0:00:08  time: 0.0177  data_time: 0.0013  memory: 360  
2025/06/15 18:48:53 - mmengine - INFO - Iter(val) [ 600/1000]    eta: 0:00:07  time: 0.0181  data_time: 0.0015  memory: 369  
2025/06/15 18:48:54 - mmengine - INFO - Iter(val) [ 650/1000]    eta: 0:00:06  time: 0.0178  data_time: 0.0014  memory: 360  
2025/06/15 18:48:55 - mmengine - INFO - Iter(val) [ 700/1000]    eta: 0:00:05  time: 0.0179  data_time: 0.0015  memory: 360  
2025/06/15 18:48:56 - mmengine - INFO - Iter(val) [ 750/1000]    eta: 0:00:04  time: 0.0175  data_time: 0.0013  memory: 360  
2025/06/15 18:48:57 - mmengine - INFO - Iter(val) [ 800/1000]    eta: 0:00:03  time: 0.0174  data_time: 0.0013  memory: 367  
2025/06/15 18:48:58 - mmengine - INFO - Iter(val) [ 850/1000]    eta: 0:00:02  time: 0.0179  data_time: 0.0016  memory: 369  
2025/06/15 18:48:58 - mmengine - INFO - Iter(val) [ 900/1000]    eta: 0:00:01  time: 0.0179  data_time: 0.0016  memory: 369  
2025/06/15 18:48:59 - mmengine - INFO - Iter(val) [ 950/1000]    eta: 0:00:00  time: 0.0177  data_time: 0.0015  memory: 367  
2025/06/15 18:49:00 - mmengine - INFO - Iter(val) [1000/1000]    eta: 0:00:00  time: 0.0178  data_time: 0.0015  memory: 373  
2025/06/15 18:49:00 - mmengine - INFO - per class results:
2025/06/15 18:49:00 - mmengine - INFO - 
+------------+-------+-------+
|   Class    |  IoU  |  Acc  |
+------------+-------+-------+
| background | 97.84 | 98.56 |
|   polyp    |  88.7 | 95.88 |
+------------+-------+-------+
2025/06/15 18:49:00 - mmengine - INFO - Iter(val) [1000/1000]    aAcc: 98.1500  mIoU: 93.2700  mAcc: 97.2200  data_time: 0.0015  time: 0.0178
2025/06/15 18:49:07 - mmengine - INFO - Iter(train) [32050/80000]  base_lr: 1.2000e-04 lr: 1.2000e-04  eta: 1:38:55  time: 0.1258  data_time: 0.0075  memory: 1092  grad_norm: 5.7389  loss: 0.1660  decode.loss_ce: 0.1120  decode.acc_seg: 97.9233  aux.loss_ce: 0.0540  aux.acc_seg: 97.7614
2025/06/15 18:49:13 - mmengine - INFO - Iter(train) [32100/80000]  base_lr: 1.2000e-04 lr: 1.2000e-04  eta: 1:38:49  time: 0.1451  data_time: 0.0128  memory: 1092  grad_norm: 3.2276  loss: 0.1193  decode.loss_ce: 0.0810  decode.acc_seg: 98.4879  aux.loss_ce: 0.0383  aux.acc_seg: 98.6195
2025/06/15 18:49:20 - mmengine - INFO - Iter(train) [32150/80000]  base_lr: 1.2000e-04 lr: 1.2000e-04  eta: 1:38:43  time: 0.1202  data_time: 0.0074  memory: 1092  grad_norm: 7.1131  loss: 0.1871  decode.loss_ce: 0.1253  decode.acc_seg: 97.8598  aux.loss_ce: 0.0619  aux.acc_seg: 97.7918
2025/06/15 18:49:25 - mmengine - INFO - Iter(train) [32200/80000]  base_lr: 1.2000e-04 lr: 1.2000e-04  eta: 1:38:36  time: 0.1108  data_time: 0.0074  memory: 1092  grad_norm: 2.5879  loss: 0.0883  decode.loss_ce: 0.0605  decode.acc_seg: 98.6481  aux.loss_ce: 0.0278  aux.acc_seg: 98.7216
2025/06/15 18:49:31 - mmengine - INFO - Iter(train) [32250/80000]  base_lr: 1.2000e-04 lr: 1.2000e-04  eta: 1:38:29  time: 0.1263  data_time: 0.0075  memory: 1092  grad_norm: 2.0185  loss: 0.0736  decode.loss_ce: 0.0490  decode.acc_seg: 98.2870  aux.loss_ce: 0.0246  aux.acc_seg: 98.1315
2025/06/15 18:49:37 - mmengine - INFO - Iter(train) [32300/80000]  base_lr: 1.2000e-04 lr: 1.2000e-04  eta: 1:38:23  time: 0.1246  data_time: 0.0073  memory: 1092  grad_norm: 4.1025  loss: 0.1058  decode.loss_ce: 0.0662  decode.acc_seg: 98.0154  aux.loss_ce: 0.0396  aux.acc_seg: 98.1478
2025/06/15 18:49:44 - mmengine - INFO - Iter(train) [32350/80000]  base_lr: 1.2000e-04 lr: 1.2000e-04  eta: 1:38:18  time: 0.1487  data_time: 0.0103  memory: 1092  grad_norm: 6.9951  loss: 0.2035  decode.loss_ce: 0.1463  decode.acc_seg: 98.1330  aux.loss_ce: 0.0572  aux.acc_seg: 97.9917
2025/06/15 18:49:50 - mmengine - INFO - Iter(train) [32400/80000]  base_lr: 1.2000e-04 lr: 1.2000e-04  eta: 1:38:12  time: 0.1258  data_time: 0.0077  memory: 1092  grad_norm: 2.7367  loss: 0.0888  decode.loss_ce: 0.0604  decode.acc_seg: 98.4200  aux.loss_ce: 0.0284  aux.acc_seg: 97.0037
2025/06/15 18:49:57 - mmengine - INFO - Iter(train) [32450/80000]  base_lr: 1.2000e-04 lr: 1.2000e-04  eta: 1:38:06  time: 0.1274  data_time: 0.0078  memory: 1092  grad_norm: 4.0354  loss: 0.2083  decode.loss_ce: 0.1491  decode.acc_seg: 97.5693  aux.loss_ce: 0.0592  aux.acc_seg: 96.5197
2025/06/15 18:50:03 - mmengine - INFO - Iter(train) [32500/80000]  base_lr: 1.2000e-04 lr: 1.2000e-04  eta: 1:38:00  time: 0.1256  data_time: 0.0074  memory: 1092  grad_norm: 4.1771  loss: 0.1511  decode.loss_ce: 0.0966  decode.acc_seg: 94.5465  aux.loss_ce: 0.0545  aux.acc_seg: 94.3034
2025/06/15 18:50:09 - mmengine - INFO - Iter(train) [32550/80000]  base_lr: 1.2000e-04 lr: 1.2000e-04  eta: 1:37:54  time: 0.1249  data_time: 0.0075  memory: 1092  grad_norm: 4.7701  loss: 0.1427  decode.loss_ce: 0.0952  decode.acc_seg: 91.7757  aux.loss_ce: 0.0475  aux.acc_seg: 90.7051
2025/06/15 18:50:15 - mmengine - INFO - Iter(train) [32600/80000]  base_lr: 1.2000e-04 lr: 1.2000e-04  eta: 1:37:48  time: 0.1264  data_time: 0.0074  memory: 1092  grad_norm: 10.1059  loss: 0.2513  decode.loss_ce: 0.1685  decode.acc_seg: 97.4977  aux.loss_ce: 0.0828  aux.acc_seg: 97.3893
2025/06/15 18:50:22 - mmengine - INFO - Iter(train) [32650/80000]  base_lr: 1.2000e-04 lr: 1.2000e-04  eta: 1:37:42  time: 0.1223  data_time: 0.0079  memory: 1092  grad_norm: 5.1382  loss: 0.1392  decode.loss_ce: 0.0920  decode.acc_seg: 96.8198  aux.loss_ce: 0.0472  aux.acc_seg: 96.5153
2025/06/15 18:50:28 - mmengine - INFO - Iter(train) [32700/80000]  base_lr: 1.2000e-04 lr: 1.2000e-04  eta: 1:37:36  time: 0.1265  data_time: 0.0076  memory: 1092  grad_norm: 7.3855  loss: 0.1566  decode.loss_ce: 0.1102  decode.acc_seg: 91.2354  aux.loss_ce: 0.0464  aux.acc_seg: 91.1031
2025/06/15 18:50:35 - mmengine - INFO - Iter(train) [32750/80000]  base_lr: 1.2000e-04 lr: 1.2000e-04  eta: 1:37:30  time: 0.1266  data_time: 0.0077  memory: 1092  grad_norm: 2.2293  loss: 0.0860  decode.loss_ce: 0.0571  decode.acc_seg: 98.3871  aux.loss_ce: 0.0289  aux.acc_seg: 98.0481
2025/06/15 18:50:41 - mmengine - INFO - Iter(train) [32800/80000]  base_lr: 1.2000e-04 lr: 1.2000e-04  eta: 1:37:24  time: 0.1241  data_time: 0.0074  memory: 1092  grad_norm: 3.3709  loss: 0.1367  decode.loss_ce: 0.0910  decode.acc_seg: 98.0559  aux.loss_ce: 0.0458  aux.acc_seg: 98.0759
2025/06/15 18:50:47 - mmengine - INFO - Iter(train) [32850/80000]  base_lr: 1.2000e-04 lr: 1.2000e-04  eta: 1:37:18  time: 0.1163  data_time: 0.0073  memory: 1092  grad_norm: 3.8537  loss: 0.1556  decode.loss_ce: 0.1082  decode.acc_seg: 96.3404  aux.loss_ce: 0.0473  aux.acc_seg: 96.8626
2025/06/15 18:50:54 - mmengine - INFO - Iter(train) [32900/80000]  base_lr: 1.2000e-04 lr: 1.2000e-04  eta: 1:37:12  time: 0.1301  data_time: 0.0075  memory: 1092  grad_norm: 4.1807  loss: 0.1167  decode.loss_ce: 0.0770  decode.acc_seg: 97.0802  aux.loss_ce: 0.0397  aux.acc_seg: 97.1582
2025/06/15 18:51:00 - mmengine - INFO - Iter(train) [32950/80000]  base_lr: 1.2000e-04 lr: 1.2000e-04  eta: 1:37:06  time: 0.1248  data_time: 0.0075  memory: 1092  grad_norm: 7.0294  loss: 0.2327  decode.loss_ce: 0.1514  decode.acc_seg: 98.2291  aux.loss_ce: 0.0813  aux.acc_seg: 98.3360
2025/06/15 18:51:07 - mmengine - INFO - Exp name: U-Net_MobileMamba_20250615_174141
2025/06/15 18:51:07 - mmengine - INFO - Iter(train) [33000/80000]  base_lr: 1.2000e-04 lr: 1.2000e-04  eta: 1:37:01  time: 0.1266  data_time: 0.0077  memory: 1092  grad_norm: 2.0904  loss: 0.0853  decode.loss_ce: 0.0578  decode.acc_seg: 97.4067  aux.loss_ce: 0.0275  aux.acc_seg: 96.4082
2025/06/15 18:51:13 - mmengine - INFO - Iter(train) [33050/80000]  base_lr: 1.2000e-04 lr: 1.2000e-04  eta: 1:36:55  time: 0.1266  data_time: 0.0077  memory: 1092  grad_norm: 16.1365  loss: 0.2111  decode.loss_ce: 0.1538  decode.acc_seg: 92.2304  aux.loss_ce: 0.0573  aux.acc_seg: 92.2270
2025/06/15 18:51:19 - mmengine - INFO - Iter(train) [33100/80000]  base_lr: 1.2000e-04 lr: 1.2000e-04  eta: 1:36:48  time: 0.1267  data_time: 0.0077  memory: 1092  grad_norm: 2.1738  loss: 0.0847  decode.loss_ce: 0.0578  decode.acc_seg: 95.3840  aux.loss_ce: 0.0270  aux.acc_seg: 95.9889
2025/06/15 18:51:26 - mmengine - INFO - Iter(train) [33150/80000]  base_lr: 1.2000e-04 lr: 1.2000e-04  eta: 1:36:43  time: 0.1281  data_time: 0.0076  memory: 1092  grad_norm: 4.6128  loss: 0.1196  decode.loss_ce: 0.0727  decode.acc_seg: 92.4149  aux.loss_ce: 0.0469  aux.acc_seg: 87.1865
2025/06/15 18:51:32 - mmengine - INFO - Iter(train) [33200/80000]  base_lr: 1.2000e-04 lr: 1.2000e-04  eta: 1:36:37  time: 0.1250  data_time: 0.0073  memory: 1092  grad_norm: 5.7154  loss: 0.2271  decode.loss_ce: 0.1443  decode.acc_seg: 97.9801  aux.loss_ce: 0.0827  aux.acc_seg: 97.1149
2025/06/15 18:51:39 - mmengine - INFO - Iter(train) [33250/80000]  base_lr: 1.2000e-04 lr: 1.2000e-04  eta: 1:36:31  time: 0.1244  data_time: 0.0074  memory: 1092  grad_norm: 5.2092  loss: 0.1570  decode.loss_ce: 0.1012  decode.acc_seg: 96.1492  aux.loss_ce: 0.0559  aux.acc_seg: 95.5327
2025/06/15 18:51:45 - mmengine - INFO - Iter(train) [33300/80000]  base_lr: 1.2000e-04 lr: 1.2000e-04  eta: 1:36:25  time: 0.1259  data_time: 0.0075  memory: 1092  grad_norm: 5.6671  loss: 0.2149  decode.loss_ce: 0.1521  decode.acc_seg: 95.0357  aux.loss_ce: 0.0628  aux.acc_seg: 95.0540
2025/06/15 18:51:51 - mmengine - INFO - Iter(train) [33350/80000]  base_lr: 1.2000e-04 lr: 1.2000e-04  eta: 1:36:18  time: 0.1254  data_time: 0.0077  memory: 1092  grad_norm: 5.4732  loss: 0.1844  decode.loss_ce: 0.1317  decode.acc_seg: 98.6005  aux.loss_ce: 0.0527  aux.acc_seg: 98.1291
2025/06/15 18:51:57 - mmengine - INFO - Iter(train) [33400/80000]  base_lr: 1.2000e-04 lr: 1.2000e-04  eta: 1:36:12  time: 0.1247  data_time: 0.0075  memory: 1092  grad_norm: 5.0364  loss: 0.1396  decode.loss_ce: 0.0909  decode.acc_seg: 94.8803  aux.loss_ce: 0.0487  aux.acc_seg: 94.8882
2025/06/15 18:52:04 - mmengine - INFO - Iter(train) [33450/80000]  base_lr: 1.2000e-04 lr: 1.2000e-04  eta: 1:36:07  time: 0.1269  data_time: 0.0073  memory: 1092  grad_norm: 4.3339  loss: 0.0874  decode.loss_ce: 0.0594  decode.acc_seg: 98.8270  aux.loss_ce: 0.0281  aux.acc_seg: 98.9459
2025/06/15 18:52:10 - mmengine - INFO - Iter(train) [33500/80000]  base_lr: 1.2000e-04 lr: 1.2000e-04  eta: 1:36:01  time: 0.1259  data_time: 0.0074  memory: 1092  grad_norm: 2.8603  loss: 0.1158  decode.loss_ce: 0.0762  decode.acc_seg: 95.8137  aux.loss_ce: 0.0396  aux.acc_seg: 92.0696
2025/06/15 18:52:17 - mmengine - INFO - Iter(train) [33550/80000]  base_lr: 1.2000e-04 lr: 1.2000e-04  eta: 1:35:55  time: 0.1253  data_time: 0.0068  memory: 1092  grad_norm: 3.3849  loss: 0.1413  decode.loss_ce: 0.0871  decode.acc_seg: 96.8288  aux.loss_ce: 0.0542  aux.acc_seg: 95.6931
2025/06/15 18:52:23 - mmengine - INFO - Iter(train) [33600/80000]  base_lr: 1.2000e-04 lr: 1.2000e-04  eta: 1:35:49  time: 0.1300  data_time: 0.0101  memory: 1092  grad_norm: 2.8437  loss: 0.0990  decode.loss_ce: 0.0673  decode.acc_seg: 94.7821  aux.loss_ce: 0.0317  aux.acc_seg: 92.9695
2025/06/15 18:52:29 - mmengine - INFO - Iter(train) [33650/80000]  base_lr: 1.2000e-04 lr: 1.2000e-04  eta: 1:35:43  time: 0.1269  data_time: 0.0093  memory: 1092  grad_norm: 5.4801  loss: 0.1369  decode.loss_ce: 0.0843  decode.acc_seg: 96.0725  aux.loss_ce: 0.0525  aux.acc_seg: 95.3674
2025/06/15 18:52:36 - mmengine - INFO - Iter(train) [33700/80000]  base_lr: 1.2000e-04 lr: 1.2000e-04  eta: 1:35:37  time: 0.1289  data_time: 0.0112  memory: 1092  grad_norm: 1.3962  loss: 0.0678  decode.loss_ce: 0.0474  decode.acc_seg: 98.8637  aux.loss_ce: 0.0204  aux.acc_seg: 99.0976
2025/06/15 18:52:42 - mmengine - INFO - Iter(train) [33750/80000]  base_lr: 1.2000e-04 lr: 1.2000e-04  eta: 1:35:31  time: 0.1222  data_time: 0.0103  memory: 1092  grad_norm: 3.8468  loss: 0.1062  decode.loss_ce: 0.0724  decode.acc_seg: 95.3517  aux.loss_ce: 0.0338  aux.acc_seg: 94.5489
2025/06/15 18:52:49 - mmengine - INFO - Iter(train) [33800/80000]  base_lr: 1.2000e-04 lr: 1.2000e-04  eta: 1:35:25  time: 0.1305  data_time: 0.0112  memory: 1092  grad_norm: 4.1792  loss: 0.1478  decode.loss_ce: 0.1010  decode.acc_seg: 98.0299  aux.loss_ce: 0.0467  aux.acc_seg: 96.0503
2025/06/15 18:52:55 - mmengine - INFO - Iter(train) [33850/80000]  base_lr: 1.2000e-04 lr: 1.2000e-04  eta: 1:35:19  time: 0.1295  data_time: 0.0089  memory: 1092  grad_norm: 5.5865  loss: 0.1248  decode.loss_ce: 0.0827  decode.acc_seg: 97.7782  aux.loss_ce: 0.0421  aux.acc_seg: 97.7131
2025/06/15 18:53:02 - mmengine - INFO - Iter(train) [33900/80000]  base_lr: 1.2000e-04 lr: 1.2000e-04  eta: 1:35:14  time: 0.1257  data_time: 0.0088  memory: 1092  grad_norm: 2.5874  loss: 0.1126  decode.loss_ce: 0.0759  decode.acc_seg: 96.8338  aux.loss_ce: 0.0367  aux.acc_seg: 90.4902
2025/06/15 18:53:08 - mmengine - INFO - Iter(train) [33950/80000]  base_lr: 1.2000e-04 lr: 1.2000e-04  eta: 1:35:08  time: 0.1267  data_time: 0.0073  memory: 1092  grad_norm: 3.3994  loss: 0.1163  decode.loss_ce: 0.0801  decode.acc_seg: 98.6915  aux.loss_ce: 0.0362  aux.acc_seg: 98.8363
2025/06/15 18:53:14 - mmengine - INFO - Exp name: U-Net_MobileMamba_20250615_174141
2025/06/15 18:53:14 - mmengine - INFO - Iter(train) [34000/80000]  base_lr: 1.2000e-04 lr: 1.2000e-04  eta: 1:35:01  time: 0.1259  data_time: 0.0072  memory: 1092  grad_norm: 3.8038  loss: 0.1112  decode.loss_ce: 0.0779  decode.acc_seg: 98.5504  aux.loss_ce: 0.0333  aux.acc_seg: 98.6742
2025/06/15 18:53:20 - mmengine - INFO - Iter(train) [34050/80000]  base_lr: 1.2000e-04 lr: 1.2000e-04  eta: 1:34:55  time: 0.1252  data_time: 0.0072  memory: 1092  grad_norm: 2.6952  loss: 0.0993  decode.loss_ce: 0.0699  decode.acc_seg: 97.7607  aux.loss_ce: 0.0294  aux.acc_seg: 97.8992
2025/06/15 18:53:27 - mmengine - INFO - Iter(train) [34100/80000]  base_lr: 1.2000e-04 lr: 1.2000e-04  eta: 1:34:49  time: 0.1252  data_time: 0.0075  memory: 1092  grad_norm: 1.7693  loss: 0.0877  decode.loss_ce: 0.0624  decode.acc_seg: 98.8194  aux.loss_ce: 0.0253  aux.acc_seg: 99.1568
2025/06/15 18:53:33 - mmengine - INFO - Iter(train) [34150/80000]  base_lr: 1.2000e-04 lr: 1.2000e-04  eta: 1:34:43  time: 0.1257  data_time: 0.0074  memory: 1092  grad_norm: 8.8627  loss: 0.2004  decode.loss_ce: 0.1342  decode.acc_seg: 72.8924  aux.loss_ce: 0.0662  aux.acc_seg: 78.5406
2025/06/15 18:53:39 - mmengine - INFO - Iter(train) [34200/80000]  base_lr: 1.2000e-04 lr: 1.2000e-04  eta: 1:34:37  time: 0.1245  data_time: 0.0072  memory: 1092  grad_norm: 6.5185  loss: 0.1295  decode.loss_ce: 0.0851  decode.acc_seg: 97.5587  aux.loss_ce: 0.0444  aux.acc_seg: 96.5738
2025/06/15 18:53:45 - mmengine - INFO - Iter(train) [34250/80000]  base_lr: 1.2000e-04 lr: 1.2000e-04  eta: 1:34:31  time: 0.1259  data_time: 0.0072  memory: 1092  grad_norm: 5.2389  loss: 0.1106  decode.loss_ce: 0.0752  decode.acc_seg: 94.8762  aux.loss_ce: 0.0354  aux.acc_seg: 94.7745
2025/06/15 18:53:52 - mmengine - INFO - Iter(train) [34300/80000]  base_lr: 1.2000e-04 lr: 1.2000e-04  eta: 1:34:25  time: 0.1265  data_time: 0.0075  memory: 1092  grad_norm: 1.7908  loss: 0.0911  decode.loss_ce: 0.0583  decode.acc_seg: 96.6682  aux.loss_ce: 0.0328  aux.acc_seg: 95.9900
2025/06/15 18:53:58 - mmengine - INFO - Iter(train) [34350/80000]  base_lr: 1.2000e-04 lr: 1.2000e-04  eta: 1:34:19  time: 0.1624  data_time: 0.0122  memory: 1092  grad_norm: 3.9215  loss: 0.1160  decode.loss_ce: 0.0748  decode.acc_seg: 97.7984  aux.loss_ce: 0.0413  aux.acc_seg: 96.0924
2025/06/15 18:54:05 - mmengine - INFO - Iter(train) [34400/80000]  base_lr: 1.2000e-04 lr: 1.2000e-04  eta: 1:34:13  time: 0.1250  data_time: 0.0070  memory: 1092  grad_norm: 2.3196  loss: 0.0979  decode.loss_ce: 0.0668  decode.acc_seg: 97.7508  aux.loss_ce: 0.0311  aux.acc_seg: 97.7835
2025/06/15 18:54:11 - mmengine - INFO - Iter(train) [34450/80000]  base_lr: 1.2000e-04 lr: 1.2000e-04  eta: 1:34:07  time: 0.1266  data_time: 0.0077  memory: 1092  grad_norm: 7.1429  loss: 0.1670  decode.loss_ce: 0.1229  decode.acc_seg: 93.4654  aux.loss_ce: 0.0441  aux.acc_seg: 95.0863
2025/06/15 18:54:17 - mmengine - INFO - Iter(train) [34500/80000]  base_lr: 1.2000e-04 lr: 1.2000e-04  eta: 1:34:01  time: 0.1246  data_time: 0.0073  memory: 1092  grad_norm: 6.7276  loss: 0.1296  decode.loss_ce: 0.0914  decode.acc_seg: 98.2418  aux.loss_ce: 0.0382  aux.acc_seg: 98.0063
2025/06/15 18:54:24 - mmengine - INFO - Iter(train) [34550/80000]  base_lr: 1.2000e-04 lr: 1.2000e-04  eta: 1:33:55  time: 0.1243  data_time: 0.0072  memory: 1092  grad_norm: 4.9165  loss: 0.1686  decode.loss_ce: 0.1264  decode.acc_seg: 89.0175  aux.loss_ce: 0.0421  aux.acc_seg: 92.5629
2025/06/15 18:54:30 - mmengine - INFO - Iter(train) [34600/80000]  base_lr: 1.2000e-04 lr: 1.2000e-04  eta: 1:33:49  time: 0.1257  data_time: 0.0075  memory: 1092  grad_norm: 5.0646  loss: 0.1199  decode.loss_ce: 0.0791  decode.acc_seg: 94.9827  aux.loss_ce: 0.0408  aux.acc_seg: 95.5984
2025/06/15 18:54:37 - mmengine - INFO - Iter(train) [34650/80000]  base_lr: 1.2000e-04 lr: 1.2000e-04  eta: 1:33:43  time: 0.1300  data_time: 0.0090  memory: 1092  grad_norm: 5.0444  loss: 0.1141  decode.loss_ce: 0.0742  decode.acc_seg: 97.1802  aux.loss_ce: 0.0399  aux.acc_seg: 93.7850
2025/06/15 18:54:43 - mmengine - INFO - Iter(train) [34700/80000]  base_lr: 1.2000e-04 lr: 1.2000e-04  eta: 1:33:37  time: 0.1261  data_time: 0.0075  memory: 1092  grad_norm: 7.3784  loss: 0.1124  decode.loss_ce: 0.0785  decode.acc_seg: 96.7644  aux.loss_ce: 0.0339  aux.acc_seg: 94.0867
2025/06/15 18:54:49 - mmengine - INFO - Iter(train) [34750/80000]  base_lr: 1.2000e-04 lr: 1.2000e-04  eta: 1:33:31  time: 0.1259  data_time: 0.0072  memory: 1092  grad_norm: 3.7162  loss: 0.1198  decode.loss_ce: 0.0846  decode.acc_seg: 93.4318  aux.loss_ce: 0.0352  aux.acc_seg: 94.4439
2025/06/15 18:54:56 - mmengine - INFO - Iter(train) [34800/80000]  base_lr: 1.2000e-04 lr: 1.2000e-04  eta: 1:33:25  time: 0.1283  data_time: 0.0077  memory: 1092  grad_norm: 5.3809  loss: 0.1104  decode.loss_ce: 0.0742  decode.acc_seg: 96.6837  aux.loss_ce: 0.0362  aux.acc_seg: 96.4397
2025/06/15 18:55:02 - mmengine - INFO - Iter(train) [34850/80000]  base_lr: 1.2000e-04 lr: 1.2000e-04  eta: 1:33:19  time: 0.1254  data_time: 0.0074  memory: 1092  grad_norm: 7.4650  loss: 0.1268  decode.loss_ce: 0.0899  decode.acc_seg: 98.3925  aux.loss_ce: 0.0369  aux.acc_seg: 98.5244
2025/06/15 18:55:09 - mmengine - INFO - Iter(train) [34900/80000]  base_lr: 1.2000e-04 lr: 1.2000e-04  eta: 1:33:14  time: 0.1263  data_time: 0.0073  memory: 1092  grad_norm: 3.5299  loss: 0.1593  decode.loss_ce: 0.1149  decode.acc_seg: 98.2473  aux.loss_ce: 0.0443  aux.acc_seg: 98.4031
2025/06/15 18:55:15 - mmengine - INFO - Iter(train) [34950/80000]  base_lr: 1.2000e-04 lr: 1.2000e-04  eta: 1:33:07  time: 0.1251  data_time: 0.0074  memory: 1092  grad_norm: 7.3877  loss: 0.1379  decode.loss_ce: 0.0910  decode.acc_seg: 97.1524  aux.loss_ce: 0.0468  aux.acc_seg: 97.4473
2025/06/15 18:55:21 - mmengine - INFO - Exp name: U-Net_MobileMamba_20250615_174141
2025/06/15 18:55:21 - mmengine - INFO - Iter(train) [35000/80000]  base_lr: 1.2000e-04 lr: 1.2000e-04  eta: 1:33:01  time: 0.1250  data_time: 0.0075  memory: 1092  grad_norm: 4.3293  loss: 0.0899  decode.loss_ce: 0.0574  decode.acc_seg: 98.5268  aux.loss_ce: 0.0325  aux.acc_seg: 98.4545
2025/06/15 18:55:27 - mmengine - INFO - Iter(train) [35050/80000]  base_lr: 1.2000e-04 lr: 1.2000e-04  eta: 1:32:55  time: 0.1250  data_time: 0.0072  memory: 1092  grad_norm: 5.2366  loss: 0.1127  decode.loss_ce: 0.0713  decode.acc_seg: 98.6500  aux.loss_ce: 0.0414  aux.acc_seg: 98.7000
2025/06/15 18:55:33 - mmengine - INFO - Iter(train) [35100/80000]  base_lr: 1.2000e-04 lr: 1.2000e-04  eta: 1:32:49  time: 0.1203  data_time: 0.0074  memory: 1092  grad_norm: 2.5657  loss: 0.1037  decode.loss_ce: 0.0690  decode.acc_seg: 98.0082  aux.loss_ce: 0.0347  aux.acc_seg: 98.1606
2025/06/15 18:55:39 - mmengine - INFO - Iter(train) [35150/80000]  base_lr: 1.2000e-04 lr: 1.2000e-04  eta: 1:32:42  time: 0.1167  data_time: 0.0070  memory: 1092  grad_norm: 3.1698  loss: 0.0870  decode.loss_ce: 0.0579  decode.acc_seg: 98.2388  aux.loss_ce: 0.0291  aux.acc_seg: 97.4973
2025/06/15 18:55:46 - mmengine - INFO - Iter(train) [35200/80000]  base_lr: 1.2000e-04 lr: 1.2000e-04  eta: 1:32:36  time: 0.1256  data_time: 0.0074  memory: 1092  grad_norm: 6.9342  loss: 0.1038  decode.loss_ce: 0.0755  decode.acc_seg: 98.9984  aux.loss_ce: 0.0283  aux.acc_seg: 98.9244
2025/06/15 18:55:52 - mmengine - INFO - Iter(train) [35250/80000]  base_lr: 1.2000e-04 lr: 1.2000e-04  eta: 1:32:30  time: 0.1238  data_time: 0.0068  memory: 1092  grad_norm: 1.8165  loss: 0.1531  decode.loss_ce: 0.1143  decode.acc_seg: 97.3651  aux.loss_ce: 0.0388  aux.acc_seg: 96.1591
2025/06/15 18:55:58 - mmengine - INFO - Iter(train) [35300/80000]  base_lr: 1.2000e-04 lr: 1.2000e-04  eta: 1:32:24  time: 0.1228  data_time: 0.0073  memory: 1092  grad_norm: 5.6555  loss: 0.1199  decode.loss_ce: 0.0834  decode.acc_seg: 97.3713  aux.loss_ce: 0.0365  aux.acc_seg: 97.6089
2025/06/15 18:56:05 - mmengine - INFO - Iter(train) [35350/80000]  base_lr: 1.2000e-04 lr: 1.2000e-04  eta: 1:32:18  time: 0.1247  data_time: 0.0074  memory: 1092  grad_norm: 4.1296  loss: 0.1423  decode.loss_ce: 0.0887  decode.acc_seg: 97.7540  aux.loss_ce: 0.0537  aux.acc_seg: 97.3804
2025/06/15 18:56:11 - mmengine - INFO - Iter(train) [35400/80000]  base_lr: 1.2000e-04 lr: 1.2000e-04  eta: 1:32:12  time: 0.1254  data_time: 0.0072  memory: 1092  grad_norm: 2.7320  loss: 0.0760  decode.loss_ce: 0.0490  decode.acc_seg: 97.0605  aux.loss_ce: 0.0269  aux.acc_seg: 95.6741
2025/06/15 18:56:18 - mmengine - INFO - Iter(train) [35450/80000]  base_lr: 1.2000e-04 lr: 1.2000e-04  eta: 1:32:06  time: 0.1286  data_time: 0.0075  memory: 1092  grad_norm: 6.5697  loss: 0.1919  decode.loss_ce: 0.1357  decode.acc_seg: 94.0798  aux.loss_ce: 0.0562  aux.acc_seg: 94.7696
2025/06/15 18:56:24 - mmengine - INFO - Iter(train) [35500/80000]  base_lr: 1.2000e-04 lr: 1.2000e-04  eta: 1:32:00  time: 0.1266  data_time: 0.0073  memory: 1092  grad_norm: 1.4696  loss: 0.0847  decode.loss_ce: 0.0571  decode.acc_seg: 97.5251  aux.loss_ce: 0.0276  aux.acc_seg: 97.2968
2025/06/15 18:56:30 - mmengine - INFO - Iter(train) [35550/80000]  base_lr: 1.2000e-04 lr: 1.2000e-04  eta: 1:31:54  time: 0.1256  data_time: 0.0070  memory: 1092  grad_norm: 9.8506  loss: 0.1353  decode.loss_ce: 0.0976  decode.acc_seg: 94.3519  aux.loss_ce: 0.0377  aux.acc_seg: 92.4733
2025/06/15 18:56:37 - mmengine - INFO - Iter(train) [35600/80000]  base_lr: 1.2000e-04 lr: 1.2000e-04  eta: 1:31:48  time: 0.1249  data_time: 0.0069  memory: 1092  grad_norm: 6.2403  loss: 0.0985  decode.loss_ce: 0.0669  decode.acc_seg: 98.2281  aux.loss_ce: 0.0315  aux.acc_seg: 98.0916
2025/06/15 18:56:43 - mmengine - INFO - Iter(train) [35650/80000]  base_lr: 1.2000e-04 lr: 1.2000e-04  eta: 1:31:42  time: 0.1254  data_time: 0.0067  memory: 1092  grad_norm: 4.2083  loss: 0.1698  decode.loss_ce: 0.1167  decode.acc_seg: 97.5315  aux.loss_ce: 0.0531  aux.acc_seg: 90.8974
2025/06/15 18:56:49 - mmengine - INFO - Iter(train) [35700/80000]  base_lr: 1.2000e-04 lr: 1.2000e-04  eta: 1:31:36  time: 0.1205  data_time: 0.0069  memory: 1092  grad_norm: 2.5636  loss: 0.0893  decode.loss_ce: 0.0510  decode.acc_seg: 98.2729  aux.loss_ce: 0.0383  aux.acc_seg: 98.1835
2025/06/15 18:56:55 - mmengine - INFO - Iter(train) [35750/80000]  base_lr: 1.2000e-04 lr: 1.2000e-04  eta: 1:31:29  time: 0.1112  data_time: 0.0070  memory: 1092  grad_norm: 6.3945  loss: 0.1400  decode.loss_ce: 0.0971  decode.acc_seg: 96.7000  aux.loss_ce: 0.0429  aux.acc_seg: 94.4434
2025/06/15 18:57:01 - mmengine - INFO - Iter(train) [35800/80000]  base_lr: 1.2000e-04 lr: 1.2000e-04  eta: 1:31:23  time: 0.1244  data_time: 0.0070  memory: 1092  grad_norm: 3.2035  loss: 0.0880  decode.loss_ce: 0.0573  decode.acc_seg: 98.4606  aux.loss_ce: 0.0307  aux.acc_seg: 98.2006
2025/06/15 18:57:07 - mmengine - INFO - Iter(train) [35850/80000]  base_lr: 1.2000e-04 lr: 1.2000e-04  eta: 1:31:17  time: 0.1245  data_time: 0.0068  memory: 1092  grad_norm: 3.3340  loss: 0.1492  decode.loss_ce: 0.0995  decode.acc_seg: 98.9499  aux.loss_ce: 0.0496  aux.acc_seg: 98.7718
2025/06/15 18:57:13 - mmengine - INFO - Iter(train) [35900/80000]  base_lr: 1.2000e-04 lr: 1.2000e-04  eta: 1:31:10  time: 0.1257  data_time: 0.0070  memory: 1092  grad_norm: 7.8057  loss: 0.1562  decode.loss_ce: 0.1116  decode.acc_seg: 97.3622  aux.loss_ce: 0.0446  aux.acc_seg: 97.2268
2025/06/15 18:57:20 - mmengine - INFO - Iter(train) [35950/80000]  base_lr: 1.2000e-04 lr: 1.2000e-04  eta: 1:31:04  time: 0.1257  data_time: 0.0071  memory: 1092  grad_norm: 3.5821  loss: 0.1256  decode.loss_ce: 0.0797  decode.acc_seg: 94.3314  aux.loss_ce: 0.0460  aux.acc_seg: 90.6100
2025/06/15 18:57:26 - mmengine - INFO - Exp name: U-Net_MobileMamba_20250615_174141
2025/06/15 18:57:26 - mmengine - INFO - Iter(train) [36000/80000]  base_lr: 1.2000e-04 lr: 1.2000e-04  eta: 1:30:58  time: 0.1236  data_time: 0.0075  memory: 1092  grad_norm: 2.7038  loss: 0.0931  decode.loss_ce: 0.0621  decode.acc_seg: 98.2758  aux.loss_ce: 0.0310  aux.acc_seg: 98.1675
2025/06/15 18:57:32 - mmengine - INFO - Iter(train) [36050/80000]  base_lr: 1.2000e-04 lr: 1.2000e-04  eta: 1:30:52  time: 0.1263  data_time: 0.0076  memory: 1092  grad_norm: 6.3290  loss: 0.2104  decode.loss_ce: 0.1422  decode.acc_seg: 97.4997  aux.loss_ce: 0.0682  aux.acc_seg: 94.8480
2025/06/15 18:57:39 - mmengine - INFO - Iter(train) [36100/80000]  base_lr: 1.2000e-04 lr: 1.2000e-04  eta: 1:30:46  time: 0.1245  data_time: 0.0075  memory: 1092  grad_norm: 2.5151  loss: 0.0784  decode.loss_ce: 0.0549  decode.acc_seg: 98.5436  aux.loss_ce: 0.0236  aux.acc_seg: 98.6012
2025/06/15 18:57:45 - mmengine - INFO - Iter(train) [36150/80000]  base_lr: 1.2000e-04 lr: 1.2000e-04  eta: 1:30:40  time: 0.1204  data_time: 0.0077  memory: 1092  grad_norm: 6.1019  loss: 0.0979  decode.loss_ce: 0.0646  decode.acc_seg: 98.3040  aux.loss_ce: 0.0334  aux.acc_seg: 98.1213
2025/06/15 18:57:51 - mmengine - INFO - Iter(train) [36200/80000]  base_lr: 1.2000e-04 lr: 1.2000e-04  eta: 1:30:34  time: 0.1240  data_time: 0.0072  memory: 1092  grad_norm: 7.9870  loss: 0.1766  decode.loss_ce: 0.1219  decode.acc_seg: 96.5405  aux.loss_ce: 0.0547  aux.acc_seg: 92.8048
2025/06/15 18:57:57 - mmengine - INFO - Iter(train) [36250/80000]  base_lr: 1.2000e-04 lr: 1.2000e-04  eta: 1:30:28  time: 0.1244  data_time: 0.0071  memory: 1092  grad_norm: 5.4596  loss: 0.1508  decode.loss_ce: 0.1020  decode.acc_seg: 93.0326  aux.loss_ce: 0.0488  aux.acc_seg: 90.5453
2025/06/15 18:58:04 - mmengine - INFO - Iter(train) [36300/80000]  base_lr: 1.2000e-04 lr: 1.2000e-04  eta: 1:30:21  time: 0.1221  data_time: 0.0071  memory: 1092  grad_norm: 1.6946  loss: 0.0683  decode.loss_ce: 0.0464  decode.acc_seg: 97.8703  aux.loss_ce: 0.0219  aux.acc_seg: 97.4371
2025/06/15 18:58:10 - mmengine - INFO - Iter(train) [36350/80000]  base_lr: 1.2000e-04 lr: 1.2000e-04  eta: 1:30:15  time: 0.1164  data_time: 0.0072  memory: 1092  grad_norm: 11.8219  loss: 0.1702  decode.loss_ce: 0.1181  decode.acc_seg: 96.9788  aux.loss_ce: 0.0521  aux.acc_seg: 93.5240
2025/06/15 18:58:16 - mmengine - INFO - Iter(train) [36400/80000]  base_lr: 1.2000e-04 lr: 1.2000e-04  eta: 1:30:09  time: 0.1234  data_time: 0.0076  memory: 1092  grad_norm: 8.7401  loss: 0.0955  decode.loss_ce: 0.0689  decode.acc_seg: 92.7266  aux.loss_ce: 0.0267  aux.acc_seg: 92.3342
2025/06/15 18:58:22 - mmengine - INFO - Iter(train) [36450/80000]  base_lr: 1.2000e-04 lr: 1.2000e-04  eta: 1:30:03  time: 0.1255  data_time: 0.0073  memory: 1092  grad_norm: 2.2239  loss: 0.1088  decode.loss_ce: 0.0735  decode.acc_seg: 98.9483  aux.loss_ce: 0.0353  aux.acc_seg: 99.0730
2025/06/15 18:58:29 - mmengine - INFO - Iter(train) [36500/80000]  base_lr: 1.2000e-04 lr: 1.2000e-04  eta: 1:29:57  time: 0.1250  data_time: 0.0073  memory: 1092  grad_norm: 3.7949  loss: 0.0973  decode.loss_ce: 0.0696  decode.acc_seg: 98.7404  aux.loss_ce: 0.0277  aux.acc_seg: 98.7591
2025/06/15 18:58:35 - mmengine - INFO - Iter(train) [36550/80000]  base_lr: 1.2000e-04 lr: 1.2000e-04  eta: 1:29:51  time: 0.1247  data_time: 0.0070  memory: 1092  grad_norm: 12.4860  loss: 0.2052  decode.loss_ce: 0.1344  decode.acc_seg: 89.0565  aux.loss_ce: 0.0708  aux.acc_seg: 88.6778
2025/06/15 18:58:42 - mmengine - INFO - Iter(train) [36600/80000]  base_lr: 1.2000e-04 lr: 1.2000e-04  eta: 1:29:45  time: 0.1541  data_time: 0.0097  memory: 1092  grad_norm: 5.8867  loss: 0.1299  decode.loss_ce: 0.0849  decode.acc_seg: 98.5352  aux.loss_ce: 0.0450  aux.acc_seg: 98.3724
2025/06/15 18:58:48 - mmengine - INFO - Iter(train) [36650/80000]  base_lr: 1.2000e-04 lr: 1.2000e-04  eta: 1:29:39  time: 0.1249  data_time: 0.0075  memory: 1092  grad_norm: 6.8484  loss: 0.3160  decode.loss_ce: 0.2264  decode.acc_seg: 98.7480  aux.loss_ce: 0.0896  aux.acc_seg: 98.6593
2025/06/15 18:58:54 - mmengine - INFO - Iter(train) [36700/80000]  base_lr: 1.2000e-04 lr: 1.2000e-04  eta: 1:29:33  time: 0.1241  data_time: 0.0072  memory: 1092  grad_norm: 6.3082  loss: 0.1513  decode.loss_ce: 0.0921  decode.acc_seg: 98.0224  aux.loss_ce: 0.0593  aux.acc_seg: 97.8751
2025/06/15 18:59:00 - mmengine - INFO - Iter(train) [36750/80000]  base_lr: 1.2000e-04 lr: 1.2000e-04  eta: 1:29:27  time: 0.1255  data_time: 0.0075  memory: 1092  grad_norm: 7.1895  loss: 0.1349  decode.loss_ce: 0.0920  decode.acc_seg: 98.9119  aux.loss_ce: 0.0428  aux.acc_seg: 98.7187
2025/06/15 18:59:07 - mmengine - INFO - Iter(train) [36800/80000]  base_lr: 1.2000e-04 lr: 1.2000e-04  eta: 1:29:20  time: 0.1240  data_time: 0.0075  memory: 1092  grad_norm: 4.0543  loss: 0.1063  decode.loss_ce: 0.0734  decode.acc_seg: 97.4490  aux.loss_ce: 0.0329  aux.acc_seg: 97.3407
2025/06/15 18:59:13 - mmengine - INFO - Iter(train) [36850/80000]  base_lr: 1.2000e-04 lr: 1.2000e-04  eta: 1:29:15  time: 0.1360  data_time: 0.0080  memory: 1092  grad_norm: 5.3139  loss: 0.0919  decode.loss_ce: 0.0645  decode.acc_seg: 99.0297  aux.loss_ce: 0.0275  aux.acc_seg: 98.8756
2025/06/15 18:59:20 - mmengine - INFO - Iter(train) [36900/80000]  base_lr: 1.2000e-04 lr: 1.2000e-04  eta: 1:29:09  time: 0.1248  data_time: 0.0075  memory: 1092  grad_norm: 2.8858  loss: 0.1207  decode.loss_ce: 0.0797  decode.acc_seg: 98.4190  aux.loss_ce: 0.0410  aux.acc_seg: 98.0784
2025/06/15 18:59:26 - mmengine - INFO - Iter(train) [36950/80000]  base_lr: 1.2000e-04 lr: 1.2000e-04  eta: 1:29:02  time: 0.1263  data_time: 0.0073  memory: 1092  grad_norm: 5.3860  loss: 0.1691  decode.loss_ce: 0.1213  decode.acc_seg: 95.5872  aux.loss_ce: 0.0478  aux.acc_seg: 96.9946
2025/06/15 18:59:32 - mmengine - INFO - Exp name: U-Net_MobileMamba_20250615_174141
2025/06/15 18:59:32 - mmengine - INFO - Iter(train) [37000/80000]  base_lr: 1.2000e-04 lr: 1.2000e-04  eta: 1:28:56  time: 0.1260  data_time: 0.0071  memory: 1092  grad_norm: 4.0687  loss: 0.0984  decode.loss_ce: 0.0641  decode.acc_seg: 98.9659  aux.loss_ce: 0.0343  aux.acc_seg: 98.9579
2025/06/15 18:59:38 - mmengine - INFO - Iter(train) [37050/80000]  base_lr: 1.2000e-04 lr: 1.2000e-04  eta: 1:28:50  time: 0.1263  data_time: 0.0077  memory: 1092  grad_norm: 6.5731  loss: 0.2729  decode.loss_ce: 0.2134  decode.acc_seg: 97.9914  aux.loss_ce: 0.0595  aux.acc_seg: 97.8721
2025/06/15 18:59:45 - mmengine - INFO - Iter(train) [37100/80000]  base_lr: 1.2000e-04 lr: 1.2000e-04  eta: 1:28:45  time: 0.1359  data_time: 0.0074  memory: 1092  grad_norm: 3.5973  loss: 0.0975  decode.loss_ce: 0.0686  decode.acc_seg: 95.5639  aux.loss_ce: 0.0289  aux.acc_seg: 96.3215
2025/06/15 18:59:52 - mmengine - INFO - Iter(train) [37150/80000]  base_lr: 1.2000e-04 lr: 1.2000e-04  eta: 1:28:39  time: 0.1250  data_time: 0.0073  memory: 1092  grad_norm: 4.5755  loss: 0.1253  decode.loss_ce: 0.0795  decode.acc_seg: 98.6788  aux.loss_ce: 0.0459  aux.acc_seg: 98.5786
2025/06/15 18:59:58 - mmengine - INFO - Iter(train) [37200/80000]  base_lr: 1.2000e-04 lr: 1.2000e-04  eta: 1:28:33  time: 0.1519  data_time: 0.0115  memory: 1092  grad_norm: 5.3129  loss: 0.1598  decode.loss_ce: 0.1087  decode.acc_seg: 95.7105  aux.loss_ce: 0.0510  aux.acc_seg: 96.0627
2025/06/15 19:00:05 - mmengine - INFO - Iter(train) [37250/80000]  base_lr: 1.2000e-04 lr: 1.2000e-04  eta: 1:28:27  time: 0.1245  data_time: 0.0079  memory: 1092  grad_norm: 2.1475  loss: 0.1071  decode.loss_ce: 0.0693  decode.acc_seg: 96.0493  aux.loss_ce: 0.0378  aux.acc_seg: 95.9609
2025/06/15 19:00:11 - mmengine - INFO - Iter(train) [37300/80000]  base_lr: 1.2000e-04 lr: 1.2000e-04  eta: 1:28:21  time: 0.1234  data_time: 0.0079  memory: 1092  grad_norm: 4.7261  loss: 0.1260  decode.loss_ce: 0.0786  decode.acc_seg: 97.7916  aux.loss_ce: 0.0473  aux.acc_seg: 96.0342
2025/06/15 19:00:17 - mmengine - INFO - Iter(train) [37350/80000]  base_lr: 1.2000e-04 lr: 1.2000e-04  eta: 1:28:15  time: 0.1251  data_time: 0.0077  memory: 1092  grad_norm: 7.1943  loss: 0.1690  decode.loss_ce: 0.1109  decode.acc_seg: 97.3644  aux.loss_ce: 0.0581  aux.acc_seg: 95.9108
2025/06/15 19:00:24 - mmengine - INFO - Iter(train) [37400/80000]  base_lr: 1.2000e-04 lr: 1.2000e-04  eta: 1:28:09  time: 0.1258  data_time: 0.0076  memory: 1092  grad_norm: 4.7691  loss: 0.2180  decode.loss_ce: 0.1475  decode.acc_seg: 98.2226  aux.loss_ce: 0.0705  aux.acc_seg: 98.1027
2025/06/15 19:00:30 - mmengine - INFO - Iter(train) [37450/80000]  base_lr: 1.2000e-04 lr: 1.2000e-04  eta: 1:28:03  time: 0.1528  data_time: 0.0121  memory: 1092  grad_norm: 3.5063  loss: 0.0869  decode.loss_ce: 0.0610  decode.acc_seg: 98.6598  aux.loss_ce: 0.0260  aux.acc_seg: 98.8204
2025/06/15 19:00:37 - mmengine - INFO - Iter(train) [37500/80000]  base_lr: 1.2000e-04 lr: 1.2000e-04  eta: 1:27:57  time: 0.1241  data_time: 0.0075  memory: 1092  grad_norm: 8.5757  loss: 0.1313  decode.loss_ce: 0.0888  decode.acc_seg: 98.3467  aux.loss_ce: 0.0425  aux.acc_seg: 98.4183
2025/06/15 19:00:43 - mmengine - INFO - Iter(train) [37550/80000]  base_lr: 1.2000e-04 lr: 1.2000e-04  eta: 1:27:51  time: 0.1272  data_time: 0.0082  memory: 1092  grad_norm: 2.4382  loss: 0.1019  decode.loss_ce: 0.0622  decode.acc_seg: 99.1433  aux.loss_ce: 0.0397  aux.acc_seg: 98.5504
2025/06/15 19:00:50 - mmengine - INFO - Iter(train) [37600/80000]  base_lr: 1.2000e-04 lr: 1.2000e-04  eta: 1:27:45  time: 0.1239  data_time: 0.0075  memory: 1092  grad_norm: 3.6571  loss: 0.1071  decode.loss_ce: 0.0756  decode.acc_seg: 96.2187  aux.loss_ce: 0.0315  aux.acc_seg: 96.0376
2025/06/15 19:00:56 - mmengine - INFO - Iter(train) [37650/80000]  base_lr: 1.2000e-04 lr: 1.2000e-04  eta: 1:27:39  time: 0.1243  data_time: 0.0075  memory: 1092  grad_norm: 9.0685  loss: 0.1954  decode.loss_ce: 0.1282  decode.acc_seg: 98.3519  aux.loss_ce: 0.0672  aux.acc_seg: 98.3717
2025/06/15 19:01:03 - mmengine - INFO - Iter(train) [37700/80000]  base_lr: 1.2000e-04 lr: 1.2000e-04  eta: 1:27:33  time: 0.1245  data_time: 0.0072  memory: 1092  grad_norm: 5.5659  loss: 0.1797  decode.loss_ce: 0.1249  decode.acc_seg: 97.9752  aux.loss_ce: 0.0548  aux.acc_seg: 97.2398
2025/06/15 19:01:09 - mmengine - INFO - Iter(train) [37750/80000]  base_lr: 1.2000e-04 lr: 1.2000e-04  eta: 1:27:27  time: 0.1240  data_time: 0.0074  memory: 1092  grad_norm: 2.5170  loss: 0.0890  decode.loss_ce: 0.0603  decode.acc_seg: 97.8938  aux.loss_ce: 0.0287  aux.acc_seg: 96.2081
2025/06/15 19:01:15 - mmengine - INFO - Iter(train) [37800/80000]  base_lr: 1.2000e-04 lr: 1.2000e-04  eta: 1:27:21  time: 0.1189  data_time: 0.0072  memory: 1092  grad_norm: 4.5602  loss: 0.1421  decode.loss_ce: 0.1042  decode.acc_seg: 95.1031  aux.loss_ce: 0.0379  aux.acc_seg: 94.2252
2025/06/15 19:01:22 - mmengine - INFO - Iter(train) [37850/80000]  base_lr: 1.2000e-04 lr: 1.2000e-04  eta: 1:27:15  time: 0.1443  data_time: 0.0102  memory: 1092  grad_norm: 6.6469  loss: 0.0989  decode.loss_ce: 0.0640  decode.acc_seg: 97.7193  aux.loss_ce: 0.0350  aux.acc_seg: 96.8929
2025/06/15 19:01:28 - mmengine - INFO - Iter(train) [37900/80000]  base_lr: 1.2000e-04 lr: 1.2000e-04  eta: 1:27:09  time: 0.1269  data_time: 0.0071  memory: 1092  grad_norm: 3.8096  loss: 0.1216  decode.loss_ce: 0.0768  decode.acc_seg: 95.7740  aux.loss_ce: 0.0449  aux.acc_seg: 94.6285
2025/06/15 19:01:34 - mmengine - INFO - Iter(train) [37950/80000]  base_lr: 1.2000e-04 lr: 1.2000e-04  eta: 1:27:03  time: 0.1261  data_time: 0.0075  memory: 1092  grad_norm: 4.4621  loss: 0.1160  decode.loss_ce: 0.0753  decode.acc_seg: 99.0961  aux.loss_ce: 0.0406  aux.acc_seg: 99.0233
2025/06/15 19:01:41 - mmengine - INFO - Exp name: U-Net_MobileMamba_20250615_174141
2025/06/15 19:01:41 - mmengine - INFO - Iter(train) [38000/80000]  base_lr: 1.2000e-04 lr: 1.2000e-04  eta: 1:26:57  time: 0.1244  data_time: 0.0073  memory: 1092  grad_norm: 4.3707  loss: 0.0983  decode.loss_ce: 0.0706  decode.acc_seg: 98.4662  aux.loss_ce: 0.0277  aux.acc_seg: 98.3102
2025/06/15 19:01:47 - mmengine - INFO - Iter(train) [38050/80000]  base_lr: 1.2000e-04 lr: 1.2000e-04  eta: 1:26:52  time: 0.1412  data_time: 0.0077  memory: 1092  grad_norm: 1.2929  loss: 0.0707  decode.loss_ce: 0.0471  decode.acc_seg: 98.4025  aux.loss_ce: 0.0237  aux.acc_seg: 98.5753
2025/06/15 19:01:54 - mmengine - INFO - Iter(train) [38100/80000]  base_lr: 1.2000e-04 lr: 1.2000e-04  eta: 1:26:45  time: 0.1257  data_time: 0.0074  memory: 1092  grad_norm: 8.0806  loss: 0.1891  decode.loss_ce: 0.1306  decode.acc_seg: 97.8969  aux.loss_ce: 0.0585  aux.acc_seg: 98.4163
2025/06/15 19:02:00 - mmengine - INFO - Iter(train) [38150/80000]  base_lr: 1.2000e-04 lr: 1.2000e-04  eta: 1:26:39  time: 0.1225  data_time: 0.0072  memory: 1092  grad_norm: 1.5358  loss: 0.0832  decode.loss_ce: 0.0566  decode.acc_seg: 98.0338  aux.loss_ce: 0.0267  aux.acc_seg: 97.7400
2025/06/15 19:02:07 - mmengine - INFO - Iter(train) [38200/80000]  base_lr: 1.2000e-04 lr: 1.2000e-04  eta: 1:26:34  time: 0.1290  data_time: 0.0076  memory: 1092  grad_norm: 3.7227  loss: 0.1411  decode.loss_ce: 0.0975  decode.acc_seg: 86.7950  aux.loss_ce: 0.0437  aux.acc_seg: 88.0069
2025/06/15 19:02:13 - mmengine - INFO - Iter(train) [38250/80000]  base_lr: 1.2000e-04 lr: 1.2000e-04  eta: 1:26:28  time: 0.1243  data_time: 0.0071  memory: 1092  grad_norm: 1.3525  loss: 0.0907  decode.loss_ce: 0.0626  decode.acc_seg: 97.1537  aux.loss_ce: 0.0281  aux.acc_seg: 95.9252
2025/06/15 19:02:19 - mmengine - INFO - Iter(train) [38300/80000]  base_lr: 1.2000e-04 lr: 1.2000e-04  eta: 1:26:21  time: 0.1269  data_time: 0.0076  memory: 1092  grad_norm: 8.3173  loss: 0.0942  decode.loss_ce: 0.0641  decode.acc_seg: 94.4612  aux.loss_ce: 0.0300  aux.acc_seg: 94.6615
2025/06/15 19:02:26 - mmengine - INFO - Iter(train) [38350/80000]  base_lr: 1.2000e-04 lr: 1.2000e-04  eta: 1:26:16  time: 0.1242  data_time: 0.0074  memory: 1092  grad_norm: 4.2619  loss: 0.1079  decode.loss_ce: 0.0788  decode.acc_seg: 98.7578  aux.loss_ce: 0.0291  aux.acc_seg: 98.7630
2025/06/15 19:02:32 - mmengine - INFO - Iter(train) [38400/80000]  base_lr: 1.2000e-04 lr: 1.2000e-04  eta: 1:26:10  time: 0.1242  data_time: 0.0072  memory: 1092  grad_norm: 4.0683  loss: 0.1246  decode.loss_ce: 0.0825  decode.acc_seg: 98.2181  aux.loss_ce: 0.0421  aux.acc_seg: 98.2111
2025/06/15 19:02:39 - mmengine - INFO - Iter(train) [38450/80000]  base_lr: 1.2000e-04 lr: 1.2000e-04  eta: 1:26:03  time: 0.1244  data_time: 0.0074  memory: 1092  grad_norm: 2.1089  loss: 0.0832  decode.loss_ce: 0.0535  decode.acc_seg: 97.2957  aux.loss_ce: 0.0298  aux.acc_seg: 96.8513
2025/06/15 19:02:45 - mmengine - INFO - Iter(train) [38500/80000]  base_lr: 1.2000e-04 lr: 1.2000e-04  eta: 1:25:57  time: 0.1482  data_time: 0.0080  memory: 1092  grad_norm: 1.2945  loss: 0.0796  decode.loss_ce: 0.0500  decode.acc_seg: 97.7432  aux.loss_ce: 0.0296  aux.acc_seg: 97.6582
2025/06/15 19:02:51 - mmengine - INFO - Iter(train) [38550/80000]  base_lr: 1.2000e-04 lr: 1.2000e-04  eta: 1:25:51  time: 0.1215  data_time: 0.0075  memory: 1092  grad_norm: 10.5030  loss: 0.1236  decode.loss_ce: 0.0845  decode.acc_seg: 95.4626  aux.loss_ce: 0.0391  aux.acc_seg: 95.6684
2025/06/15 19:02:58 - mmengine - INFO - Iter(train) [38600/80000]  base_lr: 1.2000e-04 lr: 1.2000e-04  eta: 1:25:45  time: 0.1265  data_time: 0.0072  memory: 1092  grad_norm: 3.4393  loss: 0.0860  decode.loss_ce: 0.0609  decode.acc_seg: 98.9166  aux.loss_ce: 0.0251  aux.acc_seg: 98.9449
2025/06/15 19:03:04 - mmengine - INFO - Iter(train) [38650/80000]  base_lr: 1.2000e-04 lr: 1.2000e-04  eta: 1:25:39  time: 0.1179  data_time: 0.0074  memory: 1092  grad_norm: 4.3175  loss: 0.1128  decode.loss_ce: 0.0788  decode.acc_seg: 98.4034  aux.loss_ce: 0.0340  aux.acc_seg: 98.0539
2025/06/15 19:03:10 - mmengine - INFO - Iter(train) [38700/80000]  base_lr: 1.2000e-04 lr: 1.2000e-04  eta: 1:25:33  time: 0.1263  data_time: 0.0073  memory: 1092  grad_norm: 4.6284  loss: 0.1061  decode.loss_ce: 0.0701  decode.acc_seg: 95.1623  aux.loss_ce: 0.0360  aux.acc_seg: 90.9239
2025/06/15 19:03:16 - mmengine - INFO - Iter(train) [38750/80000]  base_lr: 1.2000e-04 lr: 1.2000e-04  eta: 1:25:27  time: 0.1248  data_time: 0.0076  memory: 1092  grad_norm: 1.2498  loss: 0.0859  decode.loss_ce: 0.0616  decode.acc_seg: 95.1478  aux.loss_ce: 0.0243  aux.acc_seg: 96.2876
2025/06/15 19:03:23 - mmengine - INFO - Iter(train) [38800/80000]  base_lr: 1.2000e-04 lr: 1.2000e-04  eta: 1:25:20  time: 0.1252  data_time: 0.0076  memory: 1092  grad_norm: 6.1606  loss: 0.1009  decode.loss_ce: 0.0634  decode.acc_seg: 96.7972  aux.loss_ce: 0.0375  aux.acc_seg: 94.7927
2025/06/15 19:03:29 - mmengine - INFO - Iter(train) [38850/80000]  base_lr: 1.2000e-04 lr: 1.2000e-04  eta: 1:25:14  time: 0.1254  data_time: 0.0072  memory: 1092  grad_norm: 5.7247  loss: 0.1395  decode.loss_ce: 0.0918  decode.acc_seg: 97.7145  aux.loss_ce: 0.0477  aux.acc_seg: 96.1627
2025/06/15 19:03:36 - mmengine - INFO - Iter(train) [38900/80000]  base_lr: 1.2000e-04 lr: 1.2000e-04  eta: 1:25:09  time: 0.1324  data_time: 0.0076  memory: 1092  grad_norm: 4.5609  loss: 0.1347  decode.loss_ce: 0.0905  decode.acc_seg: 98.8699  aux.loss_ce: 0.0442  aux.acc_seg: 98.8682
2025/06/15 19:03:42 - mmengine - INFO - Iter(train) [38950/80000]  base_lr: 1.2000e-04 lr: 1.2000e-04  eta: 1:25:03  time: 0.1264  data_time: 0.0076  memory: 1092  grad_norm: 3.4608  loss: 0.1510  decode.loss_ce: 0.1050  decode.acc_seg: 98.4950  aux.loss_ce: 0.0460  aux.acc_seg: 98.4519
2025/06/15 19:03:49 - mmengine - INFO - Exp name: U-Net_MobileMamba_20250615_174141
2025/06/15 19:03:49 - mmengine - INFO - Iter(train) [39000/80000]  base_lr: 1.2000e-04 lr: 1.2000e-04  eta: 1:24:57  time: 0.1271  data_time: 0.0075  memory: 1092  grad_norm: 4.1549  loss: 0.0930  decode.loss_ce: 0.0611  decode.acc_seg: 96.4420  aux.loss_ce: 0.0319  aux.acc_seg: 96.8696
2025/06/15 19:03:55 - mmengine - INFO - Iter(train) [39050/80000]  base_lr: 1.2000e-04 lr: 1.2000e-04  eta: 1:24:50  time: 0.1235  data_time: 0.0074  memory: 1092  grad_norm: 4.3924  loss: 0.1002  decode.loss_ce: 0.0678  decode.acc_seg: 98.0065  aux.loss_ce: 0.0324  aux.acc_seg: 98.0585
2025/06/15 19:04:01 - mmengine - INFO - Iter(train) [39100/80000]  base_lr: 1.2000e-04 lr: 1.2000e-04  eta: 1:24:44  time: 0.1208  data_time: 0.0075  memory: 1092  grad_norm: 2.6346  loss: 0.0784  decode.loss_ce: 0.0532  decode.acc_seg: 98.3989  aux.loss_ce: 0.0252  aux.acc_seg: 98.5869
2025/06/15 19:04:07 - mmengine - INFO - Iter(train) [39150/80000]  base_lr: 1.2000e-04 lr: 1.2000e-04  eta: 1:24:38  time: 0.1275  data_time: 0.0079  memory: 1092  grad_norm: 5.3734  loss: 0.1404  decode.loss_ce: 0.0883  decode.acc_seg: 96.3243  aux.loss_ce: 0.0521  aux.acc_seg: 95.9384
2025/06/15 19:04:14 - mmengine - INFO - Iter(train) [39200/80000]  base_lr: 1.2000e-04 lr: 1.2000e-04  eta: 1:24:32  time: 0.1258  data_time: 0.0071  memory: 1092  grad_norm: 1.9796  loss: 0.0781  decode.loss_ce: 0.0541  decode.acc_seg: 98.8273  aux.loss_ce: 0.0240  aux.acc_seg: 98.7387
2025/06/15 19:04:20 - mmengine - INFO - Iter(train) [39250/80000]  base_lr: 1.2000e-04 lr: 1.2000e-04  eta: 1:24:26  time: 0.1329  data_time: 0.0105  memory: 1092  grad_norm: 1.7319  loss: 0.0667  decode.loss_ce: 0.0459  decode.acc_seg: 97.5810  aux.loss_ce: 0.0208  aux.acc_seg: 97.1922
2025/06/15 19:04:27 - mmengine - INFO - Iter(train) [39300/80000]  base_lr: 1.2000e-04 lr: 1.2000e-04  eta: 1:24:20  time: 0.1271  data_time: 0.0075  memory: 1092  grad_norm: 2.1013  loss: 0.0804  decode.loss_ce: 0.0539  decode.acc_seg: 97.3880  aux.loss_ce: 0.0264  aux.acc_seg: 96.4522
2025/06/15 19:04:33 - mmengine - INFO - Iter(train) [39350/80000]  base_lr: 1.2000e-04 lr: 1.2000e-04  eta: 1:24:14  time: 0.1260  data_time: 0.0076  memory: 1092  grad_norm: 4.5727  loss: 0.1468  decode.loss_ce: 0.0901  decode.acc_seg: 97.9436  aux.loss_ce: 0.0567  aux.acc_seg: 95.9980
2025/06/15 19:04:40 - mmengine - INFO - Iter(train) [39400/80000]  base_lr: 1.2000e-04 lr: 1.2000e-04  eta: 1:24:09  time: 0.1274  data_time: 0.0075  memory: 1092  grad_norm: 5.8165  loss: 0.1370  decode.loss_ce: 0.0930  decode.acc_seg: 96.8533  aux.loss_ce: 0.0439  aux.acc_seg: 93.5568
2025/06/15 19:04:46 - mmengine - INFO - Iter(train) [39450/80000]  base_lr: 1.2000e-04 lr: 1.2000e-04  eta: 1:24:03  time: 0.1273  data_time: 0.0078  memory: 1092  grad_norm: 2.5501  loss: 0.0882  decode.loss_ce: 0.0630  decode.acc_seg: 97.4028  aux.loss_ce: 0.0252  aux.acc_seg: 97.2243
2025/06/15 19:04:53 - mmengine - INFO - Iter(train) [39500/80000]  base_lr: 1.2000e-04 lr: 1.2000e-04  eta: 1:23:57  time: 0.1245  data_time: 0.0075  memory: 1092  grad_norm: 2.4962  loss: 0.0688  decode.loss_ce: 0.0475  decode.acc_seg: 98.3824  aux.loss_ce: 0.0213  aux.acc_seg: 98.5501
2025/06/15 19:05:00 - mmengine - INFO - Iter(train) [39550/80000]  base_lr: 1.2000e-04 lr: 1.2000e-04  eta: 1:23:51  time: 0.1272  data_time: 0.0077  memory: 1092  grad_norm: 2.4646  loss: 0.1122  decode.loss_ce: 0.0795  decode.acc_seg: 98.3202  aux.loss_ce: 0.0328  aux.acc_seg: 98.4857
2025/06/15 19:05:06 - mmengine - INFO - Iter(train) [39600/80000]  base_lr: 1.2000e-04 lr: 1.2000e-04  eta: 1:23:45  time: 0.1577  data_time: 0.0148  memory: 1092  grad_norm: 3.4632  loss: 0.1081  decode.loss_ce: 0.0836  decode.acc_seg: 98.6563  aux.loss_ce: 0.0245  aux.acc_seg: 98.8297
2025/06/15 19:05:12 - mmengine - INFO - Iter(train) [39650/80000]  base_lr: 1.2000e-04 lr: 1.2000e-04  eta: 1:23:39  time: 0.1079  data_time: 0.0071  memory: 1092  grad_norm: 12.6559  loss: 0.1365  decode.loss_ce: 0.0915  decode.acc_seg: 97.5256  aux.loss_ce: 0.0451  aux.acc_seg: 95.7278
2025/06/15 19:05:18 - mmengine - INFO - Iter(train) [39700/80000]  base_lr: 1.2000e-04 lr: 1.2000e-04  eta: 1:23:32  time: 0.1079  data_time: 0.0077  memory: 1092  grad_norm: 7.9327  loss: 0.2191  decode.loss_ce: 0.1465  decode.acc_seg: 97.5189  aux.loss_ce: 0.0725  aux.acc_seg: 97.6548
2025/06/15 19:05:23 - mmengine - INFO - Iter(train) [39750/80000]  base_lr: 1.2000e-04 lr: 1.2000e-04  eta: 1:23:25  time: 0.1076  data_time: 0.0077  memory: 1092  grad_norm: 6.1941  loss: 0.1228  decode.loss_ce: 0.0862  decode.acc_seg: 98.7604  aux.loss_ce: 0.0366  aux.acc_seg: 98.7000
2025/06/15 19:05:29 - mmengine - INFO - Iter(train) [39800/80000]  base_lr: 1.2000e-04 lr: 1.2000e-04  eta: 1:23:18  time: 0.1075  data_time: 0.0076  memory: 1092  grad_norm: 5.3460  loss: 0.1142  decode.loss_ce: 0.0762  decode.acc_seg: 94.8314  aux.loss_ce: 0.0379  aux.acc_seg: 93.4076
2025/06/15 19:05:35 - mmengine - INFO - Iter(train) [39850/80000]  base_lr: 1.2000e-04 lr: 1.2000e-04  eta: 1:23:12  time: 0.1258  data_time: 0.0077  memory: 1092  grad_norm: 5.1314  loss: 0.1065  decode.loss_ce: 0.0695  decode.acc_seg: 96.9675  aux.loss_ce: 0.0370  aux.acc_seg: 97.4991
2025/06/15 19:05:41 - mmengine - INFO - Iter(train) [39900/80000]  base_lr: 1.2000e-04 lr: 1.2000e-04  eta: 1:23:06  time: 0.1269  data_time: 0.0078  memory: 1092  grad_norm: 2.0991  loss: 0.0796  decode.loss_ce: 0.0524  decode.acc_seg: 96.9775  aux.loss_ce: 0.0272  aux.acc_seg: 97.2945
2025/06/15 19:05:49 - mmengine - INFO - Iter(train) [39950/80000]  base_lr: 1.2000e-04 lr: 1.2000e-04  eta: 1:23:00  time: 0.1412  data_time: 0.0111  memory: 1092  grad_norm: 4.3161  loss: 0.1321  decode.loss_ce: 0.0973  decode.acc_seg: 98.3568  aux.loss_ce: 0.0349  aux.acc_seg: 97.4579
2025/06/15 19:05:55 - mmengine - INFO - Exp name: U-Net_MobileMamba_20250615_174141
2025/06/15 19:05:55 - mmengine - INFO - Iter(train) [40000/80000]  base_lr: 1.2000e-04 lr: 1.2000e-04  eta: 1:22:54  time: 0.1263  data_time: 0.0075  memory: 1092  grad_norm: 3.1137  loss: 0.1034  decode.loss_ce: 0.0697  decode.acc_seg: 97.6119  aux.loss_ce: 0.0337  aux.acc_seg: 97.8531
2025/06/15 19:05:55 - mmengine - INFO - Saving checkpoint at 40000 iterations
2025/06/15 19:05:57 - mmengine - INFO - Iter(val) [  50/1000]    eta: 0:00:18  time: 0.0179  data_time: 0.0015  memory: 369  
2025/06/15 19:05:58 - mmengine - INFO - Iter(val) [ 100/1000]    eta: 0:00:16  time: 0.0181  data_time: 0.0015  memory: 369  
2025/06/15 19:05:58 - mmengine - INFO - Iter(val) [ 150/1000]    eta: 0:00:15  time: 0.0191  data_time: 0.0018  memory: 369  
2025/06/15 19:05:59 - mmengine - INFO - Iter(val) [ 200/1000]    eta: 0:00:15  time: 0.0185  data_time: 0.0017  memory: 369  
2025/06/15 19:06:00 - mmengine - INFO - Iter(val) [ 250/1000]    eta: 0:00:13  time: 0.0182  data_time: 0.0017  memory: 369  
2025/06/15 19:06:01 - mmengine - INFO - Iter(val) [ 300/1000]    eta: 0:00:12  time: 0.0177  data_time: 0.0015  memory: 369  
2025/06/15 19:06:02 - mmengine - INFO - Iter(val) [ 350/1000]    eta: 0:00:11  time: 0.0176  data_time: 0.0014  memory: 368  
2025/06/15 19:06:03 - mmengine - INFO - Iter(val) [ 400/1000]    eta: 0:00:10  time: 0.0177  data_time: 0.0014  memory: 367  
2025/06/15 19:06:04 - mmengine - INFO - Iter(val) [ 450/1000]    eta: 0:00:10  time: 0.0181  data_time: 0.0016  memory: 369  
2025/06/15 19:06:05 - mmengine - INFO - Iter(val) [ 500/1000]    eta: 0:00:09  time: 0.0176  data_time: 0.0015  memory: 360  
2025/06/15 19:06:06 - mmengine - INFO - Iter(val) [ 550/1000]    eta: 0:00:08  time: 0.0173  data_time: 0.0014  memory: 360  
2025/06/15 19:06:06 - mmengine - INFO - Iter(val) [ 600/1000]    eta: 0:00:07  time: 0.0180  data_time: 0.0015  memory: 369  
2025/06/15 19:06:07 - mmengine - INFO - Iter(val) [ 650/1000]    eta: 0:00:06  time: 0.0175  data_time: 0.0013  memory: 360  
2025/06/15 19:06:08 - mmengine - INFO - Iter(val) [ 700/1000]    eta: 0:00:05  time: 0.0176  data_time: 0.0014  memory: 360  
2025/06/15 19:06:09 - mmengine - INFO - Iter(val) [ 750/1000]    eta: 0:00:04  time: 0.0174  data_time: 0.0014  memory: 360  
2025/06/15 19:06:10 - mmengine - INFO - Iter(val) [ 800/1000]    eta: 0:00:03  time: 0.0175  data_time: 0.0014  memory: 367  
2025/06/15 19:06:11 - mmengine - INFO - Iter(val) [ 850/1000]    eta: 0:00:02  time: 0.0178  data_time: 0.0015  memory: 369  
2025/06/15 19:06:12 - mmengine - INFO - Iter(val) [ 900/1000]    eta: 0:00:01  time: 0.0181  data_time: 0.0017  memory: 369  
2025/06/15 19:06:13 - mmengine - INFO - Iter(val) [ 950/1000]    eta: 0:00:00  time: 0.0175  data_time: 0.0013  memory: 367  
2025/06/15 19:06:14 - mmengine - INFO - Iter(val) [1000/1000]    eta: 0:00:00  time: 0.0174  data_time: 0.0013  memory: 373  
2025/06/15 19:06:14 - mmengine - INFO - per class results:
2025/06/15 19:06:14 - mmengine - INFO - 
+------------+-------+-------+
|   Class    |  IoU  |  Acc  |
+------------+-------+-------+
| background | 98.27 | 99.08 |
|   polyp    | 90.71 | 95.38 |
+------------+-------+-------+
2025/06/15 19:06:14 - mmengine - INFO - Iter(val) [1000/1000]    aAcc: 98.5200  mIoU: 94.4900  mAcc: 97.2300  data_time: 0.0015  time: 0.0179
2025/06/15 19:06:20 - mmengine - INFO - Iter(train) [40050/80000]  base_lr: 1.2000e-04 lr: 1.2000e-04  eta: 1:22:48  time: 0.1264  data_time: 0.0086  memory: 1092  grad_norm: 4.7532  loss: 0.1388  decode.loss_ce: 0.0971  decode.acc_seg: 98.6674  aux.loss_ce: 0.0417  aux.acc_seg: 98.4410
2025/06/15 19:06:26 - mmengine - INFO - Iter(train) [40100/80000]  base_lr: 1.2000e-04 lr: 1.2000e-04  eta: 1:22:42  time: 0.1281  data_time: 0.0090  memory: 1092  grad_norm: 1.5674  loss: 0.0896  decode.loss_ce: 0.0619  decode.acc_seg: 98.1972  aux.loss_ce: 0.0277  aux.acc_seg: 98.6739
2025/06/15 19:06:33 - mmengine - INFO - Iter(train) [40150/80000]  base_lr: 1.2000e-04 lr: 1.2000e-04  eta: 1:22:36  time: 0.1281  data_time: 0.0082  memory: 1092  grad_norm: 3.9166  loss: 0.1144  decode.loss_ce: 0.0832  decode.acc_seg: 98.5153  aux.loss_ce: 0.0312  aux.acc_seg: 98.6469
2025/06/15 19:06:39 - mmengine - INFO - Iter(train) [40200/80000]  base_lr: 1.1999e-04 lr: 1.1999e-04  eta: 1:22:30  time: 0.1268  data_time: 0.0087  memory: 1092  grad_norm: 2.3142  loss: 0.1027  decode.loss_ce: 0.0669  decode.acc_seg: 98.6474  aux.loss_ce: 0.0357  aux.acc_seg: 98.7663
2025/06/15 19:06:45 - mmengine - INFO - Iter(train) [40250/80000]  base_lr: 1.1999e-04 lr: 1.1999e-04  eta: 1:22:24  time: 0.1282  data_time: 0.0087  memory: 1092  grad_norm: 8.4026  loss: 0.1440  decode.loss_ce: 0.0871  decode.acc_seg: 98.3099  aux.loss_ce: 0.0569  aux.acc_seg: 98.5157
2025/06/15 19:06:52 - mmengine - INFO - Iter(train) [40300/80000]  base_lr: 1.1998e-04 lr: 1.1998e-04  eta: 1:22:18  time: 0.1284  data_time: 0.0088  memory: 1092  grad_norm: 7.6985  loss: 0.1836  decode.loss_ce: 0.1266  decode.acc_seg: 94.4338  aux.loss_ce: 0.0570  aux.acc_seg: 97.4746
2025/06/15 19:06:58 - mmengine - INFO - Iter(train) [40350/80000]  base_lr: 1.1998e-04 lr: 1.1998e-04  eta: 1:22:11  time: 0.1189  data_time: 0.0082  memory: 1092  grad_norm: 3.9708  loss: 0.1388  decode.loss_ce: 0.0913  decode.acc_seg: 97.7482  aux.loss_ce: 0.0475  aux.acc_seg: 98.1261
2025/06/15 19:07:04 - mmengine - INFO - Iter(train) [40400/80000]  base_lr: 1.1997e-04 lr: 1.1997e-04  eta: 1:22:05  time: 0.1269  data_time: 0.0082  memory: 1092  grad_norm: 2.1848  loss: 0.0716  decode.loss_ce: 0.0498  decode.acc_seg: 98.7754  aux.loss_ce: 0.0218  aux.acc_seg: 98.7762
2025/06/15 19:07:10 - mmengine - INFO - Iter(train) [40450/80000]  base_lr: 1.1996e-04 lr: 1.1996e-04  eta: 1:21:59  time: 0.1260  data_time: 0.0085  memory: 1092  grad_norm: 2.3144  loss: 0.0855  decode.loss_ce: 0.0587  decode.acc_seg: 98.4940  aux.loss_ce: 0.0268  aux.acc_seg: 98.7194
2025/06/15 19:07:17 - mmengine - INFO - Iter(train) [40500/80000]  base_lr: 1.1995e-04 lr: 1.1995e-04  eta: 1:21:53  time: 0.1263  data_time: 0.0082  memory: 1092  grad_norm: 2.9604  loss: 0.0935  decode.loss_ce: 0.0605  decode.acc_seg: 98.1430  aux.loss_ce: 0.0331  aux.acc_seg: 97.7711
2025/06/15 19:07:23 - mmengine - INFO - Iter(train) [40550/80000]  base_lr: 1.1994e-04 lr: 1.1994e-04  eta: 1:21:47  time: 0.1288  data_time: 0.0086  memory: 1092  grad_norm: 12.7855  loss: 0.1509  decode.loss_ce: 0.1092  decode.acc_seg: 97.6835  aux.loss_ce: 0.0417  aux.acc_seg: 97.7482
2025/06/15 19:07:30 - mmengine - INFO - Iter(train) [40600/80000]  base_lr: 1.1993e-04 lr: 1.1993e-04  eta: 1:21:41  time: 0.1274  data_time: 0.0088  memory: 1092  grad_norm: 6.7453  loss: 0.1573  decode.loss_ce: 0.1065  decode.acc_seg: 98.0750  aux.loss_ce: 0.0508  aux.acc_seg: 97.6273
2025/06/15 19:07:36 - mmengine - INFO - Iter(train) [40650/80000]  base_lr: 1.1992e-04 lr: 1.1992e-04  eta: 1:21:35  time: 0.1281  data_time: 0.0088  memory: 1092  grad_norm: 1.8766  loss: 0.0823  decode.loss_ce: 0.0541  decode.acc_seg: 98.3013  aux.loss_ce: 0.0281  aux.acc_seg: 98.3928
2025/06/15 19:07:42 - mmengine - INFO - Iter(train) [40700/80000]  base_lr: 1.1991e-04 lr: 1.1991e-04  eta: 1:21:29  time: 0.1275  data_time: 0.0088  memory: 1092  grad_norm: 5.7616  loss: 0.1169  decode.loss_ce: 0.0757  decode.acc_seg: 95.9013  aux.loss_ce: 0.0412  aux.acc_seg: 96.0438
2025/06/15 19:07:49 - mmengine - INFO - Iter(train) [40750/80000]  base_lr: 1.1990e-04 lr: 1.1990e-04  eta: 1:21:23  time: 0.1273  data_time: 0.0090  memory: 1092  grad_norm: 6.2330  loss: 0.0949  decode.loss_ce: 0.0636  decode.acc_seg: 98.4195  aux.loss_ce: 0.0313  aux.acc_seg: 98.6331
2025/06/15 19:07:55 - mmengine - INFO - Iter(train) [40800/80000]  base_lr: 1.1988e-04 lr: 1.1988e-04  eta: 1:21:16  time: 0.1136  data_time: 0.0088  memory: 1092  grad_norm: 8.1501  loss: 0.1492  decode.loss_ce: 0.1041  decode.acc_seg: 98.0692  aux.loss_ce: 0.0451  aux.acc_seg: 97.9867
2025/06/15 19:08:01 - mmengine - INFO - Iter(train) [40850/80000]  base_lr: 1.1987e-04 lr: 1.1987e-04  eta: 1:21:10  time: 0.1274  data_time: 0.0085  memory: 1092  grad_norm: 1.9783  loss: 0.0755  decode.loss_ce: 0.0524  decode.acc_seg: 98.0366  aux.loss_ce: 0.0231  aux.acc_seg: 98.5422
2025/06/15 19:08:07 - mmengine - INFO - Iter(train) [40900/80000]  base_lr: 1.1985e-04 lr: 1.1985e-04  eta: 1:21:04  time: 0.1279  data_time: 0.0088  memory: 1092  grad_norm: 8.3192  loss: 0.1741  decode.loss_ce: 0.1226  decode.acc_seg: 98.2457  aux.loss_ce: 0.0514  aux.acc_seg: 96.8921
2025/06/15 19:08:14 - mmengine - INFO - Iter(train) [40950/80000]  base_lr: 1.1983e-04 lr: 1.1983e-04  eta: 1:20:58  time: 0.1276  data_time: 0.0087  memory: 1092  grad_norm: 7.2910  loss: 0.1510  decode.loss_ce: 0.0985  decode.acc_seg: 98.2003  aux.loss_ce: 0.0525  aux.acc_seg: 97.7200
2025/06/15 19:08:20 - mmengine - INFO - Exp name: U-Net_MobileMamba_20250615_174141
2025/06/15 19:08:20 - mmengine - INFO - Iter(train) [41000/80000]  base_lr: 1.1982e-04 lr: 1.1982e-04  eta: 1:20:51  time: 0.1264  data_time: 0.0088  memory: 1092  grad_norm: 9.0833  loss: 0.2384  decode.loss_ce: 0.1736  decode.acc_seg: 98.0664  aux.loss_ce: 0.0648  aux.acc_seg: 97.6041
2025/06/15 19:08:26 - mmengine - INFO - Iter(train) [41050/80000]  base_lr: 1.1980e-04 lr: 1.1980e-04  eta: 1:20:45  time: 0.1278  data_time: 0.0087  memory: 1092  grad_norm: 6.2214  loss: 0.1269  decode.loss_ce: 0.0845  decode.acc_seg: 99.1237  aux.loss_ce: 0.0424  aux.acc_seg: 99.0643
2025/06/15 19:08:32 - mmengine - INFO - Iter(train) [41100/80000]  base_lr: 1.1978e-04 lr: 1.1978e-04  eta: 1:20:39  time: 0.1286  data_time: 0.0090  memory: 1092  grad_norm: 4.5296  loss: 0.1062  decode.loss_ce: 0.0731  decode.acc_seg: 93.3305  aux.loss_ce: 0.0331  aux.acc_seg: 93.2121
2025/06/15 19:08:39 - mmengine - INFO - Iter(train) [41150/80000]  base_lr: 1.1976e-04 lr: 1.1976e-04  eta: 1:20:33  time: 0.1270  data_time: 0.0092  memory: 1092  grad_norm: 6.7880  loss: 0.1372  decode.loss_ce: 0.0901  decode.acc_seg: 98.8032  aux.loss_ce: 0.0471  aux.acc_seg: 98.8204
2025/06/15 19:08:45 - mmengine - INFO - Iter(train) [41200/80000]  base_lr: 1.1973e-04 lr: 1.1973e-04  eta: 1:20:27  time: 0.1268  data_time: 0.0083  memory: 1092  grad_norm: 1.5557  loss: 0.0769  decode.loss_ce: 0.0528  decode.acc_seg: 97.6667  aux.loss_ce: 0.0241  aux.acc_seg: 97.7265
2025/06/15 19:08:51 - mmengine - INFO - Iter(train) [41250/80000]  base_lr: 1.1971e-04 lr: 1.1971e-04  eta: 1:20:21  time: 0.1253  data_time: 0.0085  memory: 1092  grad_norm: 3.4871  loss: 0.0701  decode.loss_ce: 0.0460  decode.acc_seg: 97.8600  aux.loss_ce: 0.0241  aux.acc_seg: 97.5669
2025/06/15 19:08:58 - mmengine - INFO - Iter(train) [41300/80000]  base_lr: 1.1969e-04 lr: 1.1969e-04  eta: 1:20:15  time: 0.1248  data_time: 0.0081  memory: 1092  grad_norm: 7.6767  loss: 0.1358  decode.loss_ce: 0.0962  decode.acc_seg: 98.4062  aux.loss_ce: 0.0396  aux.acc_seg: 98.7351
2025/06/15 19:09:04 - mmengine - INFO - Iter(train) [41350/80000]  base_lr: 1.1966e-04 lr: 1.1966e-04  eta: 1:20:08  time: 0.1261  data_time: 0.0081  memory: 1092  grad_norm: 6.3054  loss: 0.1180  decode.loss_ce: 0.0829  decode.acc_seg: 97.5783  aux.loss_ce: 0.0351  aux.acc_seg: 97.3688
2025/06/15 19:09:10 - mmengine - INFO - Iter(train) [41400/80000]  base_lr: 1.1964e-04 lr: 1.1964e-04  eta: 1:20:02  time: 0.1265  data_time: 0.0082  memory: 1092  grad_norm: 2.8913  loss: 0.1092  decode.loss_ce: 0.0642  decode.acc_seg: 97.8287  aux.loss_ce: 0.0450  aux.acc_seg: 97.7890
2025/06/15 19:09:17 - mmengine - INFO - Iter(train) [41450/80000]  base_lr: 1.1961e-04 lr: 1.1961e-04  eta: 1:19:56  time: 0.1266  data_time: 0.0086  memory: 1092  grad_norm: 10.5234  loss: 0.1772  decode.loss_ce: 0.1141  decode.acc_seg: 91.1386  aux.loss_ce: 0.0632  aux.acc_seg: 87.4740
2025/06/15 19:09:23 - mmengine - INFO - Iter(train) [41500/80000]  base_lr: 1.1958e-04 lr: 1.1958e-04  eta: 1:19:50  time: 0.1265  data_time: 0.0083  memory: 1092  grad_norm: 3.1991  loss: 0.0877  decode.loss_ce: 0.0603  decode.acc_seg: 97.4124  aux.loss_ce: 0.0274  aux.acc_seg: 97.0021
2025/06/15 19:09:29 - mmengine - INFO - Iter(train) [41550/80000]  base_lr: 1.1956e-04 lr: 1.1956e-04  eta: 1:19:44  time: 0.1272  data_time: 0.0084  memory: 1092  grad_norm: 7.8937  loss: 0.1276  decode.loss_ce: 0.0809  decode.acc_seg: 98.8202  aux.loss_ce: 0.0467  aux.acc_seg: 98.9242
2025/06/15 19:09:36 - mmengine - INFO - Iter(train) [41600/80000]  base_lr: 1.1953e-04 lr: 1.1953e-04  eta: 1:19:38  time: 0.1251  data_time: 0.0085  memory: 1092  grad_norm: 5.4892  loss: 0.1314  decode.loss_ce: 0.0850  decode.acc_seg: 97.9183  aux.loss_ce: 0.0464  aux.acc_seg: 98.3807
2025/06/15 19:09:42 - mmengine - INFO - Iter(train) [41650/80000]  base_lr: 1.1950e-04 lr: 1.1950e-04  eta: 1:19:32  time: 0.1264  data_time: 0.0088  memory: 1092  grad_norm: 1.8838  loss: 0.0750  decode.loss_ce: 0.0501  decode.acc_seg: 96.0389  aux.loss_ce: 0.0249  aux.acc_seg: 95.2447
2025/06/15 19:09:48 - mmengine - INFO - Iter(train) [41700/80000]  base_lr: 1.1947e-04 lr: 1.1947e-04  eta: 1:19:26  time: 0.1261  data_time: 0.0083  memory: 1092  grad_norm: 2.2342  loss: 0.0893  decode.loss_ce: 0.0589  decode.acc_seg: 97.2624  aux.loss_ce: 0.0304  aux.acc_seg: 95.6346
2025/06/15 19:09:55 - mmengine - INFO - Iter(train) [41750/80000]  base_lr: 1.1943e-04 lr: 1.1943e-04  eta: 1:19:19  time: 0.1244  data_time: 0.0085  memory: 1092  grad_norm: 0.6736  loss: 0.0636  decode.loss_ce: 0.0443  decode.acc_seg: 98.5013  aux.loss_ce: 0.0193  aux.acc_seg: 98.7480
2025/06/15 19:10:01 - mmengine - INFO - Iter(train) [41800/80000]  base_lr: 1.1940e-04 lr: 1.1940e-04  eta: 1:19:13  time: 0.1246  data_time: 0.0085  memory: 1092  grad_norm: 2.0809  loss: 0.1034  decode.loss_ce: 0.0695  decode.acc_seg: 97.6524  aux.loss_ce: 0.0340  aux.acc_seg: 97.2942
2025/06/15 19:10:07 - mmengine - INFO - Iter(train) [41850/80000]  base_lr: 1.1937e-04 lr: 1.1937e-04  eta: 1:19:07  time: 0.1125  data_time: 0.0086  memory: 1092  grad_norm: 3.1553  loss: 0.1319  decode.loss_ce: 0.0911  decode.acc_seg: 92.7810  aux.loss_ce: 0.0408  aux.acc_seg: 93.2253
2025/06/15 19:10:13 - mmengine - INFO - Iter(train) [41900/80000]  base_lr: 1.1933e-04 lr: 1.1933e-04  eta: 1:19:01  time: 0.1269  data_time: 0.0085  memory: 1092  grad_norm: 3.9949  loss: 0.1369  decode.loss_ce: 0.0938  decode.acc_seg: 98.9736  aux.loss_ce: 0.0431  aux.acc_seg: 99.1710
2025/06/15 19:10:19 - mmengine - INFO - Iter(train) [41950/80000]  base_lr: 1.1930e-04 lr: 1.1930e-04  eta: 1:18:54  time: 0.1273  data_time: 0.0085  memory: 1092  grad_norm: 9.1668  loss: 0.1199  decode.loss_ce: 0.0853  decode.acc_seg: 97.2735  aux.loss_ce: 0.0346  aux.acc_seg: 96.9471
2025/06/15 19:10:26 - mmengine - INFO - Exp name: U-Net_MobileMamba_20250615_174141
2025/06/15 19:10:26 - mmengine - INFO - Iter(train) [42000/80000]  base_lr: 1.1926e-04 lr: 1.1926e-04  eta: 1:18:48  time: 0.1278  data_time: 0.0088  memory: 1092  grad_norm: 3.3637  loss: 0.0869  decode.loss_ce: 0.0616  decode.acc_seg: 97.8521  aux.loss_ce: 0.0252  aux.acc_seg: 97.9859
2025/06/15 19:10:32 - mmengine - INFO - Iter(train) [42050/80000]  base_lr: 1.1922e-04 lr: 1.1922e-04  eta: 1:18:42  time: 0.1272  data_time: 0.0084  memory: 1092  grad_norm: 6.0966  loss: 0.1404  decode.loss_ce: 0.0975  decode.acc_seg: 98.1080  aux.loss_ce: 0.0429  aux.acc_seg: 98.0007
2025/06/15 19:10:39 - mmengine - INFO - Iter(train) [42100/80000]  base_lr: 1.1919e-04 lr: 1.1919e-04  eta: 1:18:36  time: 0.1303  data_time: 0.0087  memory: 1092  grad_norm: 5.5844  loss: 0.0871  decode.loss_ce: 0.0602  decode.acc_seg: 98.4015  aux.loss_ce: 0.0269  aux.acc_seg: 98.6216
2025/06/15 19:10:45 - mmengine - INFO - Iter(train) [42150/80000]  base_lr: 1.1915e-04 lr: 1.1915e-04  eta: 1:18:30  time: 0.1250  data_time: 0.0087  memory: 1092  grad_norm: 10.1864  loss: 0.1160  decode.loss_ce: 0.0802  decode.acc_seg: 97.9045  aux.loss_ce: 0.0358  aux.acc_seg: 95.5943
2025/06/15 19:10:51 - mmengine - INFO - Iter(train) [42200/80000]  base_lr: 1.1911e-04 lr: 1.1911e-04  eta: 1:18:24  time: 0.1258  data_time: 0.0083  memory: 1092  grad_norm: 6.2870  loss: 0.1219  decode.loss_ce: 0.0819  decode.acc_seg: 92.5626  aux.loss_ce: 0.0401  aux.acc_seg: 92.4561
2025/06/15 19:10:57 - mmengine - INFO - Iter(train) [42250/80000]  base_lr: 1.1907e-04 lr: 1.1907e-04  eta: 1:18:18  time: 0.1275  data_time: 0.0087  memory: 1092  grad_norm: 1.9968  loss: 0.0604  decode.loss_ce: 0.0423  decode.acc_seg: 98.5477  aux.loss_ce: 0.0182  aux.acc_seg: 97.8417
2025/06/15 19:11:04 - mmengine - INFO - Iter(train) [42300/80000]  base_lr: 1.1902e-04 lr: 1.1902e-04  eta: 1:18:12  time: 0.1268  data_time: 0.0085  memory: 1092  grad_norm: 2.5369  loss: 0.0753  decode.loss_ce: 0.0495  decode.acc_seg: 98.2643  aux.loss_ce: 0.0258  aux.acc_seg: 98.5245
2025/06/15 19:11:10 - mmengine - INFO - Iter(train) [42350/80000]  base_lr: 1.1898e-04 lr: 1.1898e-04  eta: 1:18:05  time: 0.1284  data_time: 0.0083  memory: 1092  grad_norm: 1.3630  loss: 0.0772  decode.loss_ce: 0.0535  decode.acc_seg: 98.4681  aux.loss_ce: 0.0237  aux.acc_seg: 98.5207
2025/06/15 19:11:16 - mmengine - INFO - Iter(train) [42400/80000]  base_lr: 1.1894e-04 lr: 1.1894e-04  eta: 1:17:59  time: 0.1261  data_time: 0.0086  memory: 1092  grad_norm: 7.4172  loss: 0.2296  decode.loss_ce: 0.1599  decode.acc_seg: 97.8587  aux.loss_ce: 0.0697  aux.acc_seg: 98.0371
2025/06/15 19:11:23 - mmengine - INFO - Iter(train) [42450/80000]  base_lr: 1.1889e-04 lr: 1.1889e-04  eta: 1:17:53  time: 0.1285  data_time: 0.0090  memory: 1092  grad_norm: 2.2711  loss: 0.1032  decode.loss_ce: 0.0725  decode.acc_seg: 97.7875  aux.loss_ce: 0.0308  aux.acc_seg: 97.0410
2025/06/15 19:11:29 - mmengine - INFO - Iter(train) [42500/80000]  base_lr: 1.1885e-04 lr: 1.1885e-04  eta: 1:17:47  time: 0.1264  data_time: 0.0085  memory: 1092  grad_norm: 3.8996  loss: 0.1124  decode.loss_ce: 0.0717  decode.acc_seg: 98.4879  aux.loss_ce: 0.0407  aux.acc_seg: 98.7773
2025/06/15 19:11:35 - mmengine - INFO - Iter(train) [42550/80000]  base_lr: 1.1880e-04 lr: 1.1880e-04  eta: 1:17:41  time: 0.1268  data_time: 0.0085  memory: 1092  grad_norm: 1.0388  loss: 0.0691  decode.loss_ce: 0.0471  decode.acc_seg: 98.2760  aux.loss_ce: 0.0220  aux.acc_seg: 97.1827
2025/06/15 19:11:42 - mmengine - INFO - Iter(train) [42600/80000]  base_lr: 1.1875e-04 lr: 1.1875e-04  eta: 1:17:35  time: 0.1253  data_time: 0.0087  memory: 1092  grad_norm: 3.4736  loss: 0.1164  decode.loss_ce: 0.0784  decode.acc_seg: 93.6634  aux.loss_ce: 0.0380  aux.acc_seg: 94.0559
2025/06/15 19:11:48 - mmengine - INFO - Iter(train) [42650/80000]  base_lr: 1.1871e-04 lr: 1.1871e-04  eta: 1:17:29  time: 0.1267  data_time: 0.0086  memory: 1092  grad_norm: 9.3300  loss: 0.1230  decode.loss_ce: 0.0873  decode.acc_seg: 98.1907  aux.loss_ce: 0.0358  aux.acc_seg: 96.5228
2025/06/15 19:11:54 - mmengine - INFO - Iter(train) [42700/80000]  base_lr: 1.1866e-04 lr: 1.1866e-04  eta: 1:17:23  time: 0.1269  data_time: 0.0088  memory: 1092  grad_norm: 4.5478  loss: 0.1376  decode.loss_ce: 0.0920  decode.acc_seg: 93.4026  aux.loss_ce: 0.0456  aux.acc_seg: 94.1722
2025/06/15 19:12:01 - mmengine - INFO - Iter(train) [42750/80000]  base_lr: 1.1861e-04 lr: 1.1861e-04  eta: 1:17:16  time: 0.1277  data_time: 0.0086  memory: 1092  grad_norm: 15.0867  loss: 0.2314  decode.loss_ce: 0.1733  decode.acc_seg: 98.7356  aux.loss_ce: 0.0581  aux.acc_seg: 99.1489
2025/06/15 19:12:07 - mmengine - INFO - Iter(train) [42800/80000]  base_lr: 1.1856e-04 lr: 1.1856e-04  eta: 1:17:10  time: 0.1224  data_time: 0.0092  memory: 1092  grad_norm: 4.6443  loss: 0.1653  decode.loss_ce: 0.1131  decode.acc_seg: 92.4438  aux.loss_ce: 0.0522  aux.acc_seg: 92.5188
2025/06/15 19:12:13 - mmengine - INFO - Iter(train) [42850/80000]  base_lr: 1.1850e-04 lr: 1.1850e-04  eta: 1:17:04  time: 0.1252  data_time: 0.0085  memory: 1092  grad_norm: 3.6819  loss: 0.1020  decode.loss_ce: 0.0724  decode.acc_seg: 98.9655  aux.loss_ce: 0.0296  aux.acc_seg: 99.0820
2025/06/15 19:12:20 - mmengine - INFO - Iter(train) [42900/80000]  base_lr: 1.1845e-04 lr: 1.1845e-04  eta: 1:16:58  time: 0.1274  data_time: 0.0084  memory: 1092  grad_norm: 2.2635  loss: 0.0816  decode.loss_ce: 0.0549  decode.acc_seg: 98.6283  aux.loss_ce: 0.0266  aux.acc_seg: 97.7407
2025/06/15 19:12:26 - mmengine - INFO - Iter(train) [42950/80000]  base_lr: 1.1840e-04 lr: 1.1840e-04  eta: 1:16:52  time: 0.1268  data_time: 0.0084  memory: 1092  grad_norm: 4.6080  loss: 0.1286  decode.loss_ce: 0.0939  decode.acc_seg: 97.9833  aux.loss_ce: 0.0347  aux.acc_seg: 97.8373
2025/06/15 19:12:33 - mmengine - INFO - Exp name: U-Net_MobileMamba_20250615_174141
2025/06/15 19:12:33 - mmengine - INFO - Iter(train) [43000/80000]  base_lr: 1.1834e-04 lr: 1.1834e-04  eta: 1:16:46  time: 0.1274  data_time: 0.0082  memory: 1092  grad_norm: 9.9286  loss: 0.2646  decode.loss_ce: 0.1794  decode.acc_seg: 95.7055  aux.loss_ce: 0.0851  aux.acc_seg: 95.3786
2025/06/15 19:12:39 - mmengine - INFO - Iter(train) [43050/80000]  base_lr: 1.1829e-04 lr: 1.1829e-04  eta: 1:16:40  time: 0.1268  data_time: 0.0087  memory: 1092  grad_norm: 8.0214  loss: 0.1753  decode.loss_ce: 0.1256  decode.acc_seg: 97.9787  aux.loss_ce: 0.0496  aux.acc_seg: 97.5028
2025/06/15 19:12:45 - mmengine - INFO - Iter(train) [43100/80000]  base_lr: 1.1823e-04 lr: 1.1823e-04  eta: 1:16:34  time: 0.1270  data_time: 0.0082  memory: 1092  grad_norm: 3.5721  loss: 0.1189  decode.loss_ce: 0.0785  decode.acc_seg: 98.2056  aux.loss_ce: 0.0405  aux.acc_seg: 98.5628
2025/06/15 19:12:52 - mmengine - INFO - Iter(train) [43150/80000]  base_lr: 1.1817e-04 lr: 1.1817e-04  eta: 1:16:28  time: 0.1274  data_time: 0.0085  memory: 1092  grad_norm: 3.1833  loss: 0.0951  decode.loss_ce: 0.0613  decode.acc_seg: 97.3562  aux.loss_ce: 0.0339  aux.acc_seg: 96.0166
2025/06/15 19:12:58 - mmengine - INFO - Iter(train) [43200/80000]  base_lr: 1.1812e-04 lr: 1.1812e-04  eta: 1:16:22  time: 0.1275  data_time: 0.0087  memory: 1092  grad_norm: 7.3505  loss: 0.1348  decode.loss_ce: 0.0990  decode.acc_seg: 94.3243  aux.loss_ce: 0.0358  aux.acc_seg: 94.4499
2025/06/15 19:13:04 - mmengine - INFO - Iter(train) [43250/80000]  base_lr: 1.1806e-04 lr: 1.1806e-04  eta: 1:16:15  time: 0.1262  data_time: 0.0086  memory: 1092  grad_norm: 7.4145  loss: 0.1362  decode.loss_ce: 0.1049  decode.acc_seg: 89.2036  aux.loss_ce: 0.0312  aux.acc_seg: 90.9406
2025/06/15 19:13:11 - mmengine - INFO - Iter(train) [43300/80000]  base_lr: 1.1800e-04 lr: 1.1800e-04  eta: 1:16:09  time: 0.1280  data_time: 0.0084  memory: 1092  grad_norm: 6.6881  loss: 0.1307  decode.loss_ce: 0.0910  decode.acc_seg: 98.9635  aux.loss_ce: 0.0397  aux.acc_seg: 99.1241
2025/06/15 19:13:17 - mmengine - INFO - Iter(train) [43350/80000]  base_lr: 1.1794e-04 lr: 1.1794e-04  eta: 1:16:03  time: 0.1118  data_time: 0.0085  memory: 1092  grad_norm: 4.4083  loss: 0.1226  decode.loss_ce: 0.0848  decode.acc_seg: 97.8376  aux.loss_ce: 0.0378  aux.acc_seg: 98.0908
2025/06/15 19:13:24 - mmengine - INFO - Iter(train) [43400/80000]  base_lr: 1.1787e-04 lr: 1.1787e-04  eta: 1:15:57  time: 0.1279  data_time: 0.0087  memory: 1092  grad_norm: 2.3370  loss: 0.0958  decode.loss_ce: 0.0616  decode.acc_seg: 97.9480  aux.loss_ce: 0.0342  aux.acc_seg: 97.9937
2025/06/15 19:13:30 - mmengine - INFO - Iter(train) [43450/80000]  base_lr: 1.1781e-04 lr: 1.1781e-04  eta: 1:15:51  time: 0.1274  data_time: 0.0084  memory: 1092  grad_norm: 7.8357  loss: 0.1310  decode.loss_ce: 0.0815  decode.acc_seg: 98.7152  aux.loss_ce: 0.0495  aux.acc_seg: 98.8681
2025/06/15 19:13:36 - mmengine - INFO - Iter(train) [43500/80000]  base_lr: 1.1775e-04 lr: 1.1775e-04  eta: 1:15:45  time: 0.1267  data_time: 0.0087  memory: 1092  grad_norm: 1.5312  loss: 0.0714  decode.loss_ce: 0.0508  decode.acc_seg: 98.0524  aux.loss_ce: 0.0205  aux.acc_seg: 98.0226
2025/06/15 19:13:43 - mmengine - INFO - Iter(train) [43550/80000]  base_lr: 1.1768e-04 lr: 1.1768e-04  eta: 1:15:39  time: 0.1286  data_time: 0.0085  memory: 1092  grad_norm: 10.8922  loss: 0.1388  decode.loss_ce: 0.0945  decode.acc_seg: 92.6107  aux.loss_ce: 0.0443  aux.acc_seg: 89.3863
2025/06/15 19:13:49 - mmengine - INFO - Iter(train) [43600/80000]  base_lr: 1.1762e-04 lr: 1.1762e-04  eta: 1:15:33  time: 0.1232  data_time: 0.0083  memory: 1092  grad_norm: 5.6731  loss: 0.1219  decode.loss_ce: 0.0802  decode.acc_seg: 96.2984  aux.loss_ce: 0.0417  aux.acc_seg: 92.2174
2025/06/15 19:13:55 - mmengine - INFO - Iter(train) [43650/80000]  base_lr: 1.1755e-04 lr: 1.1755e-04  eta: 1:15:27  time: 0.1274  data_time: 0.0085  memory: 1092  grad_norm: 5.9472  loss: 0.2067  decode.loss_ce: 0.1401  decode.acc_seg: 98.0851  aux.loss_ce: 0.0666  aux.acc_seg: 98.2738
2025/06/15 19:14:02 - mmengine - INFO - Iter(train) [43700/80000]  base_lr: 1.1749e-04 lr: 1.1749e-04  eta: 1:15:20  time: 0.1272  data_time: 0.0084  memory: 1092  grad_norm: 2.3835  loss: 0.0936  decode.loss_ce: 0.0583  decode.acc_seg: 98.2125  aux.loss_ce: 0.0353  aux.acc_seg: 98.0266
2025/06/15 19:14:08 - mmengine - INFO - Iter(train) [43750/80000]  base_lr: 1.1742e-04 lr: 1.1742e-04  eta: 1:15:14  time: 0.1260  data_time: 0.0081  memory: 1092  grad_norm: 2.3806  loss: 0.0850  decode.loss_ce: 0.0561  decode.acc_seg: 98.2418  aux.loss_ce: 0.0289  aux.acc_seg: 98.0367
2025/06/15 19:14:14 - mmengine - INFO - Iter(train) [43800/80000]  base_lr: 1.1735e-04 lr: 1.1735e-04  eta: 1:15:08  time: 0.1275  data_time: 0.0083  memory: 1092  grad_norm: 2.5501  loss: 0.0706  decode.loss_ce: 0.0468  decode.acc_seg: 97.7908  aux.loss_ce: 0.0238  aux.acc_seg: 98.0686
2025/06/15 19:14:20 - mmengine - INFO - Iter(train) [43850/80000]  base_lr: 1.1728e-04 lr: 1.1728e-04  eta: 1:15:02  time: 0.1295  data_time: 0.0086  memory: 1092  grad_norm: 5.0335  loss: 0.1032  decode.loss_ce: 0.0658  decode.acc_seg: 98.4414  aux.loss_ce: 0.0374  aux.acc_seg: 98.6826
2025/06/15 19:14:27 - mmengine - INFO - Iter(train) [43900/80000]  base_lr: 1.1721e-04 lr: 1.1721e-04  eta: 1:14:56  time: 0.1259  data_time: 0.0084  memory: 1092  grad_norm: 9.9887  loss: 0.1549  decode.loss_ce: 0.1011  decode.acc_seg: 99.0699  aux.loss_ce: 0.0538  aux.acc_seg: 99.1402
2025/06/15 19:14:33 - mmengine - INFO - Iter(train) [43950/80000]  base_lr: 1.1714e-04 lr: 1.1714e-04  eta: 1:14:49  time: 0.1268  data_time: 0.0085  memory: 1092  grad_norm: 3.3595  loss: 0.1127  decode.loss_ce: 0.0726  decode.acc_seg: 98.7500  aux.loss_ce: 0.0401  aux.acc_seg: 98.6502
2025/06/15 19:14:39 - mmengine - INFO - Exp name: U-Net_MobileMamba_20250615_174141
2025/06/15 19:14:39 - mmengine - INFO - Iter(train) [44000/80000]  base_lr: 1.1706e-04 lr: 1.1706e-04  eta: 1:14:43  time: 0.1323  data_time: 0.0088  memory: 1092  grad_norm: 3.9266  loss: 0.0973  decode.loss_ce: 0.0672  decode.acc_seg: 98.6144  aux.loss_ce: 0.0301  aux.acc_seg: 98.4176
2025/06/15 19:14:46 - mmengine - INFO - Iter(train) [44050/80000]  base_lr: 1.1699e-04 lr: 1.1699e-04  eta: 1:14:37  time: 0.1196  data_time: 0.0087  memory: 1092  grad_norm: 11.0227  loss: 0.1743  decode.loss_ce: 0.1260  decode.acc_seg: 97.0900  aux.loss_ce: 0.0483  aux.acc_seg: 96.9397
2025/06/15 19:14:52 - mmengine - INFO - Iter(train) [44100/80000]  base_lr: 1.1692e-04 lr: 1.1692e-04  eta: 1:14:31  time: 0.1264  data_time: 0.0088  memory: 1092  grad_norm: 8.1502  loss: 0.1935  decode.loss_ce: 0.1430  decode.acc_seg: 96.0590  aux.loss_ce: 0.0505  aux.acc_seg: 88.5241
2025/06/15 19:14:58 - mmengine - INFO - Iter(train) [44150/80000]  base_lr: 1.1684e-04 lr: 1.1684e-04  eta: 1:14:25  time: 0.1266  data_time: 0.0084  memory: 1092  grad_norm: 2.1669  loss: 0.0819  decode.loss_ce: 0.0556  decode.acc_seg: 98.5864  aux.loss_ce: 0.0262  aux.acc_seg: 98.3743
2025/06/15 19:15:05 - mmengine - INFO - Iter(train) [44200/80000]  base_lr: 1.1677e-04 lr: 1.1677e-04  eta: 1:14:19  time: 0.1166  data_time: 0.0087  memory: 1092  grad_norm: 0.9506  loss: 0.0724  decode.loss_ce: 0.0502  decode.acc_seg: 98.6156  aux.loss_ce: 0.0222  aux.acc_seg: 98.4364
2025/06/15 19:15:11 - mmengine - INFO - Iter(train) [44250/80000]  base_lr: 1.1669e-04 lr: 1.1669e-04  eta: 1:14:12  time: 0.1178  data_time: 0.0085  memory: 1092  grad_norm: 3.4455  loss: 0.1009  decode.loss_ce: 0.0647  decode.acc_seg: 96.0550  aux.loss_ce: 0.0362  aux.acc_seg: 94.6228
2025/06/15 19:15:17 - mmengine - INFO - Iter(train) [44300/80000]  base_lr: 1.1661e-04 lr: 1.1661e-04  eta: 1:14:06  time: 0.1275  data_time: 0.0086  memory: 1092  grad_norm: 4.2902  loss: 0.1023  decode.loss_ce: 0.0713  decode.acc_seg: 97.8352  aux.loss_ce: 0.0310  aux.acc_seg: 97.8690
2025/06/15 19:15:23 - mmengine - INFO - Iter(train) [44350/80000]  base_lr: 1.1653e-04 lr: 1.1653e-04  eta: 1:14:00  time: 0.1259  data_time: 0.0083  memory: 1092  grad_norm: 2.2082  loss: 0.0652  decode.loss_ce: 0.0463  decode.acc_seg: 97.5574  aux.loss_ce: 0.0189  aux.acc_seg: 97.6666
2025/06/15 19:15:30 - mmengine - INFO - Iter(train) [44400/80000]  base_lr: 1.1645e-04 lr: 1.1645e-04  eta: 1:13:54  time: 0.1262  data_time: 0.0085  memory: 1092  grad_norm: 3.0627  loss: 0.1453  decode.loss_ce: 0.0962  decode.acc_seg: 98.1723  aux.loss_ce: 0.0491  aux.acc_seg: 94.3117
2025/06/15 19:15:36 - mmengine - INFO - Iter(train) [44450/80000]  base_lr: 1.1637e-04 lr: 1.1637e-04  eta: 1:13:48  time: 0.1317  data_time: 0.0092  memory: 1092  grad_norm: 4.6810  loss: 0.1095  decode.loss_ce: 0.0750  decode.acc_seg: 97.6981  aux.loss_ce: 0.0345  aux.acc_seg: 96.6343
2025/06/15 19:15:43 - mmengine - INFO - Iter(train) [44500/80000]  base_lr: 1.1629e-04 lr: 1.1629e-04  eta: 1:13:42  time: 0.1227  data_time: 0.0088  memory: 1092  grad_norm: 5.9228  loss: 0.1383  decode.loss_ce: 0.1031  decode.acc_seg: 97.6653  aux.loss_ce: 0.0351  aux.acc_seg: 95.8594
2025/06/15 19:15:49 - mmengine - INFO - Iter(train) [44550/80000]  base_lr: 1.1621e-04 lr: 1.1621e-04  eta: 1:13:36  time: 0.1276  data_time: 0.0085  memory: 1092  grad_norm: 5.9658  loss: 0.1279  decode.loss_ce: 0.0841  decode.acc_seg: 98.3110  aux.loss_ce: 0.0438  aux.acc_seg: 95.8581
2025/06/15 19:15:56 - mmengine - INFO - Iter(train) [44600/80000]  base_lr: 1.1613e-04 lr: 1.1613e-04  eta: 1:13:30  time: 0.1257  data_time: 0.0088  memory: 1092  grad_norm: 3.6157  loss: 0.1192  decode.loss_ce: 0.0849  decode.acc_seg: 98.1633  aux.loss_ce: 0.0343  aux.acc_seg: 97.6158
2025/06/15 19:16:02 - mmengine - INFO - Iter(train) [44650/80000]  base_lr: 1.1604e-04 lr: 1.1604e-04  eta: 1:13:24  time: 0.1277  data_time: 0.0083  memory: 1092  grad_norm: 9.1941  loss: 0.2322  decode.loss_ce: 0.1631  decode.acc_seg: 93.1525  aux.loss_ce: 0.0690  aux.acc_seg: 92.9691
2025/06/15 19:16:08 - mmengine - INFO - Iter(train) [44700/80000]  base_lr: 1.1596e-04 lr: 1.1596e-04  eta: 1:13:17  time: 0.1296  data_time: 0.0084  memory: 1092  grad_norm: 7.6808  loss: 0.1702  decode.loss_ce: 0.1210  decode.acc_seg: 95.4821  aux.loss_ce: 0.0493  aux.acc_seg: 95.1499
2025/06/15 19:16:15 - mmengine - INFO - Iter(train) [44750/80000]  base_lr: 1.1587e-04 lr: 1.1587e-04  eta: 1:13:11  time: 0.1258  data_time: 0.0084  memory: 1092  grad_norm: 3.7767  loss: 0.1101  decode.loss_ce: 0.0761  decode.acc_seg: 98.2354  aux.loss_ce: 0.0340  aux.acc_seg: 98.7944
2025/06/15 19:16:21 - mmengine - INFO - Iter(train) [44800/80000]  base_lr: 1.1579e-04 lr: 1.1579e-04  eta: 1:13:05  time: 0.1254  data_time: 0.0079  memory: 1092  grad_norm: 3.0608  loss: 0.1095  decode.loss_ce: 0.0720  decode.acc_seg: 98.5549  aux.loss_ce: 0.0376  aux.acc_seg: 98.7253
2025/06/15 19:16:27 - mmengine - INFO - Iter(train) [44850/80000]  base_lr: 1.1570e-04 lr: 1.1570e-04  eta: 1:12:59  time: 0.1267  data_time: 0.0082  memory: 1092  grad_norm: 1.9490  loss: 0.0738  decode.loss_ce: 0.0516  decode.acc_seg: 97.8603  aux.loss_ce: 0.0221  aux.acc_seg: 97.5819
2025/06/15 19:16:34 - mmengine - INFO - Iter(train) [44900/80000]  base_lr: 1.1561e-04 lr: 1.1561e-04  eta: 1:12:53  time: 0.1265  data_time: 0.0079  memory: 1092  grad_norm: 4.0899  loss: 0.1182  decode.loss_ce: 0.0763  decode.acc_seg: 97.1949  aux.loss_ce: 0.0418  aux.acc_seg: 97.5684
2025/06/15 19:16:40 - mmengine - INFO - Iter(train) [44950/80000]  base_lr: 1.1552e-04 lr: 1.1552e-04  eta: 1:12:47  time: 0.1276  data_time: 0.0080  memory: 1092  grad_norm: 4.6538  loss: 0.0762  decode.loss_ce: 0.0560  decode.acc_seg: 94.0568  aux.loss_ce: 0.0202  aux.acc_seg: 95.3598
2025/06/15 19:16:46 - mmengine - INFO - Exp name: U-Net_MobileMamba_20250615_174141
2025/06/15 19:16:46 - mmengine - INFO - Iter(train) [45000/80000]  base_lr: 1.1543e-04 lr: 1.1543e-04  eta: 1:12:40  time: 0.1262  data_time: 0.0080  memory: 1092  grad_norm: 6.3059  loss: 0.1764  decode.loss_ce: 0.1181  decode.acc_seg: 97.7266  aux.loss_ce: 0.0583  aux.acc_seg: 97.7075
2025/06/15 19:16:52 - mmengine - INFO - Iter(train) [45050/80000]  base_lr: 1.1534e-04 lr: 1.1534e-04  eta: 1:12:34  time: 0.1244  data_time: 0.0079  memory: 1092  grad_norm: 1.9907  loss: 0.0686  decode.loss_ce: 0.0475  decode.acc_seg: 98.3219  aux.loss_ce: 0.0212  aux.acc_seg: 98.2372
2025/06/15 19:16:59 - mmengine - INFO - Iter(train) [45100/80000]  base_lr: 1.1525e-04 lr: 1.1525e-04  eta: 1:12:28  time: 0.1248  data_time: 0.0080  memory: 1092  grad_norm: 4.8265  loss: 0.0868  decode.loss_ce: 0.0592  decode.acc_seg: 98.0142  aux.loss_ce: 0.0276  aux.acc_seg: 98.1563
2025/06/15 19:17:05 - mmengine - INFO - Iter(train) [45150/80000]  base_lr: 1.1516e-04 lr: 1.1516e-04  eta: 1:12:22  time: 0.1278  data_time: 0.0079  memory: 1092  grad_norm: 2.9353  loss: 0.0648  decode.loss_ce: 0.0453  decode.acc_seg: 98.6130  aux.loss_ce: 0.0195  aux.acc_seg: 98.7412
2025/06/15 19:17:11 - mmengine - INFO - Iter(train) [45200/80000]  base_lr: 1.1507e-04 lr: 1.1507e-04  eta: 1:12:16  time: 0.1217  data_time: 0.0081  memory: 1092  grad_norm: 1.9262  loss: 0.0668  decode.loss_ce: 0.0477  decode.acc_seg: 97.3794  aux.loss_ce: 0.0191  aux.acc_seg: 97.3034
2025/06/15 19:17:17 - mmengine - INFO - Iter(train) [45250/80000]  base_lr: 1.1497e-04 lr: 1.1497e-04  eta: 1:12:09  time: 0.1152  data_time: 0.0081  memory: 1092  grad_norm: 1.4300  loss: 0.0741  decode.loss_ce: 0.0533  decode.acc_seg: 98.6290  aux.loss_ce: 0.0208  aux.acc_seg: 97.9045
2025/06/15 19:17:24 - mmengine - INFO - Iter(train) [45300/80000]  base_lr: 1.1488e-04 lr: 1.1488e-04  eta: 1:12:03  time: 0.1264  data_time: 0.0084  memory: 1092  grad_norm: 1.4158  loss: 0.0974  decode.loss_ce: 0.0669  decode.acc_seg: 98.0001  aux.loss_ce: 0.0305  aux.acc_seg: 98.1014
2025/06/15 19:17:30 - mmengine - INFO - Iter(train) [45350/80000]  base_lr: 1.1478e-04 lr: 1.1478e-04  eta: 1:11:57  time: 0.1263  data_time: 0.0083  memory: 1092  grad_norm: 4.8328  loss: 0.1650  decode.loss_ce: 0.1192  decode.acc_seg: 97.1787  aux.loss_ce: 0.0458  aux.acc_seg: 96.9770
2025/06/15 19:17:36 - mmengine - INFO - Iter(train) [45400/80000]  base_lr: 1.1469e-04 lr: 1.1469e-04  eta: 1:11:51  time: 0.1236  data_time: 0.0089  memory: 1092  grad_norm: 7.1957  loss: 0.0999  decode.loss_ce: 0.0631  decode.acc_seg: 98.6194  aux.loss_ce: 0.0368  aux.acc_seg: 98.4843
2025/06/15 19:17:42 - mmengine - INFO - Iter(train) [45450/80000]  base_lr: 1.1459e-04 lr: 1.1459e-04  eta: 1:11:44  time: 0.1254  data_time: 0.0084  memory: 1092  grad_norm: 2.2971  loss: 0.0892  decode.loss_ce: 0.0616  decode.acc_seg: 98.5081  aux.loss_ce: 0.0276  aux.acc_seg: 98.4221
2025/06/15 19:17:49 - mmengine - INFO - Iter(train) [45500/80000]  base_lr: 1.1449e-04 lr: 1.1449e-04  eta: 1:11:38  time: 0.1258  data_time: 0.0084  memory: 1092  grad_norm: 2.9526  loss: 0.1526  decode.loss_ce: 0.1045  decode.acc_seg: 98.6115  aux.loss_ce: 0.0481  aux.acc_seg: 98.3771
2025/06/15 19:17:55 - mmengine - INFO - Iter(train) [45550/80000]  base_lr: 1.1439e-04 lr: 1.1439e-04  eta: 1:11:32  time: 0.1149  data_time: 0.0080  memory: 1092  grad_norm: 2.9411  loss: 0.0949  decode.loss_ce: 0.0668  decode.acc_seg: 98.4461  aux.loss_ce: 0.0281  aux.acc_seg: 96.6903
2025/06/15 19:18:01 - mmengine - INFO - Iter(train) [45600/80000]  base_lr: 1.1429e-04 lr: 1.1429e-04  eta: 1:11:26  time: 0.1205  data_time: 0.0083  memory: 1092  grad_norm: 7.6473  loss: 0.1452  decode.loss_ce: 0.1043  decode.acc_seg: 96.7651  aux.loss_ce: 0.0408  aux.acc_seg: 91.7944
2025/06/15 19:18:07 - mmengine - INFO - Iter(train) [45650/80000]  base_lr: 1.1419e-04 lr: 1.1419e-04  eta: 1:11:20  time: 0.1261  data_time: 0.0082  memory: 1092  grad_norm: 3.6009  loss: 0.0985  decode.loss_ce: 0.0722  decode.acc_seg: 98.6834  aux.loss_ce: 0.0263  aux.acc_seg: 98.9621
2025/06/15 19:18:14 - mmengine - INFO - Iter(train) [45700/80000]  base_lr: 1.1409e-04 lr: 1.1409e-04  eta: 1:11:13  time: 0.1253  data_time: 0.0082  memory: 1092  grad_norm: 3.6599  loss: 0.1166  decode.loss_ce: 0.0818  decode.acc_seg: 98.7551  aux.loss_ce: 0.0348  aux.acc_seg: 98.5377
2025/06/15 19:18:20 - mmengine - INFO - Iter(train) [45750/80000]  base_lr: 1.1399e-04 lr: 1.1399e-04  eta: 1:11:07  time: 0.1275  data_time: 0.0081  memory: 1092  grad_norm: 1.0471  loss: 0.0650  decode.loss_ce: 0.0473  decode.acc_seg: 98.0461  aux.loss_ce: 0.0177  aux.acc_seg: 97.8335
2025/06/15 19:18:27 - mmengine - INFO - Iter(train) [45800/80000]  base_lr: 1.1388e-04 lr: 1.1388e-04  eta: 1:11:01  time: 0.1282  data_time: 0.0082  memory: 1092  grad_norm: 4.9639  loss: 0.1360  decode.loss_ce: 0.0956  decode.acc_seg: 97.2288  aux.loss_ce: 0.0404  aux.acc_seg: 97.1726
2025/06/15 19:18:33 - mmengine - INFO - Iter(train) [45850/80000]  base_lr: 1.1378e-04 lr: 1.1378e-04  eta: 1:10:55  time: 0.1267  data_time: 0.0084  memory: 1092  grad_norm: 6.3457  loss: 0.1294  decode.loss_ce: 0.0821  decode.acc_seg: 98.4529  aux.loss_ce: 0.0473  aux.acc_seg: 98.4265
2025/06/15 19:18:39 - mmengine - INFO - Iter(train) [45900/80000]  base_lr: 1.1367e-04 lr: 1.1367e-04  eta: 1:10:48  time: 0.1112  data_time: 0.0087  memory: 1092  grad_norm: 3.7193  loss: 0.1219  decode.loss_ce: 0.0850  decode.acc_seg: 93.1863  aux.loss_ce: 0.0369  aux.acc_seg: 93.6105
2025/06/15 19:18:45 - mmengine - INFO - Iter(train) [45950/80000]  base_lr: 1.1357e-04 lr: 1.1357e-04  eta: 1:10:42  time: 0.1275  data_time: 0.0086  memory: 1092  grad_norm: 4.9229  loss: 0.1539  decode.loss_ce: 0.1084  decode.acc_seg: 99.2269  aux.loss_ce: 0.0455  aux.acc_seg: 99.0016
2025/06/15 19:18:51 - mmengine - INFO - Exp name: U-Net_MobileMamba_20250615_174141
2025/06/15 19:18:51 - mmengine - INFO - Iter(train) [46000/80000]  base_lr: 1.1346e-04 lr: 1.1346e-04  eta: 1:10:36  time: 0.1147  data_time: 0.0089  memory: 1092  grad_norm: 1.6506  loss: 0.0636  decode.loss_ce: 0.0445  decode.acc_seg: 97.9951  aux.loss_ce: 0.0191  aux.acc_seg: 98.0666
2025/06/15 19:18:57 - mmengine - INFO - Iter(train) [46050/80000]  base_lr: 1.1336e-04 lr: 1.1336e-04  eta: 1:10:29  time: 0.1108  data_time: 0.0083  memory: 1092  grad_norm: 1.7385  loss: 0.0701  decode.loss_ce: 0.0451  decode.acc_seg: 97.9003  aux.loss_ce: 0.0250  aux.acc_seg: 96.6048
2025/06/15 19:19:02 - mmengine - INFO - Iter(train) [46100/80000]  base_lr: 1.1325e-04 lr: 1.1325e-04  eta: 1:10:22  time: 0.1109  data_time: 0.0085  memory: 1092  grad_norm: 3.8466  loss: 0.0732  decode.loss_ce: 0.0455  decode.acc_seg: 98.1090  aux.loss_ce: 0.0278  aux.acc_seg: 96.7283
2025/06/15 19:19:08 - mmengine - INFO - Iter(train) [46150/80000]  base_lr: 1.1314e-04 lr: 1.1314e-04  eta: 1:10:16  time: 0.1105  data_time: 0.0084  memory: 1092  grad_norm: 8.2340  loss: 0.1291  decode.loss_ce: 0.0761  decode.acc_seg: 96.0876  aux.loss_ce: 0.0530  aux.acc_seg: 91.6766
2025/06/15 19:19:13 - mmengine - INFO - Iter(train) [46200/80000]  base_lr: 1.1303e-04 lr: 1.1303e-04  eta: 1:10:09  time: 0.1225  data_time: 0.0085  memory: 1092  grad_norm: 9.0893  loss: 0.1888  decode.loss_ce: 0.1290  decode.acc_seg: 94.5292  aux.loss_ce: 0.0599  aux.acc_seg: 94.5443
2025/06/15 19:19:19 - mmengine - INFO - Iter(train) [46250/80000]  base_lr: 1.1292e-04 lr: 1.1292e-04  eta: 1:10:03  time: 0.1118  data_time: 0.0084  memory: 1092  grad_norm: 2.1907  loss: 0.0744  decode.loss_ce: 0.0494  decode.acc_seg: 98.5688  aux.loss_ce: 0.0250  aux.acc_seg: 98.5382
2025/06/15 19:19:25 - mmengine - INFO - Iter(train) [46300/80000]  base_lr: 1.1281e-04 lr: 1.1281e-04  eta: 1:09:56  time: 0.1251  data_time: 0.0086  memory: 1092  grad_norm: 8.5508  loss: 0.1562  decode.loss_ce: 0.0988  decode.acc_seg: 97.2065  aux.loss_ce: 0.0574  aux.acc_seg: 97.1896
2025/06/15 19:19:31 - mmengine - INFO - Iter(train) [46350/80000]  base_lr: 1.1269e-04 lr: 1.1269e-04  eta: 1:09:50  time: 0.1114  data_time: 0.0084  memory: 1092  grad_norm: 2.4704  loss: 0.0791  decode.loss_ce: 0.0525  decode.acc_seg: 94.2452  aux.loss_ce: 0.0266  aux.acc_seg: 93.0422
2025/06/15 19:19:37 - mmengine - INFO - Iter(train) [46400/80000]  base_lr: 1.1258e-04 lr: 1.1258e-04  eta: 1:09:43  time: 0.1128  data_time: 0.0091  memory: 1092  grad_norm: 3.1685  loss: 0.0731  decode.loss_ce: 0.0537  decode.acc_seg: 99.2782  aux.loss_ce: 0.0193  aux.acc_seg: 99.2555
2025/06/15 19:19:42 - mmengine - INFO - Iter(train) [46450/80000]  base_lr: 1.1247e-04 lr: 1.1247e-04  eta: 1:09:36  time: 0.1145  data_time: 0.0088  memory: 1092  grad_norm: 1.5310  loss: 0.0653  decode.loss_ce: 0.0441  decode.acc_seg: 98.3815  aux.loss_ce: 0.0211  aux.acc_seg: 98.3758
2025/06/15 19:19:48 - mmengine - INFO - Iter(train) [46500/80000]  base_lr: 1.1235e-04 lr: 1.1235e-04  eta: 1:09:30  time: 0.1109  data_time: 0.0084  memory: 1092  grad_norm: 5.5447  loss: 0.0723  decode.loss_ce: 0.0470  decode.acc_seg: 97.9704  aux.loss_ce: 0.0253  aux.acc_seg: 98.3498
2025/06/15 19:19:53 - mmengine - INFO - Iter(train) [46550/80000]  base_lr: 1.1224e-04 lr: 1.1224e-04  eta: 1:09:23  time: 0.1104  data_time: 0.0084  memory: 1092  grad_norm: 7.4916  loss: 0.1135  decode.loss_ce: 0.0790  decode.acc_seg: 98.0989  aux.loss_ce: 0.0345  aux.acc_seg: 97.6697
2025/06/15 19:19:59 - mmengine - INFO - Iter(train) [46600/80000]  base_lr: 1.1212e-04 lr: 1.1212e-04  eta: 1:09:16  time: 0.1093  data_time: 0.0081  memory: 1092  grad_norm: 1.0346  loss: 0.0630  decode.loss_ce: 0.0444  decode.acc_seg: 97.2486  aux.loss_ce: 0.0186  aux.acc_seg: 97.2821
2025/06/15 19:20:04 - mmengine - INFO - Iter(train) [46650/80000]  base_lr: 1.1200e-04 lr: 1.1200e-04  eta: 1:09:09  time: 0.1095  data_time: 0.0085  memory: 1092  grad_norm: 3.5978  loss: 0.1017  decode.loss_ce: 0.0665  decode.acc_seg: 96.5665  aux.loss_ce: 0.0352  aux.acc_seg: 95.9715
2025/06/15 19:20:10 - mmengine - INFO - Iter(train) [46700/80000]  base_lr: 1.1189e-04 lr: 1.1189e-04  eta: 1:09:03  time: 0.1128  data_time: 0.0088  memory: 1092  grad_norm: 2.8777  loss: 0.1001  decode.loss_ce: 0.0697  decode.acc_seg: 97.8859  aux.loss_ce: 0.0304  aux.acc_seg: 96.2226
2025/06/15 19:20:16 - mmengine - INFO - Iter(train) [46750/80000]  base_lr: 1.1177e-04 lr: 1.1177e-04  eta: 1:08:56  time: 0.1102  data_time: 0.0087  memory: 1092  grad_norm: 3.0345  loss: 0.0782  decode.loss_ce: 0.0562  decode.acc_seg: 99.1313  aux.loss_ce: 0.0220  aux.acc_seg: 99.0444
2025/06/15 19:20:21 - mmengine - INFO - Iter(train) [46800/80000]  base_lr: 1.1165e-04 lr: 1.1165e-04  eta: 1:08:49  time: 0.1123  data_time: 0.0090  memory: 1092  grad_norm: 4.8639  loss: 0.1355  decode.loss_ce: 0.0861  decode.acc_seg: 93.7846  aux.loss_ce: 0.0494  aux.acc_seg: 93.7641
2025/06/15 19:20:27 - mmengine - INFO - Iter(train) [46850/80000]  base_lr: 1.1153e-04 lr: 1.1153e-04  eta: 1:08:43  time: 0.1125  data_time: 0.0091  memory: 1092  grad_norm: 1.4205  loss: 0.0680  decode.loss_ce: 0.0477  decode.acc_seg: 95.4906  aux.loss_ce: 0.0203  aux.acc_seg: 94.8910
2025/06/15 19:20:32 - mmengine - INFO - Iter(train) [46900/80000]  base_lr: 1.1141e-04 lr: 1.1141e-04  eta: 1:08:36  time: 0.1118  data_time: 0.0088  memory: 1092  grad_norm: 3.4226  loss: 0.0909  decode.loss_ce: 0.0612  decode.acc_seg: 98.8478  aux.loss_ce: 0.0297  aux.acc_seg: 99.0769
2025/06/15 19:20:38 - mmengine - INFO - Iter(train) [46950/80000]  base_lr: 1.1128e-04 lr: 1.1128e-04  eta: 1:08:30  time: 0.1116  data_time: 0.0089  memory: 1092  grad_norm: 5.3509  loss: 0.1241  decode.loss_ce: 0.0832  decode.acc_seg: 97.7075  aux.loss_ce: 0.0409  aux.acc_seg: 97.3702
2025/06/15 19:20:44 - mmengine - INFO - Exp name: U-Net_MobileMamba_20250615_174141
2025/06/15 19:20:44 - mmengine - INFO - Iter(train) [47000/80000]  base_lr: 1.1116e-04 lr: 1.1116e-04  eta: 1:08:23  time: 0.1110  data_time: 0.0088  memory: 1092  grad_norm: 3.9606  loss: 0.0709  decode.loss_ce: 0.0497  decode.acc_seg: 98.8129  aux.loss_ce: 0.0212  aux.acc_seg: 98.3786
2025/06/15 19:20:49 - mmengine - INFO - Iter(train) [47050/80000]  base_lr: 1.1104e-04 lr: 1.1104e-04  eta: 1:08:16  time: 0.1128  data_time: 0.0090  memory: 1092  grad_norm: 2.6897  loss: 0.0944  decode.loss_ce: 0.0621  decode.acc_seg: 96.5583  aux.loss_ce: 0.0322  aux.acc_seg: 95.5100
2025/06/15 19:20:55 - mmengine - INFO - Iter(train) [47100/80000]  base_lr: 1.1091e-04 lr: 1.1091e-04  eta: 1:08:10  time: 0.1140  data_time: 0.0096  memory: 1092  grad_norm: 6.2279  loss: 0.1236  decode.loss_ce: 0.0885  decode.acc_seg: 97.3337  aux.loss_ce: 0.0351  aux.acc_seg: 97.3823
2025/06/15 19:21:01 - mmengine - INFO - Iter(train) [47150/80000]  base_lr: 1.1079e-04 lr: 1.1079e-04  eta: 1:08:03  time: 0.1247  data_time: 0.0093  memory: 1092  grad_norm: 3.2382  loss: 0.1208  decode.loss_ce: 0.0870  decode.acc_seg: 98.8198  aux.loss_ce: 0.0337  aux.acc_seg: 98.8686
2025/06/15 19:21:07 - mmengine - INFO - Iter(train) [47200/80000]  base_lr: 1.1066e-04 lr: 1.1066e-04  eta: 1:07:57  time: 0.1247  data_time: 0.0090  memory: 1092  grad_norm: 1.2296  loss: 0.0732  decode.loss_ce: 0.0534  decode.acc_seg: 98.6751  aux.loss_ce: 0.0197  aux.acc_seg: 98.8422
2025/06/15 19:21:13 - mmengine - INFO - Iter(train) [47250/80000]  base_lr: 1.1054e-04 lr: 1.1054e-04  eta: 1:07:51  time: 0.1298  data_time: 0.0090  memory: 1092  grad_norm: 3.5001  loss: 0.0983  decode.loss_ce: 0.0667  decode.acc_seg: 98.8597  aux.loss_ce: 0.0315  aux.acc_seg: 98.1693
2025/06/15 19:21:20 - mmengine - INFO - Iter(train) [47300/80000]  base_lr: 1.1041e-04 lr: 1.1041e-04  eta: 1:07:45  time: 0.1281  data_time: 0.0086  memory: 1092  grad_norm: 9.3339  loss: 0.1257  decode.loss_ce: 0.0931  decode.acc_seg: 99.1295  aux.loss_ce: 0.0327  aux.acc_seg: 99.1906
2025/06/15 19:21:26 - mmengine - INFO - Iter(train) [47350/80000]  base_lr: 1.1028e-04 lr: 1.1028e-04  eta: 1:07:38  time: 0.1207  data_time: 0.0088  memory: 1092  grad_norm: 1.3205  loss: 0.0522  decode.loss_ce: 0.0362  decode.acc_seg: 98.4881  aux.loss_ce: 0.0160  aux.acc_seg: 98.5976
2025/06/15 19:21:32 - mmengine - INFO - Iter(train) [47400/80000]  base_lr: 1.1015e-04 lr: 1.1015e-04  eta: 1:07:32  time: 0.1212  data_time: 0.0085  memory: 1092  grad_norm: 8.5624  loss: 0.1822  decode.loss_ce: 0.1207  decode.acc_seg: 97.0592  aux.loss_ce: 0.0615  aux.acc_seg: 96.6029
2025/06/15 19:21:39 - mmengine - INFO - Iter(train) [47450/80000]  base_lr: 1.1002e-04 lr: 1.1002e-04  eta: 1:07:26  time: 0.1290  data_time: 0.0089  memory: 1092  grad_norm: 1.3104  loss: 0.0620  decode.loss_ce: 0.0392  decode.acc_seg: 99.2085  aux.loss_ce: 0.0228  aux.acc_seg: 99.3176
2025/06/15 19:21:45 - mmengine - INFO - Iter(train) [47500/80000]  base_lr: 1.0989e-04 lr: 1.0989e-04  eta: 1:07:20  time: 0.1285  data_time: 0.0086  memory: 1092  grad_norm: 2.6859  loss: 0.1009  decode.loss_ce: 0.0672  decode.acc_seg: 98.8277  aux.loss_ce: 0.0337  aux.acc_seg: 98.9550
2025/06/15 19:21:51 - mmengine - INFO - Iter(train) [47550/80000]  base_lr: 1.0976e-04 lr: 1.0976e-04  eta: 1:07:14  time: 0.1286  data_time: 0.0082  memory: 1092  grad_norm: 2.3364  loss: 0.0677  decode.loss_ce: 0.0468  decode.acc_seg: 98.5202  aux.loss_ce: 0.0209  aux.acc_seg: 98.5151
2025/06/15 19:21:57 - mmengine - INFO - Iter(train) [47600/80000]  base_lr: 1.0963e-04 lr: 1.0963e-04  eta: 1:07:08  time: 0.1267  data_time: 0.0087  memory: 1092  grad_norm: 9.6898  loss: 0.1407  decode.loss_ce: 0.1066  decode.acc_seg: 98.5503  aux.loss_ce: 0.0342  aux.acc_seg: 98.3716
2025/06/15 19:22:04 - mmengine - INFO - Iter(train) [47650/80000]  base_lr: 1.0949e-04 lr: 1.0949e-04  eta: 1:07:02  time: 0.1280  data_time: 0.0085  memory: 1092  grad_norm: 5.0383  loss: 0.1058  decode.loss_ce: 0.0669  decode.acc_seg: 97.4573  aux.loss_ce: 0.0389  aux.acc_seg: 94.4083
2025/06/15 19:22:10 - mmengine - INFO - Iter(train) [47700/80000]  base_lr: 1.0936e-04 lr: 1.0936e-04  eta: 1:06:55  time: 0.1269  data_time: 0.0084  memory: 1092  grad_norm: 3.9881  loss: 0.1283  decode.loss_ce: 0.0857  decode.acc_seg: 97.1495  aux.loss_ce: 0.0426  aux.acc_seg: 97.5034
2025/06/15 19:22:17 - mmengine - INFO - Iter(train) [47750/80000]  base_lr: 1.0923e-04 lr: 1.0923e-04  eta: 1:06:49  time: 0.1305  data_time: 0.0119  memory: 1092  grad_norm: 7.9162  loss: 0.1578  decode.loss_ce: 0.1069  decode.acc_seg: 97.0762  aux.loss_ce: 0.0509  aux.acc_seg: 97.0278
2025/06/15 19:22:23 - mmengine - INFO - Iter(train) [47800/80000]  base_lr: 1.0909e-04 lr: 1.0909e-04  eta: 1:06:43  time: 0.1278  data_time: 0.0089  memory: 1092  grad_norm: 8.4259  loss: 0.1710  decode.loss_ce: 0.1095  decode.acc_seg: 99.0261  aux.loss_ce: 0.0615  aux.acc_seg: 98.9655
2025/06/15 19:22:29 - mmengine - INFO - Iter(train) [47850/80000]  base_lr: 1.0896e-04 lr: 1.0896e-04  eta: 1:06:37  time: 0.1303  data_time: 0.0094  memory: 1092  grad_norm: 2.8702  loss: 0.0908  decode.loss_ce: 0.0639  decode.acc_seg: 92.1706  aux.loss_ce: 0.0269  aux.acc_seg: 92.1574
2025/06/15 19:22:36 - mmengine - INFO - Iter(train) [47900/80000]  base_lr: 1.0882e-04 lr: 1.0882e-04  eta: 1:06:31  time: 0.1268  data_time: 0.0084  memory: 1092  grad_norm: 0.5928  loss: 0.0511  decode.loss_ce: 0.0364  decode.acc_seg: 98.0870  aux.loss_ce: 0.0146  aux.acc_seg: 98.2260
2025/06/15 19:22:42 - mmengine - INFO - Iter(train) [47950/80000]  base_lr: 1.0868e-04 lr: 1.0868e-04  eta: 1:06:25  time: 0.1264  data_time: 0.0084  memory: 1092  grad_norm: 1.6783  loss: 0.0671  decode.loss_ce: 0.0451  decode.acc_seg: 98.1875  aux.loss_ce: 0.0220  aux.acc_seg: 98.3711
2025/06/15 19:22:48 - mmengine - INFO - Exp name: U-Net_MobileMamba_20250615_174141
2025/06/15 19:22:48 - mmengine - INFO - Iter(train) [48000/80000]  base_lr: 1.0854e-04 lr: 1.0854e-04  eta: 1:06:19  time: 0.1249  data_time: 0.0084  memory: 1092  grad_norm: 1.5394  loss: 0.0734  decode.loss_ce: 0.0522  decode.acc_seg: 97.1815  aux.loss_ce: 0.0212  aux.acc_seg: 97.9144
2025/06/15 19:22:48 - mmengine - INFO - Saving checkpoint at 48000 iterations
2025/06/15 19:22:50 - mmengine - INFO - Iter(val) [  50/1000]    eta: 0:00:17  time: 0.0171  data_time: 0.0013  memory: 369  
2025/06/15 19:22:51 - mmengine - INFO - Iter(val) [ 100/1000]    eta: 0:00:15  time: 0.0172  data_time: 0.0014  memory: 369  
2025/06/15 19:22:52 - mmengine - INFO - Iter(val) [ 150/1000]    eta: 0:00:14  time: 0.0173  data_time: 0.0014  memory: 369  
2025/06/15 19:22:52 - mmengine - INFO - Iter(val) [ 200/1000]    eta: 0:00:13  time: 0.0174  data_time: 0.0014  memory: 369  
2025/06/15 19:22:53 - mmengine - INFO - Iter(val) [ 250/1000]    eta: 0:00:13  time: 0.0178  data_time: 0.0016  memory: 369  
2025/06/15 19:22:54 - mmengine - INFO - Iter(val) [ 300/1000]    eta: 0:00:12  time: 0.0174  data_time: 0.0016  memory: 369  
2025/06/15 19:22:55 - mmengine - INFO - Iter(val) [ 350/1000]    eta: 0:00:11  time: 0.0173  data_time: 0.0014  memory: 368  
2025/06/15 19:22:56 - mmengine - INFO - Iter(val) [ 400/1000]    eta: 0:00:10  time: 0.0174  data_time: 0.0013  memory: 367  
2025/06/15 19:22:57 - mmengine - INFO - Iter(val) [ 450/1000]    eta: 0:00:09  time: 0.0179  data_time: 0.0017  memory: 369  
2025/06/15 19:22:58 - mmengine - INFO - Iter(val) [ 500/1000]    eta: 0:00:08  time: 0.0171  data_time: 0.0014  memory: 360  
2025/06/15 19:22:59 - mmengine - INFO - Iter(val) [ 550/1000]    eta: 0:00:07  time: 0.0172  data_time: 0.0014  memory: 360  
2025/06/15 19:22:59 - mmengine - INFO - Iter(val) [ 600/1000]    eta: 0:00:06  time: 0.0177  data_time: 0.0016  memory: 369  
2025/06/15 19:23:00 - mmengine - INFO - Iter(val) [ 650/1000]    eta: 0:00:06  time: 0.0172  data_time: 0.0014  memory: 360  
2025/06/15 19:23:01 - mmengine - INFO - Iter(val) [ 700/1000]    eta: 0:00:05  time: 0.0172  data_time: 0.0014  memory: 360  
2025/06/15 19:23:02 - mmengine - INFO - Iter(val) [ 750/1000]    eta: 0:00:04  time: 0.0172  data_time: 0.0014  memory: 360  
2025/06/15 19:23:03 - mmengine - INFO - Iter(val) [ 800/1000]    eta: 0:00:03  time: 0.0173  data_time: 0.0014  memory: 367  
2025/06/15 19:23:04 - mmengine - INFO - Iter(val) [ 850/1000]    eta: 0:00:02  time: 0.0175  data_time: 0.0015  memory: 369  
2025/06/15 19:23:05 - mmengine - INFO - Iter(val) [ 900/1000]    eta: 0:00:01  time: 0.0180  data_time: 0.0015  memory: 369  
2025/06/15 19:23:05 - mmengine - INFO - Iter(val) [ 950/1000]    eta: 0:00:00  time: 0.0172  data_time: 0.0014  memory: 367  
2025/06/15 19:23:06 - mmengine - INFO - Iter(val) [1000/1000]    eta: 0:00:00  time: 0.0174  data_time: 0.0014  memory: 373  
2025/06/15 19:23:06 - mmengine - INFO - per class results:
2025/06/15 19:23:06 - mmengine - INFO - 
+------------+-------+-------+
|   Class    |  IoU  |  Acc  |
+------------+-------+-------+
| background | 98.35 | 99.29 |
|   polyp    | 91.01 | 94.64 |
+------------+-------+-------+
2025/06/15 19:23:06 - mmengine - INFO - Iter(val) [1000/1000]    aAcc: 98.5900  mIoU: 94.6800  mAcc: 96.9600  data_time: 0.0015  time: 0.0174
2025/06/15 19:23:13 - mmengine - INFO - Iter(train) [48050/80000]  base_lr: 1.0840e-04 lr: 1.0840e-04  eta: 1:06:12  time: 0.1260  data_time: 0.0085  memory: 1092  grad_norm: 1.8177  loss: 0.0813  decode.loss_ce: 0.0565  decode.acc_seg: 98.5501  aux.loss_ce: 0.0248  aux.acc_seg: 98.7874
2025/06/15 19:23:19 - mmengine - INFO - Iter(train) [48100/80000]  base_lr: 1.0827e-04 lr: 1.0827e-04  eta: 1:06:06  time: 0.1223  data_time: 0.0084  memory: 1092  grad_norm: 8.1630  loss: 0.2556  decode.loss_ce: 0.1902  decode.acc_seg: 97.5859  aux.loss_ce: 0.0654  aux.acc_seg: 97.6202
2025/06/15 19:23:25 - mmengine - INFO - Iter(train) [48150/80000]  base_lr: 1.0812e-04 lr: 1.0812e-04  eta: 1:06:00  time: 0.1260  data_time: 0.0084  memory: 1092  grad_norm: 7.6106  loss: 0.1581  decode.loss_ce: 0.1054  decode.acc_seg: 95.5842  aux.loss_ce: 0.0526  aux.acc_seg: 95.6184
2025/06/15 19:23:31 - mmengine - INFO - Iter(train) [48200/80000]  base_lr: 1.0798e-04 lr: 1.0798e-04  eta: 1:05:54  time: 0.1257  data_time: 0.0087  memory: 1092  grad_norm: 2.1257  loss: 0.1776  decode.loss_ce: 0.1202  decode.acc_seg: 98.1587  aux.loss_ce: 0.0574  aux.acc_seg: 98.2513
2025/06/15 19:23:38 - mmengine - INFO - Iter(train) [48250/80000]  base_lr: 1.0784e-04 lr: 1.0784e-04  eta: 1:05:48  time: 0.1268  data_time: 0.0084  memory: 1092  grad_norm: 2.4035  loss: 0.0718  decode.loss_ce: 0.0465  decode.acc_seg: 98.3356  aux.loss_ce: 0.0254  aux.acc_seg: 98.2324
2025/06/15 19:23:44 - mmengine - INFO - Iter(train) [48300/80000]  base_lr: 1.0770e-04 lr: 1.0770e-04  eta: 1:05:41  time: 0.1281  data_time: 0.0088  memory: 1092  grad_norm: 2.2047  loss: 0.0789  decode.loss_ce: 0.0553  decode.acc_seg: 98.9064  aux.loss_ce: 0.0236  aux.acc_seg: 98.7843
2025/06/15 19:23:50 - mmengine - INFO - Iter(train) [48350/80000]  base_lr: 1.0756e-04 lr: 1.0756e-04  eta: 1:05:35  time: 0.1275  data_time: 0.0086  memory: 1092  grad_norm: 3.7419  loss: 0.0680  decode.loss_ce: 0.0472  decode.acc_seg: 98.9393  aux.loss_ce: 0.0209  aux.acc_seg: 98.9235
2025/06/15 19:23:57 - mmengine - INFO - Iter(train) [48400/80000]  base_lr: 1.0741e-04 lr: 1.0741e-04  eta: 1:05:29  time: 0.1273  data_time: 0.0090  memory: 1092  grad_norm: 11.7109  loss: 0.1643  decode.loss_ce: 0.1170  decode.acc_seg: 98.6920  aux.loss_ce: 0.0473  aux.acc_seg: 98.6129
2025/06/15 19:24:03 - mmengine - INFO - Iter(train) [48450/80000]  base_lr: 1.0727e-04 lr: 1.0727e-04  eta: 1:05:23  time: 0.1276  data_time: 0.0084  memory: 1092  grad_norm: 2.2705  loss: 0.0772  decode.loss_ce: 0.0494  decode.acc_seg: 99.2078  aux.loss_ce: 0.0278  aux.acc_seg: 98.7781
2025/06/15 19:24:10 - mmengine - INFO - Iter(train) [48500/80000]  base_lr: 1.0712e-04 lr: 1.0712e-04  eta: 1:05:17  time: 0.1275  data_time: 0.0083  memory: 1092  grad_norm: 2.2681  loss: 0.0739  decode.loss_ce: 0.0437  decode.acc_seg: 98.4591  aux.loss_ce: 0.0303  aux.acc_seg: 98.3496
2025/06/15 19:24:16 - mmengine - INFO - Iter(train) [48550/80000]  base_lr: 1.0698e-04 lr: 1.0698e-04  eta: 1:05:11  time: 0.1272  data_time: 0.0085  memory: 1092  grad_norm: 4.2114  loss: 0.1050  decode.loss_ce: 0.0779  decode.acc_seg: 97.7620  aux.loss_ce: 0.0271  aux.acc_seg: 97.8675
2025/06/15 19:24:22 - mmengine - INFO - Iter(train) [48600/80000]  base_lr: 1.0683e-04 lr: 1.0683e-04  eta: 1:05:05  time: 0.1260  data_time: 0.0087  memory: 1092  grad_norm: 6.9382  loss: 0.1092  decode.loss_ce: 0.0683  decode.acc_seg: 98.5634  aux.loss_ce: 0.0409  aux.acc_seg: 98.6271
2025/06/15 19:24:29 - mmengine - INFO - Iter(train) [48650/80000]  base_lr: 1.0668e-04 lr: 1.0668e-04  eta: 1:04:59  time: 0.1340  data_time: 0.0110  memory: 1092  grad_norm: 7.6521  loss: 0.1442  decode.loss_ce: 0.1008  decode.acc_seg: 98.7994  aux.loss_ce: 0.0434  aux.acc_seg: 98.8643
2025/06/15 19:24:35 - mmengine - INFO - Iter(train) [48700/80000]  base_lr: 1.0653e-04 lr: 1.0653e-04  eta: 1:04:53  time: 0.1253  data_time: 0.0087  memory: 1092  grad_norm: 2.7352  loss: 0.0786  decode.loss_ce: 0.0523  decode.acc_seg: 97.8891  aux.loss_ce: 0.0262  aux.acc_seg: 97.8078
2025/06/15 19:24:41 - mmengine - INFO - Iter(train) [48750/80000]  base_lr: 1.0638e-04 lr: 1.0638e-04  eta: 1:04:46  time: 0.1257  data_time: 0.0085  memory: 1092  grad_norm: 5.1736  loss: 0.0797  decode.loss_ce: 0.0544  decode.acc_seg: 96.9965  aux.loss_ce: 0.0253  aux.acc_seg: 96.2791
2025/06/15 19:24:48 - mmengine - INFO - Iter(train) [48800/80000]  base_lr: 1.0623e-04 lr: 1.0623e-04  eta: 1:04:40  time: 0.1296  data_time: 0.0089  memory: 1092  grad_norm: 1.5893  loss: 0.0733  decode.loss_ce: 0.0523  decode.acc_seg: 98.1932  aux.loss_ce: 0.0209  aux.acc_seg: 98.1902
2025/06/15 19:24:54 - mmengine - INFO - Iter(train) [48850/80000]  base_lr: 1.0608e-04 lr: 1.0608e-04  eta: 1:04:34  time: 0.1268  data_time: 0.0085  memory: 1092  grad_norm: 1.6242  loss: 0.0779  decode.loss_ce: 0.0554  decode.acc_seg: 98.1441  aux.loss_ce: 0.0225  aux.acc_seg: 97.6376
2025/06/15 19:25:00 - mmengine - INFO - Iter(train) [48900/80000]  base_lr: 1.0593e-04 lr: 1.0593e-04  eta: 1:04:28  time: 0.1209  data_time: 0.0081  memory: 1092  grad_norm: 9.3363  loss: 0.1145  decode.loss_ce: 0.0769  decode.acc_seg: 98.6235  aux.loss_ce: 0.0376  aux.acc_seg: 98.7903
